EmployeeID,Name,Gender,Department,City,Age,Salary,Email,HireDate
E1000,Ahmed Khan,Male,Sales,Lahore,33,77872,bilal.qureshi@example.com,2022-05-04
E1001,Sara Raza,Female,HR,,26,87694,sara.iqbal@example.com,2020-10-04
E1002,Ahmed Malik,Female,,Lahore,49,85089,ahmed.hussain@example.com,2018-11-09
E1003,Ali Khan,Female,Operations,Karachi,39,60403,hina.qureshi@example.com,2020-06-10
E1004,Sara Khan,Female,Operations,Multan,43,70399,zain.ahmed@example.com,2021-09-19
E1005,Bilal Iqbal,Female,,Faisalabad,48,31240,bilal.hussain@example.com,2021-04-10
E1006,Nida Hussain,Female,Finance,Lahore,31,67783,nida.malik@example.com,2022-07-15
E1007,Ali Sheikh,Female,IT,Lahore,30,43247,omar.malik@example.com,2017-10-30
E1008,Fatima Hussain,Male,,Lahore,39,50283,zain.qureshi@example.com,2015-09-19
E1009,Fatima Malik,Male,Sales,Lahore,35,82810,ayesha.malik@example.com,2017-03-05
E1010,Ahmed Ahmed,Male,,Karachi,27,Rs 73754,ahmed.hussain@example.com,2017-02-16
E1011,Nida Hussain,Male,Marketing,,30,57874,fatima.khan@example.com,2019-12-28
E1012,Hina Malik,Male,HR,Karachi,27,66116,hina.khan@example.com,2021-07-05
E1013,Omar Malik,Male,Marketing,Lahore,31,67641,hina.malik@example.com,2016-03-03
E1014,Nida Ahmed,Female,Finance,Faisalabad,44,33980,ali.sheikh@example.com,2022-01-12
E1015,Ahmed Khan,Male,Operations,Karachi,45,38943,ayesha.raza@example.com,2020-03-21
E1016,Zain Malik,Female,Marketing,Karachi,54,75980,ayeshaahmedexample.com,2017-12-08
E1017,Ahmed Iqbal,Female,Operations,Islamabad,54,30916,omar.malik@example.com,2015-10-05
E1018,Fatima Sheikh,Male,HR,Lahore,55,58086,sara.khan@example.com,07/02/2022
E1019,Sara Hussain,Female,Sales,Multan,34,64070,bilal.iqbal@example.com,22/02/2021
E1020,Ahmed Sheikh,Female,HR,Lahore,32,33980,nida.malik@example.com,2020-11-20
E1021,Sara Sheikh,Male,Finance,Faisalabad,35,79051,bilal.raza@example.com,2015-05-23
E1022,Zain Raza,Male,Sales,,23,82252,zain.khan@example.com,2018-08-27
E1023,Ali Raza,Male,,Faisalabad,52,70823,hina.sheikh@example.com,2022-07-10
E1024,Fatima Iqbal,Male,Finance,Lahore,29,49032,nida.raza@example.com,2022-01-15
E1025,Sara Ahmed,Male,Marketing,Faisalabad,39,69966,sara.sheikh@example.com,2017-02-11
E1026,Hina Iqbal,Male,Operations,Multan,29,65998,zain.malik@example.com,2016-09-04
E1027,Hina Sheikh,Female,Operations,Islamabad,30,32332,ahmed.khan@example.com,2018-06-14
E1028,Sara Hussain,Female,Marketing,Multan,43,49733,ayesha.sheikh@example.com,2019-12-12
E1029,Omar Iqbal,Female,Finance,,51,36297,nida.malik@example.com,2019-03-11
E1030,Ayesha Qureshi,Female,Finance,Faisalabad,23,38116,sara.hussain@example.com,2018-08-03
E1031,Ali Malik,Female,Finance,Faisalabad,48,36240,zain.sheikh@example.com,2020-09-04
E1032,Ayesha Iqbal,Female,Sales,Islamabad,50,47735,ali.ahmed@example.com,2019-10-09
E1033,Omar Iqbal,Male,Operations,Lahore,25,42578,nida.malik@example.com,2017-03-10
E1034,Hina Hussain,Male,Marketing,Multan,51,31370,bilal.raza@example.com,2019-08-18
E1035,Ali Malik,Female,Finance,Multan,53,69410,sara.khan@example.com,2015-12-06
E1036,Bilal Hussain,Female,Operations,Lahore,33,42925,fatima.sheikh@example.com,2022-02-04
E1037,Fatima Malik,Female,Marketing,Faisalabad,41,76673,ali.raza@example.com,2021-06-25
E1038,  Ayesha Qureshi  ,Female,,Lahore,38,33273,ahmed.hussain@example.com,2022-01-22
E1039,Zain Sheikh,Female,Sales,Multan,43,32836,ali.hussain@example.com,2016-03-06
E1040,Ahmed Hussain,Female,Finance,Multan,41,52152,ali.qureshi@example.com,2020-03-02
E1041,Bilal Raza,Male,,Islamabad,52,,fatima.ahmed@example.com,2020-03-19
E1042,Ayesha Khan,Male,HR,Islamabad,42,52327,ali.ahmed@example.com,2019-03-13
E1043,Hina Khan,Female,Operations,Islamabad,50,53360,fatima.ahmed@example.com,2018-03-23
E1044,Fatima Hussain,Male,Sales,Faisalabad,26,35175,zain.hussain@example.com,2022-03-19
E1045,Sara Malik,Female,Operations,Lahore,28,46846,omar.hussain@example.com,2022-10-15
E1046,Hina Malik,Female,Finance,Islamabad,36,80498,ali.qureshi@example.com,2016-08-08
E1047,Bilal Sheikh,Male,HR,Karachi,29,87383,sara.malik@example.com,2021-12-06
E1048,Hina Sheikh,Female,IT,Faisalabad,45,73809,sara.hussain@example.com,2019-06-22
E1049,Nida Iqbal,Female,Sales,Islamabad,48,87044,ahmed.iqbal@example.com,2017-04-14
E1050,Bilal Raza,Female,Finance,,55,77972,bilal.hussain@example.com,21/04/2021
E1051,Omar Ahmed,Female,HR,,53,74976,sara.ahmed@example.com,2022-07-07
E1052,Bilal Qureshi,Male,Marketing,,35,Rs 54381,hina.ahmed@example.com,2022-03-04
E1053,Sara Malik,Male,IT,Multan,29,69491,ahmed.hussain@example.com,2016-12-04
E1054,Nida Raza,Male,Finance,,24,43812,ali.malik@example.com,2018-07-05
E1055,Ali Malik,Female,Marketing,Lahore,30,59669,ayesha.iqbal@example.com,2017-10-20
E1056,Ali Raza,Female,Sales,Multan,41,48670,sara.raza@example.com,2016-08-26
E1057,Ali Ahmed,Male,HR,,32,89224,omar.malik@example.com,2021-10-26
E1058,Sara Hussain,Male,Sales,Karachi,46,85028,sarakhanexample.com,2022-12-30
E1059,Sara Sheikh,Female,Operations,Karachi,40,71656,ali.qureshi@example.com,2017-06-28
E1060,Nida Qureshi,Female,IT,,42,88338,omar.hussain@example.com,2019-04-01
E1061,Hina Iqbal,Male,Marketing,Karachi,49,40176,nida.ahmed@example.com,2020-06-24
E1062,Ahmed Iqbal,Male,HR,Multan,36,89005,ali.khan@example.com,2016-04-01
E1063,Omar Qureshi,Male,IT,,39,56891,ahmed.qureshi@example.com,2020-05-18
E1064,Ali Malik,Male,Operations,Multan,49,,ahmed.malik@example.com,2022-09-11
E1065,Fatima Malik,Female,IT,Karachi,55,83974,hina.sheikh@example.com,2017-03-21
E1066,Sara Qureshi,Female,Sales,Multan,40,81841,ali.hussain@example.com,2017-03-16
E1067,Ayesha Hussain,Male,Finance,Lahore,45,64829,omar.sheikh@example.com,2019-04-13
E1068,Ahmed Qureshi,Female,Sales,Lahore,54,48681,ahmed.qureshi@example.com,2021-01-18
E1069,Bilal Malik,Male,HR,Islamabad,35,65804,sara.ahmed@example.com,2020-03-29
E1070,Bilal Khan,Male,,Islamabad,28,73930,zain.raza@example.com,2021-07-04
E1071,Sara Sheikh,Male,Operations,,22,,ahmed.qureshi@example.com,2015-08-04
E1072,Hina Raza,Male,Sales,Lahore,22,84824,fatima.khan@example.com,2015-09-27
E1073,Ali Sheikh,Male,IT,Karachi,34,36703,ali.sheikh@example.com,2020-06-17
E1074,Omar Hussain,Female,Finance,,44,89631,nidarazaexample.com,2018-07-26
E1075,Hina Hussain,Female,Operations,Multan,44,48503,ahmed.sheikh@example.com,2016-01-24
E1076,Bilal Qureshi,Female,,Lahore,54,36900,nida.malik@example.com,2021-04-29
E1077,Zain Raza,Male,,,52,88519,nida.hussain@example.com,2016-05-20
E1078,Nida Khan,Female,Sales,Karachi,30,84932,omar.ahmed@example.com,2022-10-08
E1079,Ali Khan,Male,Finance,Faisalabad,46,71216,zain.sheikh@example.com,2019-10-31
E1080,Bilal Sheikh,Female,,,34,33169,ayesha.raza@example.com,2020-05-22
E1081,Bilal Malik,Male,Operations,Islamabad,33,74511,alihussainexample.com,2015-04-11
E1082,Ahmed Malik,Female,,Multan,52,68073,sara.sheikh@example.com,2022-06-05
E1083,Sara Iqbal,Female,HR,Islamabad,44,52833,ayesha.ahmed@example.com,2016-11-13
E1084,Nida Raza,Male,,,24,60045,ahmed.khan@example.com,2015-09-11
E1085,Ali Malik,Male,,Islamabad,33,84854,ayesha.hussain@example.com,2019-07-16
E1086,Nida Ahmed,Female,IT,Faisalabad,53,56432,ahmed.ahmed@example.com,2016-12-29
E1087,Sara Ahmed,Male,Sales,Karachi,26,47343,hina.ahmed@example.com,2015-11-13
E1088,Omar Sheikh,Male,Sales,Lahore,31,89581,ahmed.ahmed@example.com,2015-02-28
E1089,Zain Qureshi,Male,Operations,,46,70568,ali.malik@example.com,2022-07-25
E1090,Ahmed Khan,Male,,Faisalabad,41,63058,ali.raza@example.com,2019-05-21
E1091,Nida Malik,Male,Operations,Faisalabad,33,70342,ayesha.malik@example.com,2021-03-08
E1092,Sara Hussain,Male,Operations,Islamabad,29,79456,omar.raza@example.com,2020-01-12
E1093,Fatima Malik,Female,IT,Multan,22,75882,ali.malik@example.com,2020-10-14
E1094,Fatima Hussain,Female,Marketing,Faisalabad,33,82910,fatima.hussain@example.com,2020-03-16
E1095,Bilal Hussain,Male,Marketing,Faisalabad,37,83654,sara.hussain@example.com,2020-11-15
E1096,Bilal Khan,Female,IT,Multan,50,79234,sara.iqbal@example.com,12/08/2022
E1097,Bilal Hussain,Female,,Islamabad,32,50312,ahmed.qureshi@example.com,2015-11-18
E1098,Ahmed Sheikh,Female,Operations,Faisalabad,55,Rs 43934,ahmed.qureshi@example.com,2016-06-10
E1099,Ahmed Sheikh,Male,IT,Faisalabad,23,63341,ahmed.hussain@example.com,2021-03-14
E1100,Nida Raza,Male,Finance,Karachi,53,35520,ahmed.malik@example.com,2022-08-15
E1101,Sara Hussain,Female,Marketing,Karachi,37,56790,nida.hussain@example.com,2018-08-26
E1102,Zain Khan,Male,Sales,,49,44776,nida.khan@example.com,2017-01-01
E1103,  Omar Hussain  ,Male,Operations,Faisalabad,48,48395,omar.qureshi@example.com,2022-01-19
E1104,Fatima Sheikh,Male,,Multan,41,40113,bilal.ahmed@example.com,2016-04-08
E1105,Zain Sheikh,Male,Finance,Islamabad,53,57727,omar.hussain@example.com,2017-02-17
E1106,Bilal Iqbal,Male,Marketing,Islamabad,24,89542,nida.khan@example.com,2016-02-25
E1107,Ahmed Malik,Male,Finance,Karachi,46,42165,omar.malik@example.com,2017-12-03
E1108,Ayesha Khan,Male,Marketing,Faisalabad,42,62547,ali.hussain@example.com,2016-09-16
E1109,Nida Sheikh,Female,IT,Lahore,22,59316,ahmed.malik@example.com,2021-04-02
E1110,Ali Hussain,Male,Sales,Faisalabad,29,78291,sara.raza@example.com,2017-06-21
E1111,Ali Ahmed,Male,Marketing,Lahore,47,57178,ali.malik@example.com,2016-03-04
E1112,Sara Malik,Male,Finance,Karachi,39,33487,sara.raza@example.com,27/11/2017
E1113,Bilal Iqbal,Female,Finance,Karachi,36,57852,sara.raza@example.com,2018-09-26
E1114,Ayesha Raza,Male,IT,Faisalabad,37,32957,hina.raza@example.com,2022-03-03
E1115,  Ayesha Iqbal  ,Male,Operations,Islamabad,44,51940,hina.hussain@example.com,2017-04-06
E1116,Fatima Iqbal,Female,Operations,Faisalabad,48,Rs 51510,bilal.raza@example.com,2017-12-11
E1117,Sara Hussain,Male,HR,Multan,31,81111,hina.hussain@example.com,2019-11-11
E1118,Ahmed Iqbal,Male,Marketing,Multan,34,78468,bilal.ahmed@example.com,2016-11-18
E1119,Hina Raza,Male,Operations,Lahore,43,50273,ayesha.hussain@example.com,2016-12-26
E1120,Hina Ahmed,Female,,,23,71135,hina.ahmed@example.com,2020-12-31
E1121,  Sara Raza  ,Male,HR,Islamabad,33,74422,ahmed.iqbal@example.com,2021-06-21
E1122,Sara Iqbal,Male,Finance,Islamabad,26,50430,bilal.qureshi@example.com,30/05/2021
E1123,Ahmed Hussain,Male,IT,Islamabad,26,85909,zain.iqbal@example.com,2020-07-30
E1124,Bilal Iqbal,Male,Finance,Karachi,29,,zain.khan@example.com,2016-02-25
E1125,Bilal Ahmed,Male,HR,,54,86084,ali.malik@example.com,2017-03-01
E1126,Ahmed Hussain,Female,Finance,,52,58121,zain.malik@example.com,2021-09-24
E1127,Zain Khan,Female,Sales,Karachi,22,85833,hina.khan@example.com,2018-12-14
E1128,Omar Ahmed,Female,HR,,24,73334,zain.qureshi@example.com,2022-05-28
E1129,Fatima Iqbal,Male,HR,,22,65216,ayesha.iqbal@example.com,2020-12-26
E1130,Bilal Malik,Female,Operations,Multan,24,39413,omar.raza@example.com,2022-03-05
E1131,Nida Raza,Male,Operations,Karachi,30,71115,hina.qureshi@example.com,2021-01-03
E1132,Omar Khan,Female,HR,Multan,33,56876,ahmed.ahmed@example.com,2016-08-04
E1133,Bilal Raza,Female,Finance,,30,58524,sara.ahmed@example.com,2018-06-13
E1134,Ahmed Ahmed,Female,Operations,,25,69806,ahmed.raza@example.com,2021-10-31
E1135,Ahmed Hussain,Female,Finance,Lahore,44,80858,nida.raza@example.com,14/03/2021
E1136,Omar Ahmed,Female,HR,Faisalabad,37,89192,ahmed.iqbal@example.com,2021-07-14
E1176,Zain Sheikh,Male,HR,Lahore,30,79660,zain.ahmed@example.com,2020-04-20
E1138,Omar Sheikh,Male,HR,Faisalabad,32,42797,nida.iqbal@example.com,2022-06-05
E1139,Zain Iqbal,Male,Marketing,Islamabad,24,57009,ayesha.hussain@example.com,2018-09-20
E1140,Ali Hussain,Female,Sales,Multan,37,75764,zain.qureshi@example.com,2017-08-23
E1141,Omar Ahmed,Male,Finance,Islamabad,44,82543,ali.malik@example.com,2022-05-24
E1142,Hina Raza,Male,Sales,Karachi,46,71204,ayesha.qureshi@example.com,2020-03-22
E1143,Ayesha Malik,Male,,,25,88845,ali.sheikh@example.com,2017-04-08
E1144,Nida Ahmed,Male,Operations,Multan,55,76751,nida.qureshi@example.com,2016-04-19
E1145,Sara Hussain,Male,HR,Faisalabad,55,83587,ayesha.khan@example.com,2021-03-04
E1146,  Sara Sheikh  ,Male,Finance,Islamabad,23,68150,nida.khan@example.com,2022-05-04
E1147,Sara Qureshi,Female,,Multan,40,52239,sara.iqbal@example.com,2016-07-26
E1148,Ahmed Qureshi,Male,Sales,Multan,49,75162,ali.hussain@example.com,2015-01-06
E1149,Nida Raza,Female,Marketing,Karachi,46,59845,nida.qureshi@example.com,2017-01-19
E1150,Omar Qureshi,Female,IT,Lahore,26,89532,nida.iqbal@example.com,2017-01-06
E1151,Ayesha Khan,Female,Sales,Faisalabad,50,82421,nida.qureshi@example.com,2017-05-19
E1152,Ahmed Iqbal,Female,IT,,29,67898,hina.malik@example.com,2016-01-18
E1153,Bilal Qureshi,Female,,Karachi,22,72290,fatima.qureshi@example.com,2017-03-06
E1154,Sara Malik,Female,,,27,66826,omar.qureshi@example.com,2021-08-03
E1155,Hina Ahmed,Male,,Islamabad,40,79877,ali.khan@example.com,2019-01-17
E1156,Hina Iqbal,Female,Sales,Karachi,52,Rs 30822,ahmed.sheikh@example.com,2022-05-10
E1157,Bilal Qureshi,Female,Operations,,33,37593,bilalkhanexample.com,2019-08-23
E1158,Hina Qureshi,Female,Operations,Faisalabad,38,61673,zain.raza@example.com,2016-12-01
E1159,Sara Hussain,Male,HR,Lahore,51,Rs 42666,bilal.malik@example.com,2018-08-19
E1160,Bilal Qureshi,Female,Finance,Lahore,44,84718,ali.sheikh@example.com,2019-12-24
E1161,Zain Qureshi,Male,Finance,Karachi,28,51508,fatima.raza@example.com,2020-07-09
E1162,Zain Raza,Female,Finance,Islamabad,29,65591,sara.iqbal@example.com,2018-04-12
E1163,Fatima Malik,Female,,Faisalabad,53,67267,nida.hussain@example.com,2020-09-09
E1164,Sara Iqbal,Female,Operations,Karachi,34,70490,ayesha.malik@example.com,2020-01-25
E1165,Sara Malik,Male,Finance,,24,57308,ayesha.raza@example.com,2015-06-11
E1166,Fatima Qureshi,Female,Finance,Multan,47,32812,nida.ahmed@example.com,2015-11-18
E1167,Sara Iqbal,Female,Finance,Faisalabad,48,,nida.qureshi@example.com,2016-06-28
E1168,Nida Khan,Male,,Islamabad,42,58894,omar.ahmed@example.com,2016-12-14
E1169,Nida Iqbal,Female,Finance,Karachi,25,43953,nida.hussain@example.com,2019-01-03
E1170,Fatima Hussain,Female,HR,Karachi,47,31852,bilal.sheikh@example.com,2018-12-12
E1171,Omar Raza,Male,IT,Islamabad,54,49434,ali.raza@example.com,2019-02-23
E1172,Zain Iqbal,Female,Marketing,Multan,55,55472,omar.qureshi@example.com,2016-09-26
E1173,Omar Ahmed,Female,,,54,72094,nida.sheikh@example.com,2019-02-21
E1174,Omar Sheikh,Female,Finance,,45,82404,hina.raza@example.com,2021-06-26
E1175,Ayesha Khan,Female,IT,Lahore,51,Rs 43170,bilal.qureshi@example.com,2017-09-02
E1176,Nida Khan,Female,,Islamabad,49,42702,hina.sheikh@example.com,2018-07-14
E1177,Omar Sheikh,Female,Sales,Lahore,24,71250,bilal.qureshi@example.com,2021-03-22
E1178,Ayesha Khan,Male,Operations,Karachi,33,30843,omar.raza@example.com,2019-12-01
E1179,Fatima Raza,Female,,Lahore,51,31301,hina.hussain@example.com,2019-12-22
E1180,Fatima Iqbal,Male,,Multan,34,50609,omar.raza@example.com,2021-12-03
E1181,Omar Hussain,Female,Marketing,Multan,29,47173,bilal.hussain@example.com,2018-03-22
E1182,Hina Khan,Female,HR,Multan,49,64261,fatima.ahmed@example.com,2017-04-27
E1183,Ali Ahmed,Female,,,23,64730,ayesha.ahmed@example.com,2017-07-07
E1184,Ahmed Khan,Female,,Lahore,37,77239,nida.raza@example.com,2021-06-18
E1185,Sara Raza,Female,,Faisalabad,44,80016,sara.hussain@example.com,2020-10-14
E1186,Nida Sheikh,Female,Operations,Faisalabad,25,34367,saraiqbalexample.com,2017-04-18
E1187,Hina Malik,Male,IT,Multan,31,69214,sara.qureshi@example.com,2017-01-31
E1188,Sara Qureshi,Female,Sales,Lahore,41,75118,fatima.khan@example.com,2015-02-07
E1189,Fatima Sheikh,Male,Finance,Lahore,43,79567,sara.khan@example.com,2022-11-27
E1190,Ahmed Sheikh,Male,IT,Lahore,22,47611,zain.khan@example.com,2021-06-15
E1191,Ahmed Khan,Female,,Multan,47,89341,ayesha.khan@example.com,2017-03-27
E1192,Nida Iqbal,Male,,Multan,34,31525,sara.raza@example.com,28/06/2015
E1193,Sara Malik,Female,HR,Islamabad,30,89429,alihussainexample.com,2017-09-13
E1194,Sara Malik,Male,Finance,Faisalabad,51,38179,hina.hussain@example.com,2015-12-18
E1195,Zain Malik,Female,Marketing,Faisalabad,25,38665,ahmed.iqbal@example.com,2021-01-24
E1196,Nida Khan,Male,HR,Multan,44,75884,ayesha.raza@example.com,2016-09-26
E1197,Omar Ahmed,Male,IT,Faisalabad,31,71948,ayesha.raza@example.com,2021-07-17
E1198,Fatima Khan,Male,Sales,,39,54101,sara.raza@example.com,2021-06-25
E1199,Hina Malik,Female,IT,Karachi,27,44962,fatima.qureshi@example.com,2022-12-08
E1200,Fatima Qureshi,Male,Marketing,,49,37242,hina.hussain@example.com,19/07/2016
E1201,Omar Sheikh,Female,IT,Islamabad,38,56949,fatima.sheikh@example.com,2021-06-11
E1202,Zain Qureshi,Female,Finance,Karachi,42,68363,hina.hussain@example.com,2020-04-12
E1203,Nida Hussain,Male,Marketing,,49,60188,hina.qureshi@example.com,2020-09-10
E1204,Sara Malik,Female,IT,Islamabad,41,43019,zain.raza@example.com,2020-05-14
E1205,Hina Raza,Male,Finance,Multan,46,53073,zain.ahmed@example.com,2018-01-10
E1206,Nida Iqbal,Male,HR,Islamabad,48,55852,sara.ahmed@example.com,2018-12-03
E1207,Hina Ahmed,Female,Finance,Faisalabad,46,59320,zain.iqbal@example.com,2020-07-09
E1208,Sara Ahmed,Male,HR,Karachi,51,Rs 77764,hina.qureshi@example.com,2017-09-03
E1209,Fatima Hussain,Female,Marketing,Faisalabad,47,37503,sara.ahmed@example.com,2016-06-06
E1210,Zain Khan,Male,,Karachi,38,76236,sara.ahmed@example.com,17/01/2021
E1211,Sara Malik,Female,Operations,Faisalabad,48,85621,sara.iqbal@example.com,2018-02-07
E1212,Omar Qureshi,Male,IT,Islamabad,29,43183,bilal.malik@example.com,2017-01-19
E1213,Sara Qureshi,Female,Finance,Islamabad,39,38111,sara.sheikh@example.com,2018-02-12
E1214,Hina Qureshi,Female,Finance,,32,42737,ali.iqbal@example.com,2019-08-20
E1215,Ahmed Hussain,Female,Marketing,,54,35795,ayesha.malik@example.com,2016-08-25
E1216,Sara Hussain,Male,Operations,Lahore,41,88295,fatima.iqbal@example.com,2016-05-01
E1217,Fatima Qureshi,Male,HR,,22,70432,fatima.qureshi@example.com,2017-02-02
E1218,Fatima Iqbal,Male,IT,,23,71938,zain.raza@example.com,2021-05-12
E1219,Bilal Ahmed,Female,HR,Islamabad,22,,fatimaahmedexample.com,2018-05-21
E1220,Hina Hussain,Female,IT,,22,59545,ali.iqbal@example.com,2020-08-14
E1221,Sara Malik,Female,,Islamabad,29,73496,fatima.qureshi@example.com,2022-10-30
E1222,Fatima Malik,Female,IT,,35,46534,fatima.sheikh@example.com,2018-11-10
E1223,Ayesha Raza,Female,Finance,Islamabad,50,75062,zain.iqbal@example.com,2020-09-09
E1224,Hina Hussain,Male,Marketing,Lahore,38,88369,fatima.iqbal@example.com,2021-02-22
E1225,Bilal Hussain,Male,HR,,34,60829,sara.malik@example.com,2019-11-30
E1226,Sara Hussain,Female,Sales,Karachi,50,33647,fatimamalikexample.com,2015-02-24
E1227,  Ayesha Hussain  ,Male,HR,Faisalabad,54,,fatima.iqbal@example.com,2021-07-12
E1228,Bilal Sheikh,Male,IT,Faisalabad,39,32666,bilal.iqbal@example.com,2019-11-28
E1229,Ali Hussain,Male,Finance,Multan,53,50055,hina.raza@example.com,2020-01-31
E1230,Ayesha Qureshi,Female,HR,Karachi,28,51161,ayesha.sheikh@example.com,2017-03-10
E1231,Ali Hussain,Male,Marketing,Faisalabad,23,44803,fatima.raza@example.com,2018-10-01
E1232,Hina Ahmed,Female,,Karachi,52,62296,ahmed.sheikh@example.com,2021-12-27
E1233,Ali Hussain,Male,IT,,37,74098,nida.raza@example.com,2019-12-05
E1234,Hina Malik,Female,Sales,Islamabad,54,87585,fatima.sheikh@example.com,2018-11-13
E1235,Omar Qureshi,Female,Sales,Multan,33,43545,ali.khan@example.com,2022-10-28
E1236,Ali Sheikh,Male,Operations,Multan,34,,ahmed.iqbal@example.com,2016-02-24
E1237,Nida Hussain,Female,IT,Faisalabad,33,79174,fatima.sheikh@example.com,2019-08-26
E1238,Sara Malik,Male,IT,Lahore,31,45897,zain.raza@example.com,2015-10-18
E1239,Omar Raza,Male,IT,Faisalabad,42,41784,zain.iqbal@example.com,2018-08-02
E1240,Omar Qureshi,Male,,Lahore,36,56153,hina.hussain@example.com,2022-03-10
E1241,Zain Iqbal,Female,,Islamabad,36,48555,nida.malik@example.com,2021-06-17
E1242,Nida Khan,Male,,Islamabad,52,32573,zain.hussain@example.com,2017-03-01
E1243,Ahmed Raza,Female,Finance,Faisalabad,49,32768,omar.sheikh@example.com,2017-09-30
E1244,Zain Malik,Male,IT,Faisalabad,32,77484,sara.malik@example.com,2020-01-20
E1245,Ayesha Malik,Male,HR,Multan,31,32875,sara.ahmed@example.com,2021-04-24
E1246,Omar Qureshi,Female,Finance,Lahore,35,69989,sara.hussain@example.com,2022-01-22
E1247,  Hina Hussain  ,Male,Marketing,Karachi,37,30579,zain.iqbal@example.com,2016-12-08
E1248,Zain Hussain,Female,Operations,Faisalabad,39,66338,nida.ahmed@example.com,2019-02-02
E1249,Hina Malik,Female,Sales,,43,36533,ahmed.sheikh@example.com,2018-02-10
E1250,Zain Raza,Male,Operations,Multan,24,64432,ali.hussain@example.com,2022-12-22
E1251,Bilal Raza,Female,Marketing,Islamabad,29,68320,sara.khan@example.com,06/05/2022
E1252,Zain Sheikh,Male,Operations,Karachi,43,87480,fatima.raza@example.com,2020-08-24
E1253,Ayesha Hussain,Male,,Karachi,39,54737,ali.khan@example.com,2019-03-20
E1254,Nida Hussain,Female,Finance,,29,59595,omar.qureshi@example.com,2019-03-05
E1255,Hina Hussain,Female,IT,Faisalabad,52,78713,ali.hussain@example.com,2015-02-06
E1256,Zain Qureshi,Male,HR,,53,54807,zain.ahmed@example.com,2022-12-15
E1257,Nida Khan,Male,HR,Karachi,47,58081,fatima.raza@example.com,2022-03-26
E1258,  Fatima Hussain  ,Female,Finance,Lahore,45,38434,fatima.malik@example.com,2016-12-12
E1259,Sara Khan,Female,,Islamabad,51,31725,hina.hussain@example.com,2021-01-31
E1260,Zain Khan,Male,Finance,,48,30958,ali.iqbal@example.com,2018-01-28
E1261,Ayesha Qureshi,Female,Marketing,Karachi,49,59686,hina.khan@example.com,2017-10-18
E1262,Hina Hussain,Male,HR,Lahore,27,58345,sara.malik@example.com,2017-06-16
E1263,Nida Iqbal,Male,Operations,Multan,24,63264,omar.ahmed@example.com,2018-07-16
E1264,Hina Malik,Female,Sales,Lahore,25,,ali.qureshi@example.com,2015-09-18
E1265,Omar Ahmed,Female,IT,Multan,24,74064,ayesha.sheikh@example.com,2016-05-25
E1266,Ahmed Sheikh,Female,Sales,Faisalabad,23,88962,nida.ahmed@example.com,2021-11-21
E1267,Hina Hussain,Female,Marketing,Lahore,44,52831,ayesha.malik@example.com,2017-08-08
E1268,Omar Khan,Female,Finance,Faisalabad,27,54066,ayesha.raza@example.com,2022-08-03
E1269,Fatima Hussain,Male,Sales,Lahore,29,61416,bilal.qureshi@example.com,2015-07-11
E1270,Omar Khan,Female,,Islamabad,55,33079,fatima.ahmed@example.com,2017-11-28
E1271,Bilal Qureshi,Female,Sales,,46,65647,bilal.hussain@example.com,2017-07-01
E1272,Sara Ahmed,Male,Sales,Faisalabad,32,Rs 80865,sara.sheikh@example.com,2022-12-15
E1273,Hina Qureshi,Male,Sales,,39,85178,bilal.qureshi@example.com,2018-06-08
E1274,Sara Hussain,Female,HR,Multan,53,47300,nida.khan@example.com,2018-08-04
E1275,Zain Qureshi,Male,Marketing,Faisalabad,37,45229,fatima.iqbal@example.com,2015-01-08
E1276,  Hina Malik  ,Male,,Multan,35,Rs 37861,ayesha.khan@example.com,2019-06-19
E1277,Nida Raza,Male,Marketing,Lahore,35,83900,bilal.raza@example.com,2020-04-14
E1278,Zain Khan,Male,HR,Lahore,41,Rs 65107,bilal.qureshi@example.com,2022-09-23
E1279,Ahmed Raza,Male,HR,Islamabad,54,Rs 76890,hina.ahmed@example.com,2020-03-29
E1280,Ahmed Qureshi,Female,Sales,Lahore,27,44424,omar.qureshi@example.com,2022-08-18
E1281,Ayesha Qureshi,Male,Finance,Faisalabad,40,76081,ahmed.ahmed@example.com,2017-08-24
E1282,Zain Hussain,Male,Sales,,25,53638,bilal.hussain@example.com,2016-05-03
E1283,Hina Qureshi,Female,Sales,,30,79981,ahmed.hussain@example.com,2015-05-13
E1284,Bilal Sheikh,Female,Operations,Karachi,47,31889,nida.iqbal@example.com,2015-11-03
E1285,Nida Sheikh,Male,IT,Karachi,46,41886,fatima.malik@example.com,2016-06-03
E1286,Zain Iqbal,Male,IT,Islamabad,36,45707,nida.khan@example.com,2021-07-21
E1287,Bilal Hussain,Male,Finance,Islamabad,27,51989,fatima.malik@example.com,2020-08-14
E1288,Zain Hussain,Female,,Lahore,42,64442,ayesha.khan@example.com,2019-10-13
E1289,Nida Qureshi,Male,Finance,Karachi,44,49648,saraahmedexample.com,2017-10-13
E1290,Hina Qureshi,Male,Sales,Faisalabad,44,44169,bilal.raza@example.com,2019-01-07
E1291,Bilal Iqbal,Female,IT,Faisalabad,55,30543,bilaliqbalexample.com,2018-08-28
E1292,Fatima Raza,Female,Operations,Karachi,25,88845,hina.hussain@example.com,2017-07-31
E1293,Sara Iqbal,Female,HR,Faisalabad,23,81779,omar.hussain@example.com,2020-03-04
E1294,Omar Khan,Male,Operations,,54,75137,sara.ahmed@example.com,2020-12-17
E1295,Hina Iqbal,Male,HR,,52,46887,bilal.sheikh@example.com,2015-12-01
E1296,Ayesha Qureshi,Male,,Islamabad,45,59101,hinakhanexample.com,22/01/2018
E1297,Ayesha Ahmed,Male,IT,Islamabad,53,66313,omar.sheikh@example.com,2020-06-20
E1298,Hina Malik,Male,HR,Islamabad,43,82599,ayesha.khan@example.com,2018-02-21
E1299,Hina Khan,Male,Operations,Lahore,51,81589,zainahmedexample.com,2021-01-03
E1300,Omar Sheikh,Male,IT,Faisalabad,43,63729,omar.sheikh@example.com,2016-08-31
E1301,Zain Ahmed,Female,,Karachi,28,37048,omar.hussain@example.com,27/05/2020
E1302,Omar Malik,Female,Finance,Karachi,35,,nida.malik@example.com,2015-12-01
E1303,Bilal Iqbal,Female,IT,Multan,29,41331,nida.ahmed@example.com,2019-10-25
E1304,Hina Khan,Female,Operations,Faisalabad,54,43267,hina.qureshi@example.com,2021-03-14
E1305,Sara Hussain,Female,Operations,Faisalabad,36,52712,zain.khan@example.com,2019-06-22
E1306,Ahmed Iqbal,Female,Finance,Lahore,30,80209,nida.qureshi@example.com,2017-07-16
E1307,Ahmed Qureshi,Male,IT,Islamabad,34,77800,ayesha.khan@example.com,2022-01-14
E1308,  Zain Khan  ,Female,Sales,,53,66030,sara.hussain@example.com,2022-04-24
E1309,Ali Hussain,Female,HR,Multan,25,55177,sara.sheikh@example.com,2020-05-30
E1310,Omar Sheikh,Female,,,39,47045,bilal.iqbal@example.com,2015-09-19
E1311,Omar Sheikh,Female,Finance,Islamabad,39,66153,ahmed.ahmed@example.com,2015-08-04
E1312,Ahmed Iqbal,Female,Operations,Karachi,38,80535,ayesha.malik@example.com,2017-07-19
E1313,Sara Qureshi,Male,IT,Islamabad,46,51423,omar.qureshi@example.com,2018-07-18
E1314,Ayesha Raza,Female,Sales,Lahore,42,38500,ahmed.qureshi@example.com,2016-12-31
E1315,Zain Qureshi,Male,Marketing,Multan,23,48125,zain.hussain@example.com,2016-08-21
E1316,Ali Qureshi,Female,Marketing,Islamabad,28,32089,nida.khan@example.com,2015-08-20
E1317,Bilal Sheikh,Female,IT,Karachi,34,89469,ahmed.raza@example.com,2022-05-20
E1318,Fatima Hussain,Male,IT,Faisalabad,27,62303,zain.ahmed@example.com,2021-08-14
E1319,Omar Hussain,Male,,Karachi,37,85536,bilal.hussain@example.com,2016-11-22
E1320,Zain Raza,Female,Finance,Lahore,54,55136,omar.malik@example.com,2021-02-21
E1321,Hina Malik,Male,Sales,Karachi,45,43988,ayesha.hussain@example.com,2021-08-22
E1322,Nida Ahmed,Female,IT,Faisalabad,41,44347,zain.raza@example.com,2020-03-28
E1323,Zain Khan,Female,Marketing,Islamabad,28,37288,bilal.raza@example.com,2021-09-05
E1324,  Omar Hussain  ,Male,Operations,,41,48171,ali.hussain@example.com,2021-07-20
E1325,Ali Qureshi,Female,Sales,Lahore,33,53458,bilal.malik@example.com,2020-02-25
E1326,Zain Raza,Male,Finance,,36,67878,bilal.ahmed@example.com,2019-03-18
E1327,Fatima Raza,Female,Marketing,,32,49556,ahmed.sheikh@example.com,2016-08-22
E1328,Nida Hussain,Female,HR,Lahore,47,36638,bilal.iqbal@example.com,2016-05-16
E1329,Ayesha Malik,Male,Sales,Multan,39,69193,nida.qureshi@example.com,2017-08-04
E1330,Ali Hussain,Female,Marketing,Faisalabad,42,75254,ali.khan@example.com,2018-05-30
E1331,Ali Ahmed,Male,,Multan,51,39248,ali.qureshi@example.com,21/11/2022
E1332,Ahmed Hussain,Male,Sales,Multan,24,84521,zain.khan@example.com,2016-11-16
E1333,Omar Sheikh,Male,HR,Multan,26,63491,ayesha.iqbal@example.com,2018-01-30
E1334,Bilal Ahmed,Female,Sales,Islamabad,52,37182,ayesha.ahmed@example.com,2015-11-12
E1335,Zain Sheikh,Male,,Islamabad,50,Rs 68811,ahmed.qureshi@example.com,2016-06-26
E1336,Hina Hussain,Female,,Lahore,37,42932,nida.raza@example.com,2016-03-13
E1337,Fatima Malik,Female,Finance,Lahore,36,31331,hina.malik@example.com,2018-01-19
E1338,Ahmed Sheikh,Female,Finance,Islamabad,53,46089,sara.khan@example.com,2017-08-20
E1339,Sara Iqbal,Female,Operations,Karachi,24,42023,bilal.ahmed@example.com,2019-04-18
E1340,Bilal Ahmed,Female,HR,,26,89625,ali.ahmed@example.com,2022-04-11
E1341,Omar Khan,Male,Marketing,Islamabad,25,65413,zain.khan@example.com,2015-10-22
E1342,Ahmed Qureshi,Female,,Multan,49,36725,ayesha.sheikh@example.com,2020-12-21
E1343,Zain Iqbal,Male,HR,,45,55595,ahmed.ahmed@example.com,2021-11-23
E1344,Fatima Malik,Female,Marketing,,34,78801,ahmed.sheikh@example.com,2021-12-25
E1345,Hina Khan,Female,Marketing,Multan,47,34236,bilal.qureshi@example.com,2022-06-14
E1346,Bilal Ahmed,Female,Marketing,,24,47590,fatima.qureshi@example.com,2019-05-28
E1347,Sara Malik,Male,Operations,Lahore,44,58937,ayesha.hussain@example.com,2022-06-23
E1348,Hina Hussain,Female,Marketing,,40,43274,fatima.sheikh@example.com,2020-10-28
E1349,  Ahmed Sheikh  ,Female,HR,Karachi,53,42999,nida.malik@example.com,2015-01-09
E1350,Ali Hussain,Male,Operations,Multan,27,56316,ahmed.ahmed@example.com,2017-03-03
E1351,Ahmed Malik,Female,Operations,Multan,33,60449,ali.ahmed@example.com,2021-05-19
E1352,Bilal Sheikh,Female,Operations,Karachi,52,81175,ali.ahmed@example.com,17/08/2016
E1353,Fatima Iqbal,Female,Marketing,Karachi,36,67600,omarahmedexample.com,2015-07-06
E1354,Ayesha Iqbal,Male,Finance,Multan,27,45106,ayesha.raza@example.com,2020-05-01
E1355,Hina Iqbal,Female,,Lahore,24,80468,zainmalikexample.com,2016-12-14
E1356,Zain Khan,Female,Finance,Islamabad,31,32402,sara.qureshi@example.com,2016-04-22
E1357,Sara Qureshi,Male,HR,Karachi,46,76758,ali.sheikh@example.com,2015-06-28
E1358,Sara Ahmed,Male,HR,Islamabad,32,88124,hina.hussain@example.com,2021-06-17
E1359,Fatima Ahmed,Male,IT,Multan,52,66387,fatima.hussain@example.com,2015-11-11
E1360,Zain Raza,Female,,Islamabad,51,67130,bilal.khan@example.com,2020-09-08
E1361,Hina Malik,Female,HR,Lahore,42,43914,zain.hussain@example.com,2016-04-05
E1362,Nida Khan,Male,Operations,Islamabad,48,85788,bilal.khan@example.com,2019-07-12
E1363,Fatima Raza,Female,Marketing,Lahore,22,82047,zain.khan@example.com,2019-05-04
E1364,Nida Raza,Male,Operations,Multan,49,49017,ayesha.iqbal@example.com,2018-04-16
E1365,Bilal Raza,Female,HR,,23,,hina.sheikh@example.com,2021-08-12
E1366,Sara Ahmed,Female,HR,Karachi,41,46452,omar.khan@example.com,2019-02-25
E1367,Nida Khan,Female,IT,Karachi,29,62464,bilal.khan@example.com,2021-11-12
E1368,Ayesha Sheikh,Female,Sales,Faisalabad,54,52218,bilal.malik@example.com,2018-08-13
E1369,Ayesha Malik,Female,Sales,Islamabad,49,79154,nida.khan@example.com,2016-02-17
E1370,  Ali Sheikh  ,Male,Operations,Multan,46,63880,hina.khan@example.com,2020-10-11
E1371,  Sara Ahmed  ,Female,Finance,Multan,22,72299,bilal.sheikh@example.com,2019-04-09
E1372,Zain Khan,Male,HR,,45,38526,bilal.malik@example.com,2018-09-12
E1373,Omar Malik,Male,IT,Lahore,46,86477,zain.hussain@example.com,2016-03-09
E1374,Hina Qureshi,Female,Finance,,47,88176,ahmed.iqbal@example.com,2016-08-03
E1375,Bilal Malik,Female,Marketing,Islamabad,28,82623,zain.iqbal@example.com,2016-11-08
E1376,Sara Khan,Male,Finance,Faisalabad,27,49859,nida.hussain@example.com,2015-05-28
E1377,Bilal Hussain,Female,Operations,,33,69367,nida.qureshi@example.com,2019-03-15
E1378,Ali Khan,Male,HR,Karachi,30,66833,ali.iqbal@example.com,2022-12-12
E1379,Omar Iqbal,Female,,,27,39557,nida.iqbal@example.com,2020-06-23
E1380,Hina Qureshi,Male,Finance,Islamabad,23,Rs 49440,fatima.khan@example.com,2017-07-06
E1381,Ahmed Ahmed,Male,Sales,,52,53365,ali.khan@example.com,2016-10-18
E1382,Ahmed Sheikh,Male,Operations,Karachi,42,38375,fatima.khan@example.com,2015-01-28
E1383,Nida Ahmed,Male,HR,Multan,54,73780,fatima.raza@example.com,2019-03-19
E1384,Nida Hussain,Male,Finance,Islamabad,49,46855,zain.sheikh@example.com,2022-06-23
E1385,Nida Iqbal,Female,Marketing,Faisalabad,41,84197,bilal.malik@example.com,2016-09-18
E1386,Ahmed Raza,Male,Marketing,Islamabad,36,58391,bilal.qureshi@example.com,2021-11-11
E1387,Sara Iqbal,Female,IT,Lahore,45,81751,nida.khan@example.com,2022-09-29
E1388,Hina Iqbal,Female,HR,Multan,37,88027,nida.khan@example.com,2017-05-11
E1389,Ahmed Ahmed,Female,Marketing,Faisalabad,23,37877,hina.khan@example.com,2018-01-01
E1390,Zain Ahmed,Female,HR,Karachi,53,48741,ali.sheikh@example.com,2016-05-11
E1391,Hina Malik,Male,,,42,39973,bilal.khan@example.com,2019-03-14
E1392,Ahmed Malik,Male,Finance,Multan,36,73530,ahmed.raza@example.com,2015-08-12
E1393,Fatima Sheikh,Male,Marketing,,34,53117,ayesha.qureshi@example.com,2021-02-18
E1394,Nida Ahmed,Male,IT,Islamabad,46,44345,nida.malik@example.com,2015-04-11
E1395,Omar Ahmed,Female,Operations,,34,84942,nida.malik@example.com,2020-11-11
E1396,Omar Khan,Female,Operations,Multan,29,32494,bilal.raza@example.com,2020-06-30
E1397,Nida Hussain,Male,Finance,Multan,38,47065,sara.ahmed@example.com,2021-01-10
E1398,Nida Raza,Male,HR,Karachi,30,72124,omar.qureshi@example.com,2019-03-01
E1399,Hina Raza,Male,Marketing,Lahore,54,62465,zain.ahmed@example.com,2015-06-11
E1400,Fatima Ahmed,Female,HR,Multan,48,33144,omar.sheikh@example.com,2015-03-10
E1401,Zain Raza,Male,,Lahore,28,33347,ali.iqbal@example.com,2015-11-05
E1402,Bilal Khan,Female,IT,Islamabad,55,54557,bilal.hussain@example.com,2022-08-23
E1403,Zain Khan,Male,IT,Multan,47,61691,ali.raza@example.com,2019-07-13
E1404,Zain Ahmed,Male,Finance,Lahore,29,89539,fatima.raza@example.com,2019-06-23
E1405,Ayesha Sheikh,Male,HR,Lahore,52,77608,nida.iqbal@example.com,2021-03-29
E1406,Omar Malik,Male,HR,Multan,42,75918,sara.ahmed@example.com,2015-05-17
E1407,Ali Malik,Female,Sales,,47,43491,omar.qureshi@example.com,2016-08-18
E1408,Sara Iqbal,Female,Sales,Islamabad,49,61167,nida.ahmed@example.com,2019-08-30
E1409,Fatima Sheikh,Male,IT,Lahore,35,74320,bilal.raza@example.com,2020-11-12
E1410,Fatima Malik,Female,Finance,Faisalabad,38,52966,nida.sheikh@example.com,2017-04-11
E1411,Ayesha Sheikh,Female,HR,Multan,42,56441,fatima.qureshi@example.com,2017-08-09
E1412,Ali Malik,Male,Marketing,Islamabad,39,77044,fatima.qureshi@example.com,2018-07-02
E1413,Omar Qureshi,Male,Finance,Lahore,46,65814,hina.iqbal@example.com,2017-05-15
E1414,Omar Hussain,Female,,,39,82541,ali.sheikh@example.com,2018-11-25
E1415,Bilal Malik,Female,HR,Lahore,32,79892,fatima.ahmed@example.com,2022-07-18
E1416,Ahmed Hussain,Female,Marketing,Lahore,33,81669,nidakhanexample.com,2017-03-15
E1417,Nida Qureshi,Male,Finance,,23,58137,zain.iqbal@example.com,2017-10-10
E1418,Zain Khan,Female,,Faisalabad,48,60572,ahmed.sheikh@example.com,2017-12-19
E8127,  Nida Khan  ,Male,Sales,Karachi,31,72458,fatima.khan@example.com,2021-03-30
E1420,Zain Raza,Male,Marketing,Islamabad,43,61248,bilal.hussain@example.com,2017-05-12
E1421,Zain Hussain,Male,Operations,Multan,43,84330,fatima.malik@example.com,2019-01-22
E1422,Ali Qureshi,Female,Sales,,55,30627,fatima.ahmed@example.com,2018-10-24
E1423,Ayesha Sheikh,Female,Finance,Faisalabad,37,46931,hina.sheikh@example.com,2017-05-17
E1424,Sara Ahmed,Female,Sales,Karachi,25,34585,hina.hussain@example.com,15/05/2015
E1425,  Ali Iqbal  ,Female,Marketing,,22,32920,bilal.ahmed@example.com,2015-01-24
E1426,Ahmed Ahmed,Female,IT,Islamabad,34,58397,bilal.iqbal@example.com,2016-06-02
E1427,Nida Iqbal,Female,Sales,Faisalabad,44,32519,ayesha.malik@example.com,2022-03-24
E1428,Omar Hussain,Female,Marketing,,25,59111,sara.sheikh@example.com,22/07/2022
E1429,Ali Ahmed,Male,Finance,Multan,51,57325,hina.sheikh@example.com,2021-09-25
E1430,Nida Qureshi,Female,Finance,Karachi,45,49830,zain.hussain@example.com,2018-11-04
E1431,Fatima Malik,Male,Sales,Multan,47,35392,sara.khan@example.com,2022-02-14
E1432,Ahmed Raza,Male,,Faisalabad,37,60139,zain.hussain@example.com,14/11/2015
E1433,Omar Malik,Female,Sales,Karachi,38,60858,zain.ahmed@example.com,2015-08-13
E1434,Zain Ahmed,Male,HR,,40,59237,ali.hussain@example.com,2020-01-22
E1435,Ayesha Malik,Female,,Faisalabad,28,89070,nida.hussain@example.com,2018-08-31
E1436,Ahmed Raza,Female,Marketing,Multan,24,88806,hina.iqbal@example.com,2017-02-04
E1437,Fatima Ahmed,Female,Sales,Multan,54,,ahmed.ahmed@example.com,2017-10-30
E1438,Ayesha Raza,Male,,Multan,55,74918,hina.ahmed@example.com,2015-05-07
E1439,Zain Raza,Male,Finance,Multan,44,Rs 54261,bilal.ahmed@example.com,2020-06-17
E1440,Ayesha Malik,Female,IT,Islamabad,36,75984,omar.iqbal@example.com,2020-06-26
E1441,Hina Qureshi,Female,Operations,Islamabad,40,70917,fatima.sheikh@example.com,2021-05-19
E1442,Nida Qureshi,Male,IT,Lahore,37,40641,bilal.qureshi@example.com,2016-02-22
E1443,Nida Ahmed,Female,HR,Karachi,27,33421,omar.hussain@example.com,2019-03-09
E1444,Fatima Sheikh,Male,Sales,Karachi,33,45211,zain.sheikh@example.com,2016-10-10
E1445,Hina Qureshi,Female,Operations,Islamabad,50,46480,zain.qureshi@example.com,2018-09-25
E1446,Zain Khan,Female,Finance,Multan,32,58648,omar.raza@example.com,2021-12-25
E1447,Ahmed Hussain,Male,Marketing,Lahore,50,68806,bilal.hussain@example.com,2017-01-25
E1448,Ali Khan,Female,,Islamabad,50,62916,ahmed.raza@example.com,2018-04-29
E1449,Zain Malik,Female,Marketing,Islamabad,54,43246,fatima.malik@example.com,2019-05-20
E1450,Ahmed Iqbal,Male,IT,Lahore,35,64125,sara.khan@example.com,2016-08-02
E1451,Bilal Khan,Male,Operations,Karachi,40,68658,ayesha.khan@example.com,2020-05-25
E1452,Nida Raza,Female,HR,Multan,25,63067,sara.qureshi@example.com,2022-07-29
E1453,Hina Sheikh,Female,Finance,Islamabad,53,62628,nida.ahmed@example.com,2018-02-23
E1454,Hina Malik,Female,HR,,34,59269,ayesha.ahmed@example.com,02/12/2018
E1455,Fatima Malik,Female,,Lahore,30,75882,fatima.qureshi@example.com,2021-10-09
E1456,Ayesha Khan,Female,Marketing,Karachi,54,51710,ayesha.malik@example.com,2019-10-07
E1457,Hina Qureshi,Female,Finance,Faisalabad,27,69835,hina.hussain@example.com,2016-02-23
E1458,Nida Sheikh,Female,Operations,,27,77433,ahmed.khan@example.com,2022-07-08
E1459,Zain Iqbal,Female,Operations,Karachi,46,81649,omar.hussain@example.com,2021-02-27
E1460,Fatima Khan,Female,HR,Multan,52,38527,omar.raza@example.com,2019-11-04
E1461,Fatima Malik,Female,IT,Islamabad,27,79957,omar.khan@example.com,2015-04-29
E1462,Bilal Iqbal,Female,Sales,,53,75845,hina.iqbal@example.com,2019-09-07
E1463,Nida Sheikh,Female,Marketing,Multan,50,36073,ali.iqbal@example.com,2017-05-31
E1464,Nida Sheikh,Female,IT,Islamabad,28,60950,zain.sheikh@example.com,2020-12-02
E1465,Zain Iqbal,Male,,Karachi,29,Rs 50899,ayesha.sheikh@example.com,2022-08-07
E1466,Ahmed Hussain,Male,Operations,Faisalabad,22,82240,ayesha.ahmed@example.com,2021-04-21
E1467,Fatima Sheikh,Female,IT,Karachi,36,61869,bilal.ahmed@example.com,16/04/2022
E1468,Bilal Malik,Male,HR,,40,49330,sara.hussain@example.com,2019-04-06
E1469,  Omar Ahmed  ,Male,,Multan,24,57591,zain.qureshi@example.com,2015-01-15
E1470,Zain Sheikh,Male,Finance,Multan,33,83244,zain.qureshi@example.com,2018-03-25
E1471,Fatima Qureshi,Male,Sales,Islamabad,25,40364,ali.malik@example.com,2022-02-23
E1472,Ayesha Sheikh,Female,Operations,Multan,53,70242,hina.iqbal@example.com,2019-08-11
E1473,Ahmed Khan,Male,Operations,Karachi,36,36891,ahmedrazaexample.com,2022-08-17
E1474,Nida Sheikh,Female,Sales,Multan,49,Rs 60784,ahmed.khan@example.com,2016-09-22
E1475,Ayesha Sheikh,Female,HR,Islamabad,26,66110,omar.malik@example.com,2015-06-24
E1476,Nida Sheikh,Male,IT,Islamabad,53,62488,zain.sheikh@example.com,2022-08-13
E1477,Ali Iqbal,Female,HR,Islamabad,41,75119,omar.malik@example.com,2021-08-23
E1478,Sara Qureshi,Female,IT,,42,,omar.qureshi@example.com,2021-04-03
E1479,Hina Raza,Male,IT,Islamabad,51,50538,zain.qureshi@example.com,2020-02-04
E1480,Zain Qureshi,Male,,Lahore,38,62643,hina.raza@example.com,2019-10-21
E1481,Sara Ahmed,Female,,Karachi,28,86461,sara.hussain@example.com,2021-05-29
E1482,Nida Qureshi,Female,,Islamabad,52,59802,ahmed.malik@example.com,2022-09-04
E2989,Zain Iqbal,Male,,Faisalabad,26,85638,ali.sheikh@example.com,2017-11-09
E1484,Omar Sheikh,Male,Marketing,,54,52628,ayesha.raza@example.com,2019-12-04
E1485,Nida Sheikh,Male,IT,Faisalabad,39,50468,fatima.qureshi@example.com,2017-02-04
E1486,Ali Qureshi,Male,,Faisalabad,55,77423,bilal.iqbal@example.com,2016-08-08
E1487,Bilal Malik,Female,,Karachi,22,40420,hina.malik@example.com,2018-05-23
E1488,Bilal Malik,Female,Operations,Faisalabad,23,34791,hina.ahmed@example.com,2021-10-19
E1489,Ayesha Hussain,Female,Sales,Multan,25,88764,ayesha.hussain@example.com,2021-11-11
E1490,Bilal Sheikh,Female,Sales,Islamabad,23,87355,nida.malik@example.com,2019-01-07
E1491,Ahmed Raza,Male,Sales,Faisalabad,22,Rs 67997,omar.malik@example.com,2017-01-16
E1492,Fatima Khan,Female,Marketing,Islamabad,27,52670,fatima.sheikh@example.com,2015-01-26
E1493,Omar Ahmed,Female,Sales,Islamabad,36,45448,bilal.raza@example.com,2022-01-10
E10666,Ahmed Ahmed,Female,Operations,Karachi,37,33349,hina.ahmed@example.com,2018-10-27
E1495,Fatima Malik,Male,Marketing,Multan,25,31105,ayesha.raza@example.com,2021-04-07
E1496,Fatima Sheikh,Male,Operations,,32,45471,fatima.iqbal@example.com,2015-03-03
E1497,Zain Qureshi,Female,Operations,Islamabad,29,69927,fatima.malik@example.com,2017-04-28
E1498,Ayesha Qureshi,Female,Operations,,39,73483,ahmed.sheikh@example.com,2016-03-14
E1499,  Ali Malik  ,Female,IT,Karachi,23,86478,fatima.hussain@example.com,2015-06-20
E1500,Sara Sheikh,Male,,Karachi,38,55691,ali.iqbal@example.com,2019-07-13
E1501,Nida Iqbal,Male,HR,,22,38536,bilal.ahmed@example.com,2015-08-07
E1502,Zain Raza,Male,,Lahore,27,62130,bilal.raza@example.com,2017-03-11
E1503,Ali Raza,Male,Operations,Faisalabad,27,56063,ayesha.ahmed@example.com,2016-08-31
E1504,Nida Qureshi,Female,Marketing,Islamabad,37,67451,ali.hussain@example.com,2022-06-17
E1505,Hina Khan,Male,Sales,Multan,32,37319,ahmed.malik@example.com,2020-02-11
E1506,Nida Raza,Female,Sales,Lahore,28,73726,omar.khan@example.com,2021-02-11
E1507,  Zain Iqbal  ,Female,Finance,Islamabad,44,48677,bilal.malik@example.com,2018-10-01
E1508,Fatima Raza,Female,HR,Islamabad,26,82253,nida.ahmed@example.com,2021-07-12
E1509,Ayesha Malik,Male,Sales,Islamabad,31,81396,fatima.khan@example.com,2022-10-11
E1510,Fatima Malik,Female,Sales,Multan,51,69653,sara.hussain@example.com,2016-09-06
E1511,Bilal Khan,Male,HR,Multan,53,Rs 79895,omarsheikhexample.com,2021-10-13
E1512,Hina Khan,Male,Operations,Islamabad,31,57513,hina.malik@example.com,2019-02-23
E1513,Fatima Hussain,Female,Sales,Faisalabad,39,60231,zain.khan@example.com,2017-07-26
E1514,Fatima Malik,Male,HR,,40,34943,zain.hussain@example.com,2018-08-28
E1515,Ahmed Ahmed,Male,Sales,,37,Rs 53723,nida.ahmed@example.com,2020-08-25
E1516,Fatima Ahmed,Male,Operations,Karachi,50,Rs 80515,sara.raza@example.com,2022-05-23
E1517,Ayesha Qureshi,Female,Operations,Faisalabad,48,36874,omar.iqbal@example.com,2018-08-18
E1518,Hina Sheikh,Female,Sales,,40,53811,zain.ahmed@example.com,2018-12-13
E1519,  Ahmed Qureshi  ,Male,Marketing,,42,88090,ayesha.raza@example.com,2021-11-10
E1520,Sara Khan,Male,Marketing,Lahore,46,78896,nida.sheikh@example.com,2019-03-11
E1521,Ali Ahmed,Male,,Lahore,26,66554,bilal.sheikh@example.com,2016-01-19
E1522,Bilal Iqbal,Male,Sales,Faisalabad,55,58928,aliahmedexample.com,15/06/2016
E1523,Bilal Qureshi,Female,HR,,41,81352,fatima.khan@example.com,2019-09-03
E1524,Sara Hussain,Male,IT,,49,78335,bilal.hussain@example.com,2017-05-17
E1525,Ali Ahmed,Female,,Multan,28,79015,bilal.raza@example.com,2017-08-18
E1526,Fatima Iqbal,Male,Finance,Multan,45,78855,fatima.raza@example.com,2021-11-15
E1527,Hina Iqbal,Female,HR,,34,64650,bilal.hussain@example.com,2017-02-11
E1528,Ayesha Qureshi,Male,HR,Faisalabad,35,55280,nida.iqbal@example.com,2018-09-16
E1529,Fatima Hussain,Female,Operations,Karachi,47,30103,ahmed.iqbal@example.com,2020-09-21
E1530,Omar Malik,Female,Marketing,Multan,43,Rs 59826,bilal.iqbal@example.com,2022-10-02
E1531,Ayesha Hussain,Female,Operations,Lahore,50,83501,omar.iqbal@example.com,2022-12-06
E1532,Ahmed Ahmed,Female,Marketing,Islamabad,41,81448,sara.ahmed@example.com,2016-07-22
E1533,Zain Qureshi,Female,,Karachi,53,88181,sara.ahmed@example.com,2021-07-24
E1534,Omar Sheikh,Male,Sales,Faisalabad,24,77860,ahmed.sheikh@example.com,2022-05-18
E1535,  Fatima Qureshi  ,Male,IT,Faisalabad,28,68508,ayesha.sheikh@example.com,2015-02-17
E1536,Fatima Iqbal,Male,Operations,Islamabad,40,60135,ali.malik@example.com,28/02/2019
E1537,Ali Malik,Male,IT,,54,74935,nida.sheikh@example.com,2015-05-30
E1538,Omar Ahmed,Male,Operations,Karachi,51,52346,sara.ahmed@example.com,2015-11-03
E1539,Ayesha Khan,Male,Finance,Faisalabad,29,61022,hina.raza@example.com,2022-01-28
E1540,  Nida Qureshi  ,Male,HR,Multan,33,72612,ayesha.ahmed@example.com,22/09/2021
E1541,Ahmed Raza,Female,HR,Lahore,22,66322,ali.malik@example.com,2018-05-23
E1542,Fatima Ahmed,Male,HR,Islamabad,54,42880,nida.sheikh@example.com,2016-07-23
E1543,Nida Khan,Female,Finance,,36,85506,ahmed.iqbal@example.com,2022-10-10
E1544,Hina Ahmed,Male,Sales,Faisalabad,36,40754,hina.khan@example.com,2018-01-13
E1545,Ahmed Sheikh,Female,,Karachi,55,Rs 49156,ali.ahmed@example.com,2018-02-21
E1546,Omar Ahmed,Female,Operations,Islamabad,30,72661,hina.malik@example.com,18/02/2020
E1547,  Sara Malik  ,Male,HR,,46,62848,alisheikhexample.com,2021-02-15
E1548,Ayesha Qureshi,Female,Sales,,44,68810,fatima.raza@example.com,2018-10-14
E1549,Bilal Malik,Female,,Islamabad,49,77419,hina.qureshi@example.com,2017-11-11
E1550,Zain Qureshi,Female,HR,Karachi,29,62973,ahmed.sheikh@example.com,2019-07-09
E1551,Nida Hussain,Female,Sales,Lahore,52,41636,hina.hussain@example.com,2019-03-12
E1552,Hina Raza,Female,Operations,Karachi,46,79213,ahmed.ahmed@example.com,2015-02-27
E1553,Ahmed Qureshi,Female,Operations,Faisalabad,26,,ayesha.malik@example.com,2015-07-27
E1554,Hina Malik,Male,IT,Faisalabad,30,87153,zain.hussain@example.com,2022-10-15
E1555,Fatima Ahmed,Female,HR,,46,87546,fatima.khan@example.com,2015-05-17
E1556,Bilal Hussain,Female,Marketing,,47,34884,zain.sheikh@example.com,2022-01-09
E1557,Ayesha Sheikh,Female,Operations,Multan,48,40563,hina.qureshi@example.com,2017-01-27
E1558,Bilal Raza,Female,Marketing,,29,72096,sarakhanexample.com,2022-06-18
E1559,Sara Sheikh,Male,HR,Karachi,46,81357,hina.ahmed@example.com,2016-06-30
E1560,Hina Khan,Male,IT,Faisalabad,32,72293,fatima.qureshi@example.com,2018-04-29
E1561,Nida Ahmed,Male,HR,Islamabad,51,64815,bilal.raza@example.com,2018-06-27
E1562,Bilal Sheikh,Male,,Islamabad,50,57223,zain.sheikh@example.com,2019-01-18
E1563,Ahmed Malik,Female,Sales,Islamabad,23,31137,nida.iqbal@example.com,2019-01-10
E1564,Hina Iqbal,Male,,Karachi,54,85178,bilalmalikexample.com,2019-04-05
E1565,Nida Malik,Male,,Islamabad,49,32671,omarrazaexample.com,2016-01-10
E1566,Fatima Malik,Male,Sales,Lahore,46,71856,hina.sheikh@example.com,2018-11-26
E1567,Bilal Ahmed,Female,Marketing,Karachi,44,89103,ayesha.iqbal@example.com,2019-12-04
E1568,Bilal Sheikh,Female,Sales,Faisalabad,51,,sara.ahmed@example.com,2019-09-18
E1569,Ayesha Iqbal,Male,Sales,Islamabad,40,84054,sara.sheikh@example.com,2015-05-26
E1570,Ali Malik,Female,IT,Faisalabad,49,84050,bilalmalikexample.com,2021-11-08
E1571,Zain Sheikh,Female,Sales,Lahore,45,35721,bilal.iqbal@example.com,2020-11-08
E1572,Sara Ahmed,Female,HR,Islamabad,50,78914,zain.sheikh@example.com,2022-05-21
E1573,Bilal Hussain,Female,HR,,50,83335,zain.raza@example.com,2021-01-09
E1574,Zain Raza,Male,HR,Multan,42,84015,zain.qureshi@example.com,22/11/2020
E1575,Bilal Hussain,Male,HR,Faisalabad,51,59028,sara.ahmed@example.com,2019-09-26
E1576,Zain Malik,Female,Sales,Faisalabad,53,41696,zainmalikexample.com,2018-03-08
E1577,Ayesha Sheikh,Female,HR,Multan,49,52807,hina.ahmed@example.com,2021-11-28
E1578,Nida Ahmed,Male,HR,,52,67789,hina.qureshi@example.com,2020-07-24
E1579,Nida Khan,Female,Sales,,35,77431,omar.qureshi@example.com,2019-04-13
E1580,  Ali Malik  ,Male,Operations,,54,31843,ali.qureshi@example.com,2020-04-14
E1581,Nida Hussain,Male,Marketing,Faisalabad,23,38085,nida.raza@example.com,2018-03-08
E1582,Nida Iqbal,Male,Sales,,24,84860,ayesha.qureshi@example.com,2015-11-13
E1583,Ali Qureshi,Male,,Faisalabad,51,51157,ayesha.raza@example.com,22/09/2017
E1584,Bilal Hussain,Male,Sales,,42,Rs 75884,hina.khan@example.com,2022-01-30
E1585,Zain Qureshi,Male,Sales,Faisalabad,24,40590,ayesha.raza@example.com,2016-09-21
E1586,Omar Hussain,Female,IT,Lahore,48,84995,nida.iqbal@example.com,2020-02-21
E1587,Ali Sheikh,Male,Marketing,Faisalabad,55,89334,zain.malik@example.com,2021-05-05
E1588,Hina Qureshi,Male,Marketing,,30,51725,ayesha.khan@example.com,2022-06-04
E1589,Nida Sheikh,Male,IT,Multan,34,55905,fatima.malik@example.com,2022-06-06
E1590,Fatima Ahmed,Male,,Multan,37,67100,hina.raza@example.com,2021-12-03
E1591,Ayesha Ahmed,Male,Finance,Karachi,52,66550,sara.khan@example.com,09/03/2020
E1592,Ahmed Ahmed,Male,Sales,Islamabad,37,Rs 70401,omar.malik@example.com,2022-03-02
E1593,Ahmed Hussain,Female,Operations,,36,45768,fatima.khan@example.com,14/01/2016
E1594,Ayesha Malik,Female,IT,Karachi,37,37043,ali.raza@example.com,04/03/2016
E1595,Omar Iqbal,Female,,Multan,39,54240,bilal.raza@example.com,2021-01-18
E1596,Ayesha Ahmed,Female,Marketing,Karachi,51,54997,omar.khan@example.com,2018-06-10
E1597,Fatima Raza,Male,Sales,Islamabad,40,37922,ali.khan@example.com,2019-02-26
E1598,Hina Qureshi,Female,Finance,Multan,27,56839,nida.sheikh@example.com,2021-07-04
E1599,  Zain Qureshi  ,Female,Sales,Multan,33,66407,ayesha.raza@example.com,2020-12-28
E1600,Omar Qureshi,Female,Marketing,Lahore,49,65353,bilalkhanexample.com,2016-01-07
E1601,  Sara Ahmed  ,Male,HR,Lahore,53,69069,fatima.ahmed@example.com,2016-05-23
E1602,Zain Qureshi,Female,Sales,Islamabad,54,51999,ayesha.hussain@example.com,2020-05-15
E1603,Hina Hussain,Female,IT,Multan,47,78827,bilal.malik@example.com,2022-11-06
E1604,Ahmed Iqbal,Male,IT,Faisalabad,43,60998,ayesha.raza@example.com,2017-11-19
E1605,Zain Ahmed,Female,IT,Multan,50,33667,ahmed.sheikh@example.com,10/09/2015
E1606,Fatima Khan,Male,Finance,Karachi,25,74747,ayesha.sheikh@example.com,16/07/2016
E1607,Nida Raza,Female,,Multan,50,77256,omar.qureshi@example.com,2021-09-18
E1608,Zain Malik,Female,Sales,Faisalabad,37,82761,omariqbalexample.com,2019-11-21
E1609,Hina Hussain,Male,Marketing,Lahore,45,85745,sara.hussain@example.com,2018-10-30
E1610,Nida Malik,Male,Marketing,Islamabad,38,42664,ayesha.hussain@example.com,2021-01-22
E1611,Ahmed Iqbal,Male,Finance,Multan,47,72381,ali.ahmed@example.com,2019-04-07
E1612,Fatima Ahmed,Male,Sales,Lahore,22,85283,ahmed.raza@example.com,2021-05-27
E1613,Sara Iqbal,Female,Marketing,Multan,45,Rs 71337,hina.malik@example.com,2015-11-25
E1614,Ali Khan,Female,Marketing,Karachi,31,64567,fatima.qureshi@example.com,2017-10-20
E1615,Fatima Qureshi,Male,HR,Lahore,27,34788,sara.hussain@example.com,2015-12-05
E1616,Ayesha Sheikh,Female,HR,,51,59504,fatima.ahmed@example.com,2016-05-30
E1617,Nida Ahmed,Female,Finance,Multan,35,31533,ayesha.malik@example.com,2016-05-18
E1618,Nida Hussain,Male,IT,Karachi,30,60956,ahmed.ahmed@example.com,2022-07-21
E1619,Bilal Qureshi,Male,HR,Multan,26,89598,hina.raza@example.com,2019-01-25
E1620,Zain Qureshi,Female,Operations,Multan,37,34673,fatima.raza@example.com,2016-03-30
E1621,Fatima Ahmed,Male,Marketing,Lahore,35,55555,sara.raza@example.com,2022-04-24
E1622,Omar Hussain,Male,IT,Karachi,22,41307,fatima.sheikh@example.com,2016-10-17
E1623,Ali Qureshi,Male,Sales,,43,31373,sara.ahmed@example.com,2018-07-30
E1624,Nida Raza,Female,Operations,Faisalabad,54,78094,omar.malik@example.com,2021-01-25
E1625,Nida Qureshi,Female,HR,,50,64664,ali.ahmed@example.com,2018-03-29
E1626,Nida Iqbal,Female,HR,Multan,32,51094,sara.malik@example.com,2017-11-01
E1627,Sara Khan,Female,IT,Karachi,54,65151,sara.sheikh@example.com,2021-04-20
E1628,  Ahmed Raza  ,Male,HR,Lahore,55,Rs 77261,fatima.iqbal@example.com,2017-10-28
E1629,Fatima Iqbal,Female,Finance,Islamabad,22,85858,ali.khan@example.com,2021-02-07
E1630,Sara Iqbal,Female,Operations,Lahore,32,87943,ahmed.hussain@example.com,2020-12-03
E1631,Nida Qureshi,Male,HR,,32,,zain.qureshi@example.com,2019-09-09
E1632,Ali Sheikh,Male,,,44,47079,sara.iqbal@example.com,2020-09-02
E1633,Bilal Ahmed,Male,,Karachi,43,33982,sara.qureshi@example.com,2015-07-25
E1634,Hina Iqbal,Female,Marketing,Lahore,53,64399,ayesha.iqbal@example.com,2020-06-16
E1635,Ayesha Qureshi,Female,Sales,Faisalabad,47,50032,sara.sheikh@example.com,2021-10-09
E1636,Fatima Ahmed,Male,Finance,,35,48396,bilal.iqbal@example.com,2018-05-11
E1637,Zain Qureshi,Male,Operations,Lahore,25,56206,ahmed.malik@example.com,2018-11-25
E1638,Sara Hussain,Female,Operations,Multan,54,44199,omar.raza@example.com,2022-09-05
E1639,Sara Hussain,Female,Sales,Multan,55,68346,nida.malik@example.com,2015-08-26
E1640,Sara Qureshi,Male,HR,Multan,35,76830,zainqureshiexample.com,2015-12-26
E1641,Fatima Hussain,Female,IT,,53,45284,sara.malik@example.com,2016-12-11
E1642,Nida Iqbal,Female,Operations,Lahore,24,87239,zain.khan@example.com,2017-09-11
E1643,Omar Ahmed,Female,HR,Multan,50,35206,ahmed.hussain@example.com,22/10/2021
E1644,  Ayesha Hussain  ,Male,Sales,Karachi,26,41814,nida.malik@example.com,2015-12-28
E1645,Ahmed Ahmed,Male,IT,Islamabad,22,70448,nida.sheikh@example.com,2021-12-31
E1646,Zain Qureshi,Male,Sales,,48,74434,ahmed.qureshi@example.com,2018-12-26
E1647,Bilal Hussain,Female,IT,,30,64956,ahmed.malik@example.com,2015-05-29
E1648,Zain Sheikh,Male,HR,,34,72410,fatima.hussain@example.com,2016-01-01
E1649,Nida Raza,Male,Sales,Multan,27,55708,ayesha.hussain@example.com,2018-02-08
E1650,Bilal Raza,Male,Finance,Faisalabad,44,Rs 35301,ali.iqbal@example.com,2020-11-19
E1651,Ali Malik,Female,HR,,40,83871,ali.hussain@example.com,2019-10-24
E1652,Hina Malik,Female,Sales,Faisalabad,36,74118,bilal.iqbal@example.com,2022-06-16
E1653,Ayesha Khan,Male,HR,Faisalabad,41,34423,ayesha.khan@example.com,2020-02-18
E1654,Ayesha Iqbal,Female,Marketing,,40,73151,ayesha.iqbal@example.com,2021-11-23
E1655,Hina Qureshi,Male,,Faisalabad,27,76422,nida.qureshi@example.com,2020-03-22
E1656,Zain Ahmed,Female,,,53,40856,ali.qureshi@example.com,2018-09-12
E1657,Ali Malik,Male,,,41,67634,zain.ahmed@example.com,2020-04-09
E1658,Sara Khan,Male,HR,Multan,51,60930,ahmed.khan@example.com,2021-06-16
E1659,Ayesha Iqbal,Female,,Multan,22,49582,sara.iqbal@example.com,2015-11-13
E1660,Ayesha Khan,Female,Marketing,Multan,40,Rs 81861,ahmed.ahmed@example.com,2019-03-24
E1661,Omar Qureshi,Female,Sales,Karachi,47,86111,omar.hussain@example.com,2019-11-13
E1662,  Zain Khan  ,Female,HR,,53,51703,fatima.iqbal@example.com,2019-06-19
E1663,Nida Malik,Female,Operations,Lahore,29,Rs 80492,omar.malik@example.com,2021-03-14
E1664,Fatima Hussain,Male,Marketing,Faisalabad,29,73689,omar.malik@example.com,21/01/2019
E1665,Bilal Qureshi,Female,Operations,Karachi,50,89947,hina.iqbal@example.com,2016-12-14
E1666,Ayesha Qureshi,Female,Sales,Karachi,32,67162,zain.qureshi@example.com,2022-07-03
E1667,Ahmed Ahmed,Male,Marketing,Islamabad,40,Rs 82691,ali.raza@example.com,2021-04-04
E1668,Hina Hussain,Female,,Multan,55,78559,bilalhussainexample.com,2021-12-17
E1669,Ali Ahmed,Male,Marketing,Faisalabad,42,63131,ahmed.hussain@example.com,2018-07-19
E1670,Nida Raza,Male,,,46,59828,bilal.ahmed@example.com,2022-09-19
E1671,Omar Iqbal,Female,,,37,47257,zain.iqbal@example.com,2020-04-10
E1672,Ahmed Iqbal,Female,Operations,Karachi,38,Rs 73184,ali.khan@example.com,2015-10-14
E1673,Ayesha Sheikh,Male,Operations,Karachi,34,Rs 87904,ahmed.hussain@example.com,2019-12-02
E1674,Sara Khan,Female,Marketing,Islamabad,49,47579,fatima.khan@example.com,2015-01-02
E1675,Sara Qureshi,Female,Finance,Multan,45,74506,ayesha.khan@example.com,2020-11-26
E1676,Fatima Hussain,Female,,Multan,25,59346,hina.qureshi@example.com,25/06/2016
E1677,Nida Khan,Female,,,38,62662,omar.malik@example.com,2015-05-23
E1678,Fatima Raza,Female,,Faisalabad,28,45013,bilal.hussain@example.com,2016-05-03
E1679,Ahmed Qureshi,Male,,Multan,48,Rs 85434,sara.malik@example.com,2022-03-13
E1680,Omar Hussain,Female,HR,Multan,31,Rs 89023,hina.iqbal@example.com,2015-08-31
E1681,Zain Ahmed,Female,Operations,Lahore,47,79816,zain.iqbal@example.com,2015-01-11
E1682,Sara Sheikh,Female,HR,,51,40498,bilal.raza@example.com,2016-09-01
E1683,Hina Ahmed,Male,Operations,Multan,33,64528,omar.raza@example.com,2020-12-03
E1684,Bilal Qureshi,Female,Finance,Lahore,39,31281,ahmed.hussain@example.com,2020-02-10
E1685,Sara Raza,Female,,Multan,22,80892,ali.sheikh@example.com,2017-04-30
E1686,Nida Malik,Female,,Multan,54,35398,ayesha.hussain@example.com,2015-03-03
E1687,Bilal Ahmed,Female,Finance,Lahore,46,89959,ayesha.ahmed@example.com,2021-12-27
E1688,Nida Malik,Female,Operations,,32,76491,ahmed.raza@example.com,2020-09-19
E1689,Bilal Raza,Male,Finance,Islamabad,53,86036,ali.raza@example.com,2022-08-29
E1690,Ayesha Sheikh,Male,HR,Faisalabad,25,33393,nida.hussain@example.com,2016-06-25
E1691,Bilal Qureshi,Male,IT,,27,51199,sarakhanexample.com,2021-01-22
E1692,Sara Qureshi,Male,Marketing,Faisalabad,37,32032,omar.qureshi@example.com,2021-12-29
E1693,Bilal Qureshi,Male,Marketing,Islamabad,31,Rs 46819,ayesha.ahmed@example.com,2020-01-12
E1694,Hina Sheikh,Male,Marketing,Multan,28,63465,zain.hussain@example.com,2019-05-29
E1695,Hina Khan,Female,HR,Faisalabad,45,84167,sara.raza@example.com,2016-04-07
E1696,Zain Khan,Female,Finance,Karachi,47,39467,ahmed.malik@example.com,2021-10-14
E1697,Ali Raza,Female,Sales,Islamabad,49,37047,hina.qureshi@example.com,2017-06-09
E1698,Ali Iqbal,Female,Sales,Multan,50,56511,ayesha.malik@example.com,2017-03-16
E1699,Ahmed Khan,Female,Marketing,Faisalabad,25,61703,omar.qureshi@example.com,2022-06-02
E1700,  Ahmed Qureshi  ,Male,HR,Islamabad,26,57888,hina.khan@example.com,2019-01-21
E1701,Omar Sheikh,Male,Marketing,,26,76678,nida.hussain@example.com,2017-10-23
E1702,Omar Ahmed,Female,IT,Karachi,54,60307,ayesha.khan@example.com,2015-04-18
E1703,Omar Qureshi,Male,Sales,Karachi,51,58394,hina.hussain@example.com,2019-07-07
E1704,Omar Iqbal,Male,Sales,Islamabad,29,59393,fatima.ahmed@example.com,2019-01-18
E1705,Bilal Sheikh,Female,Sales,Karachi,51,,hinarazaexample.com,2018-02-03
E1706,Fatima Malik,Female,Marketing,Faisalabad,29,Rs 85672,bilal.malik@example.com,2016-02-11
E1707,Bilal Iqbal,Female,IT,Faisalabad,22,52460,sara.khan@example.com,2022-03-28
E1708,Sara Khan,Male,Marketing,Lahore,39,82606,ahmed.raza@example.com,2021-12-03
E1709,Zain Qureshi,Female,Sales,Lahore,43,47102,bilal.malik@example.com,2016-09-29
E1710,Bilal Iqbal,Female,Sales,Faisalabad,32,88247,fatima.qureshi@example.com,2015-01-27
E1711,Sara Raza,Male,,Karachi,24,52717,hina.iqbal@example.com,31/07/2016
E1712,Ayesha Hussain,Female,Operations,Islamabad,52,,bilal.qureshi@example.com,2017-01-23
E1713,Ahmed Khan,Female,IT,Lahore,27,35139,nida.qureshi@example.com,2018-09-26
E1714,Omar Khan,Male,IT,Karachi,55,35133,ali.ahmed@example.com,2020-12-05
E1715,Ahmed Malik,Female,,Multan,23,60051,ayesha.qureshi@example.com,2019-07-02
E1716,Hina Khan,Male,Finance,Karachi,31,68733,hina.sheikh@example.com,2015-04-12
E1717,Ali Iqbal,Male,Sales,Islamabad,33,56859,ayesha.hussain@example.com,2016-12-19
E1718,Bilal Raza,Male,Operations,Islamabad,27,56837,omar.raza@example.com,2018-03-19
E1719,Ali Sheikh,Male,Sales,Islamabad,37,35621,fatima.raza@example.com,2021-04-23
E1720,Zain Raza,Male,HR,Karachi,28,82240,ali.ahmed@example.com,2020-02-14
E1721,Nida Ahmed,Male,Operations,Islamabad,47,84660,omar.ahmed@example.com,2020-08-12
E1722,Fatima Raza,Male,IT,Multan,24,34436,omar.khan@example.com,2016-09-27
E1723,Ayesha Raza,Male,Finance,Lahore,42,38667,bilal.sheikh@example.com,2020-04-12
E1724,Zain Khan,Male,Finance,Lahore,24,33625,nida.sheikh@example.com,2020-07-30
E1725,Nida Sheikh,Male,IT,Islamabad,34,47407,bilal.ahmed@example.com,2017-12-15
E1726,  Omar Qureshi  ,Female,,Islamabad,41,82611,fatima.malik@example.com,2019-02-21
E1727,Fatima Iqbal,Male,HR,Faisalabad,46,40457,fatima.qureshi@example.com,2016-10-05
E1728,Fatima Iqbal,Female,,Karachi,28,47435,bilal.malik@example.com,2020-05-19
E1729,Zain Iqbal,Male,HR,Karachi,27,42925,nida.malik@example.com,2019-08-13
E1730,Bilal Qureshi,Male,,Lahore,52,50111,ayesha.raza@example.com,2016-08-28
E1731,Sara Hussain,Male,,Faisalabad,37,88094,ali.hussain@example.com,24/08/2020
E1732,Ayesha Qureshi,Female,,Lahore,40,85760,sara.ahmed@example.com,2022-06-16
E1733,Bilal Iqbal,Female,Finance,Faisalabad,27,35564,bilal.malik@example.com,2021-01-26
E1734,Bilal Sheikh,Male,,Islamabad,52,37094,ali.sheikh@example.com,2019-03-12
E1735,Zain Raza,Female,Marketing,Lahore,38,54766,bilal.sheikh@example.com,2016-01-09
E1736,Ahmed Qureshi,Male,Operations,Multan,27,62102,ali.ahmed@example.com,2016-09-14
E1737,Ahmed Raza,Male,Finance,Lahore,39,84272,ali.raza@example.com,2021-05-07
E1738,Omar Khan,Male,Sales,Faisalabad,48,57794,hina.hussain@example.com,2018-11-19
E1739,Sara Raza,Male,Operations,Lahore,44,33997,zain.malik@example.com,2018-02-22
E1740,Fatima Hussain,Female,Operations,Multan,45,Rs 77877,zain.iqbal@example.com,2017-08-04
E1741,Ali Raza,Male,Operations,Lahore,41,55743,fatima.khan@example.com,2017-07-14
E1742,Ahmed Qureshi,Male,Sales,Multan,42,59158,ahmed.hussain@example.com,2020-06-28
E1743,Nida Raza,Female,,Multan,27,Rs 38029,fatima.khan@example.com,2021-01-23
E1744,Sara Ahmed,Female,Marketing,Multan,33,68989,zain.iqbal@example.com,2017-05-01
E1745,Omar Qureshi,Male,Operations,,37,60082,ayesha.malik@example.com,2018-01-09
E1746,Fatima Hussain,Female,IT,Multan,35,67492,hina.sheikh@example.com,2015-01-07
E1747,Bilal Qureshi,Female,,,43,70030,bilal.hussain@example.com,2015-06-16
E1748,Hina Ahmed,Female,Operations,Faisalabad,45,83468,fatima.qureshi@example.com,18/02/2021
E1749,Fatima Ahmed,Male,Finance,Karachi,26,74627,ali.raza@example.com,2015-03-07
E1750,Nida Raza,Male,,Lahore,48,36675,fatima.malik@example.com,2017-06-01
E1751,Ali Hussain,Female,IT,Karachi,41,Rs 70957,nidaiqbalexample.com,2019-01-30
E1752,Nida Iqbal,Female,Marketing,Lahore,27,47109,hina.hussain@example.com,2016-05-21
E1753,Sara Ahmed,Male,Operations,Multan,44,38080,ali.raza@example.com,2021-01-01
E1754,Nida Raza,Female,Operations,Islamabad,48,36961,ali.ahmed@example.com,2015-08-10
E1755,Fatima Hussain,Male,Sales,Islamabad,47,55593,fatima.raza@example.com,21/03/2022
E1756,Hina Qureshi,Female,IT,Karachi,34,59883,fatima.khan@example.com,2019-11-10
E1757,Fatima Sheikh,Female,HR,Faisalabad,23,,fatima.khan@example.com,2022-01-14
E1758,Bilal Qureshi,Female,Operations,Karachi,34,85161,ayesha.iqbal@example.com,2017-09-28
E1759,Bilal Khan,Female,,Karachi,46,86289,ayesha.iqbal@example.com,2019-11-18
E1760,Ahmed Khan,Female,Sales,Multan,34,32130,omar.sheikh@example.com,2019-06-28
E1761,Omar Sheikh,Female,,Islamabad,36,84468,nida.hussain@example.com,2016-08-24
E1762,Sara Malik,Female,Sales,Karachi,54,34074,hina.hussain@example.com,2015-11-17
E1763,Ali Raza,Female,IT,Islamabad,48,68214,ayesha.ahmed@example.com,2022-05-23
E1764,Fatima Khan,Female,IT,Islamabad,41,49621,omar.sheikh@example.com,2015-04-03
E1765,Nida Qureshi,Female,Sales,Lahore,54,34828,fatima.hussain@example.com,2015-01-11
E1766,Ali Khan,Female,HR,Karachi,47,40603,fatima.sheikh@example.com,2016-12-12
E1767,  Omar Khan  ,Female,HR,Islamabad,43,85739,ahmed.sheikh@example.com,2016-12-02
E1768,  Zain Hussain  ,Female,IT,Karachi,23,49714,ali.qureshi@example.com,2016-10-10
E1769,Omar Sheikh,Male,Operations,Karachi,25,84335,zain.raza@example.com,2019-05-06
E1770,Ahmed Sheikh,Female,Sales,,50,73855,ali.khan@example.com,2020-04-01
E1771,Nida Hussain,Female,Marketing,,40,34283,ahmed.ahmed@example.com,2017-11-13
E1772,Zain Iqbal,Male,Sales,,38,46223,ahmed.sheikh@example.com,2022-08-04
E1773,Omar Qureshi,Female,,,35,45842,zain.khan@example.com,2021-12-29
E1774,Sara Hussain,Male,,Karachi,42,88088,ali.iqbal@example.com,2016-11-21
E1775,Ahmed Khan,Male,,,33,Rs 81609,hina.iqbal@example.com,27/03/2015
E1776,Omar Iqbal,Female,IT,Lahore,42,59569,fatima.iqbal@example.com,2015-08-22
E1777,Ali Khan,Male,Sales,Lahore,22,41711,nida.khan@example.com,2021-05-13
E1778,Ahmed Qureshi,Female,Marketing,Lahore,26,35521,fatima.malik@example.com,2017-05-08
E1779,Fatima Malik,Female,Finance,Karachi,27,44113,nida.raza@example.com,2017-11-03
E1780,Ali Raza,Female,,Islamabad,48,72059,ahmed.raza@example.com,2019-04-10
E1781,Nida Qureshi,Male,IT,Islamabad,45,57047,ahmed.raza@example.com,2020-07-27
E1782,Ahmed Hussain,Male,Finance,,36,48833,sara.khan@example.com,2022-08-05
E1783,Nida Khan,Female,Operations,Multan,47,39225,omar.raza@example.com,2020-03-29
E1784,Fatima Khan,Male,Operations,Multan,38,61170,ahmed.sheikh@example.com,2021-05-20
E1785,Nida Sheikh,Female,Sales,Islamabad,51,42289,hinaqureshiexample.com,2017-11-18
E1786,Omar Malik,Male,IT,Faisalabad,23,59592,nida.hussain@example.com,2015-07-02
E1787,Nida Raza,Female,Operations,Lahore,47,89497,ayesha.sheikh@example.com,2018-03-31
E1788,Omar Ahmed,Male,,Islamabad,49,47779,bilal.raza@example.com,2017-05-21
E1789,Ayesha Malik,Male,,Faisalabad,49,65393,zain.iqbal@example.com,2022-03-22
E1790,Fatima Khan,Female,IT,Faisalabad,52,59924,ali.hussain@example.com,2019-10-19
E1791,Sara Malik,Male,Marketing,,53,34524,ahmed.khan@example.com,2016-06-30
E1792,Nida Iqbal,Male,IT,Faisalabad,54,65615,nida.hussain@example.com,2021-01-09
E1793,Fatima Khan,Female,HR,Islamabad,28,61853,bilal.khan@example.com,2016-02-22
E1794,Hina Qureshi,Female,Operations,Faisalabad,35,68666,ali.iqbal@example.com,2018-05-24
E1795,Bilal Iqbal,Male,Marketing,Multan,38,47805,fatima.raza@example.com,2022-11-04
E1796,Nida Iqbal,Male,,Multan,26,66765,hina.ahmed@example.com,2021-05-31
E1797,Nida Hussain,Male,Finance,Lahore,41,84485,omar.ahmed@example.com,2019-09-11
E1798,Ahmed Malik,Male,Marketing,Karachi,43,89179,sara.iqbal@example.com,2015-10-10
E1799,Omar Sheikh,Female,Marketing,Lahore,31,Rs 40980,sara.malik@example.com,2015-03-26
E1800,Fatima Ahmed,Female,Operations,,39,54345,ahmed.khan@example.com,25/09/2017
E1801,Ali Hussain,Female,Operations,Multan,39,77410,ali.raza@example.com,07/03/2020
E1802,Zain Malik,Female,Operations,Lahore,49,60763,zain.qureshi@example.com,2015-07-03
E1803,Ayesha Iqbal,Female,,Islamabad,39,32386,hina.malik@example.com,2022-03-17
E1804,Bilal Iqbal,Female,Marketing,Multan,26,35779,ayesha.hussain@example.com,2022-11-08
E1805,Ahmed Ahmed,Male,Marketing,Faisalabad,42,32864,sara.hussain@example.com,2017-12-17
E1806,Nida Ahmed,Male,,,35,47692,ahmed.hussain@example.com,2017-08-07
E1807,Ali Hussain,Male,Sales,,44,69343,omar.raza@example.com,2017-11-04
E1808,Ahmed Raza,Male,,Karachi,23,75447,ayeshaahmedexample.com,2016-07-02
E1809,Ayesha Iqbal,Male,IT,Islamabad,23,38333,zain.iqbal@example.com,2022-04-14
E1810,Zain Hussain,Female,Marketing,Faisalabad,38,65153,hina.qureshi@example.com,2019-09-22
E1811,Ayesha Malik,Female,Finance,Karachi,34,61484,fatima.raza@example.com,2016-11-15
E1812,Zain Iqbal,Female,Marketing,Karachi,44,67595,bilal.iqbal@example.com,20/04/2022
E1813,Ahmed Ahmed,Female,IT,Lahore,26,49701,omar.iqbal@example.com,16/09/2015
E1814,Sara Qureshi,Male,HR,Lahore,55,72451,ali.sheikh@example.com,2016-08-29
E1815,Sara Qureshi,Male,Sales,Islamabad,39,42019,hina.ahmed@example.com,2022-07-06
E1816,Zain Khan,Male,Finance,Karachi,24,74737,ahmedmalikexample.com,2017-06-28
E1817,Fatima Iqbal,Female,Sales,Islamabad,46,34373,ayesha.hussain@example.com,2019-09-08
E1818,Fatima Qureshi,Male,,Islamabad,35,85118,sara.ahmed@example.com,2022-12-23
E1819,Nida Sheikh,Male,Finance,Islamabad,31,59611,omar.qureshi@example.com,2020-03-31
E1820,Nida Raza,Female,Sales,Multan,38,Rs 31178,ahmed.khan@example.com,2017-08-08
E1821,Ayesha Iqbal,Male,HR,Karachi,47,69449,hina.qureshi@example.com,2022-01-16
E1822,Zain Qureshi,Male,IT,Multan,45,62139,omar.ahmed@example.com,2015-06-02
E1823,Sara Ahmed,Male,HR,Multan,28,79845,omar.ahmed@example.com,2021-02-26
E1824,Omar Ahmed,Male,,Faisalabad,35,85679,zain.iqbal@example.com,2016-07-27
E1825,Nida Raza,Female,IT,Faisalabad,31,Rs 74874,sara.ahmed@example.com,2021-09-04
E1826,Bilal Sheikh,Female,Marketing,Faisalabad,51,54386,ayesha.malik@example.com,2017-10-03
E1827,Bilal Khan,Male,HR,,27,Rs 38369,omar.iqbal@example.com,2020-01-05
E1828,Hina Raza,Male,Marketing,Karachi,25,46263,fatima.khan@example.com,2017-11-22
E1829,Zain Malik,Male,Finance,Multan,24,55542,nida.khan@example.com,2022-09-15
E1830,Omar Qureshi,Female,,Faisalabad,41,51412,fatima.qureshi@example.com,2016-11-22
E1831,Zain Raza,Male,IT,Multan,28,79499,ali.sheikh@example.com,2019-11-28
E1832,Ayesha Iqbal,Female,IT,Karachi,33,41175,ayesha.ahmed@example.com,2017-02-26
E1833,Ahmed Qureshi,Male,Marketing,Multan,49,30515,omar.iqbal@example.com,2017-09-13
E1834,Hina Iqbal,Female,Sales,,39,31610,ali.ahmed@example.com,2021-05-25
E1835,Omar Khan,Male,Marketing,Islamabad,37,51336,nida.hussain@example.com,2021-05-08
E1836,Fatima Malik,Male,Marketing,,55,36135,fatima.hussain@example.com,2020-11-07
E1837,Sara Ahmed,Male,,Islamabad,38,61817,hina.qureshi@example.com,2016-04-21
E1838,Nida Khan,Male,Marketing,,52,Rs 85007,ahmed.sheikh@example.com,2015-01-29
E1839,Omar Ahmed,Female,Marketing,Islamabad,23,42685,bilal.ahmed@example.com,2018-05-06
E1840,  Omar Malik  ,Male,Marketing,Faisalabad,28,69156,zain.khan@example.com,2015-03-30
E1841,Zain Raza,Female,Operations,Faisalabad,32,45644,ali.khan@example.com,2015-08-07
E1842,Bilal Raza,Female,Marketing,Lahore,23,38148,hina.iqbal@example.com,2017-01-29
E1843,Omar Qureshi,Female,,Lahore,45,62913,omar.khan@example.com,2021-01-30
E1844,Nida Sheikh,Male,HR,,25,35264,hina.malik@example.com,2020-09-25
E1845,Ali Qureshi,Male,Operations,Multan,28,48217,omar.hussain@example.com,2015-03-28
E1846,Omar Malik,Female,IT,Karachi,46,33627,nida.sheikh@example.com,2016-12-08
E1847,Ayesha Ahmed,Female,HR,Karachi,35,79398,zain.qureshi@example.com,2015-03-27
E1848,Hina Raza,Female,IT,Multan,37,89118,bilal.ahmed@example.com,2020-06-21
E1849,Fatima Qureshi,Male,HR,Multan,31,40956,zain.iqbal@example.com,2021-01-04
E1850,Hina Ahmed,Male,IT,Karachi,37,55195,ayesha.ahmed@example.com,2015-12-30
E1851,  Ali Malik  ,Male,Finance,Faisalabad,47,Rs 77630,fatima.iqbal@example.com,2018-06-10
E1852,Fatima Malik,Male,Sales,Karachi,30,54708,ayesha.raza@example.com,2022-12-08
E1853,Ayesha Raza,Female,Finance,,42,48300,sara.malik@example.com,2021-03-04
E1854,Bilal Sheikh,Female,Marketing,Lahore,36,83671,zain.sheikh@example.com,2022-01-01
E1855,Omar Qureshi,Female,,Multan,30,40304,omar.khan@example.com,2020-05-01
E1856,Omar Sheikh,Male,Sales,,49,61382,ahmed.raza@example.com,2018-10-02
E1857,  Omar Iqbal  ,Male,Finance,Lahore,45,72052,sara.raza@example.com,2018-10-23
E1858,Nida Raza,Male,Sales,Islamabad,53,45470,bilal.hussain@example.com,2021-08-09
E1859,  Omar Iqbal  ,Male,IT,Karachi,29,80674,bilaliqbalexample.com,2021-07-26
E1860,Sara Raza,Male,Operations,Faisalabad,29,44211,omar.malik@example.com,2020-04-18
E1861,Ahmed Malik,Female,Operations,Islamabad,32,59196,ali.hussain@example.com,2016-03-29
E1862,Bilal Sheikh,Male,IT,Karachi,40,72626,zain.qureshi@example.com,2020-08-07
E1863,Sara Qureshi,Female,Finance,Faisalabad,28,53192,sara.khan@example.com,2016-08-21
E1864,Hina Ahmed,Female,HR,Faisalabad,30,47832,ali.sheikh@example.com,2019-11-20
E1865,Nida Iqbal,Female,Marketing,Karachi,54,59909,ali.malik@example.com,2022-09-03
E1866,Fatima Ahmed,Male,Marketing,Lahore,35,82764,nida.iqbal@example.com,2020-01-27
E1867,Nida Sheikh,Male,,Lahore,22,35487,omar.hussain@example.com,2016-10-05
E1868,Zain Malik,Male,IT,Faisalabad,23,35466,nida.hussain@example.com,2022-04-08
E1869,Fatima Malik,Female,Marketing,Karachi,49,39395,bilal.sheikh@example.com,2016-02-09
E1870,Ahmed Sheikh,Male,,Islamabad,33,73222,hina.ahmed@example.com,2015-01-29
E1871,Ayesha Iqbal,Female,,Multan,37,85680,sara.khan@example.com,2019-06-24
E1872,Ayesha Iqbal,Female,HR,Islamabad,29,44838,ahmed.hussain@example.com,2019-12-28
E1873,Hina Sheikh,Female,IT,Karachi,54,54281,hina.hussain@example.com,2015-01-15
E1874,Hina Hussain,Male,,,35,63310,ahmed.ahmed@example.com,2020-05-20
E1875,Fatima Qureshi,Male,Sales,,32,70605,nida.iqbal@example.com,08/06/2015
E1876,Fatima Khan,Female,Marketing,Islamabad,39,47153,hina.sheikh@example.com,2016-09-28
E1877,Sara Iqbal,Male,,Lahore,45,31740,omar.iqbal@example.com,2015-08-13
E1878,Bilal Qureshi,Female,,Multan,29,70042,ahmed.qureshi@example.com,2017-10-13
E1879,Hina Iqbal,Male,Marketing,Faisalabad,48,64970,zainqureshiexample.com,2016-08-02
E1880,Hina Qureshi,Male,Sales,,53,52906,ayesha.qureshi@example.com,2018-10-12
E1881,Nida Khan,Male,IT,Multan,27,68933,zain.khan@example.com,2015-10-13
E1882,  Sara Hussain  ,Male,HR,Faisalabad,53,50048,bilal.iqbal@example.com,2021-01-29
E1883,Sara Hussain,Male,HR,Karachi,50,89231,ahmed.qureshi@example.com,2021-02-15
E1884,Hina Qureshi,Male,Operations,Lahore,47,62063,hina.malik@example.com,2020-05-23
E1885,Ahmed Malik,Male,Sales,Faisalabad,29,40720,omar.ahmed@example.com,2016-07-12
E1886,Bilal Ahmed,Male,,Faisalabad,49,82496,zain.iqbal@example.com,2020-06-03
E1887,Ali Qureshi,Male,Operations,,22,61797,nida.sheikh@example.com,2018-04-15
E1888,Omar Malik,Male,Marketing,Karachi,53,75197,ali.khan@example.com,2018-01-09
E1889,Sara Hussain,Male,Operations,Faisalabad,27,83861,ayesha.khan@example.com,2015-05-02
E1890,Ali Qureshi,Male,,Multan,28,52300,bilal.ahmed@example.com,19/03/2020
E1891,Ahmed Qureshi,Female,Finance,Karachi,52,42838,zain.malik@example.com,2017-06-20
E1892,Ahmed Raza,Female,,Lahore,31,86688,ayesha.iqbal@example.com,2018-08-18
E1893,Nida Ahmed,Male,Operations,Lahore,31,44128,sara.malik@example.com,2015-08-23
E1894,Nida Iqbal,Male,IT,Karachi,37,57532,nida.raza@example.com,2015-05-08
E1895,Ayesha Raza,Male,Operations,Lahore,36,75527,zain.qureshi@example.com,2020-09-28
E1896,Ali Ahmed,Male,Operations,Karachi,42,89663,ahmed.qureshi@example.com,2019-01-15
E1897,Nida Sheikh,Female,,Faisalabad,29,53221,omar.khan@example.com,2017-07-06
E1898,Zain Hussain,Female,Marketing,Karachi,37,61380,omar.qureshi@example.com,2020-09-05
E1899,Bilal Malik,Female,Marketing,,35,35691,zain.khan@example.com,2019-10-25
E1900,Omar Khan,Female,HR,Faisalabad,45,45072,ali.iqbal@example.com,2022-09-02
E1901,Ayesha Sheikh,Male,Operations,Faisalabad,35,53989,ahmed.qureshi@example.com,2015-12-08
E1902,Fatima Raza,Male,Sales,Faisalabad,27,72821,bilal.iqbal@example.com,2017-11-22
E1903,Omar Qureshi,Male,,Karachi,45,38021,nida.qureshi@example.com,2022-12-27
E1904,Zain Iqbal,Male,Sales,Faisalabad,37,49994,zain.raza@example.com,2020-01-18
E1905,Ahmed Malik,Male,,Faisalabad,44,76333,omar.khan@example.com,2017-10-24
E1906,Zain Ahmed,Male,Marketing,Lahore,49,35450,ali.iqbal@example.com,2016-01-05
E1907,Hina Ahmed,Male,Marketing,Lahore,32,42619,alikhanexample.com,2019-09-11
E1908,Ahmed Qureshi,Male,Marketing,Islamabad,51,73375,ahmed.raza@example.com,2021-02-06
E1909,Fatima Malik,Male,,Lahore,30,32101,sara.hussain@example.com,2016-12-29
E1910,Omar Raza,Female,HR,,41,44975,ali.sheikh@example.com,2020-04-23
E1911,Sara Qureshi,Female,Sales,,44,41465,fatima.malik@example.com,2017-09-20
E1912,Zain Ahmed,Male,HR,Islamabad,23,80768,bilal.malik@example.com,2017-07-27
E1913,Ayesha Qureshi,Male,Sales,Faisalabad,39,56005,sara.khan@example.com,2015-04-06
E1914,Ali Khan,Female,,Islamabad,23,87097,fatima.hussain@example.com,2017-01-23
E1915,Hina Khan,Male,Marketing,Islamabad,38,72115,fatima.iqbal@example.com,2018-01-15
E1916,Ayesha Qureshi,Male,,Multan,28,79155,nida.ahmed@example.com,2018-05-17
E1917,Omar Raza,Female,,Multan,39,57076,ahmed.qureshi@example.com,2019-10-05
E1918,Ayesha Hussain,Female,Marketing,Lahore,50,65381,nida.ahmed@example.com,2017-12-04
E1919,Zain Malik,Female,HR,Multan,53,68990,hina.iqbal@example.com,2016-07-29
E1920,Zain Malik,Male,Finance,Faisalabad,27,59688,ali.hussain@example.com,2017-10-23
E1921,Ayesha Khan,Female,Sales,Lahore,49,36462,bilal.iqbal@example.com,2019-06-25
E1922,Zain Raza,Male,Operations,,32,79887,ahmed.ahmed@example.com,2016-06-01
E1923,  Ahmed Malik  ,Female,HR,,33,35301,ali.raza@example.com,2021-03-10
E1924,Hina Malik,Male,Operations,Multan,26,,nida.khan@example.com,2021-08-17
E1925,  Sara Qureshi  ,Male,HR,Faisalabad,30,68132,ayesha.hussain@example.com,2017-11-12
E1926,Fatima Malik,Male,Sales,Lahore,40,42454,ahmed.raza@example.com,2022-11-30
E1927,Omar Sheikh,Male,Sales,Karachi,40,46044,ayesha.hussain@example.com,2017-07-07
E1928,Sara Iqbal,Male,Sales,Lahore,46,42477,bilal.qureshi@example.com,2016-09-15
E1929,Ahmed Malik,Female,Sales,Islamabad,32,69754,hina.iqbal@example.com,2016-06-28
E1930,Zain Sheikh,Female,IT,,28,55972,ahmedhussainexample.com,2017-11-05
E1931,Ayesha Sheikh,Male,Sales,Lahore,47,38226,ali.khan@example.com,2017-09-02
E1932,Nida Khan,Female,HR,Lahore,34,85297,sara.malik@example.com,2016-02-06
E1933,Ayesha Qureshi,Male,Operations,Islamabad,46,30856,omar.ahmed@example.com,2017-01-15
E1934,Sara Sheikh,Male,,,30,81142,hina.qureshi@example.com,2021-10-06
E1935,Nida Qureshi,Male,,,53,69356,omar.raza@example.com,2016-09-11
E1936,Ahmed Malik,Male,IT,Islamabad,22,84911,ahmed.qureshi@example.com,2017-10-16
E1937,Ahmed Iqbal,Male,Operations,Multan,35,36405,ali.hussain@example.com,2019-05-26
E1938,Omar Ahmed,Male,IT,Faisalabad,55,50257,zainmalikexample.com,2016-06-29
E1939,Sara Hussain,Male,IT,Lahore,49,34843,omar.sheikh@example.com,2017-11-30
E1940,Sara Hussain,Female,Sales,Lahore,40,55254,zain.qureshi@example.com,16/02/2015
E1941,Ali Hussain,Female,Marketing,,50,73829,ayesha.raza@example.com,2015-07-04
E1942,Nida Raza,Female,,Karachi,36,82231,omar.malik@example.com,2020-09-05
E1943,Zain Khan,Female,Sales,Lahore,31,42574,ahmed.hussain@example.com,2021-09-07
E1944,Sara Qureshi,Male,Finance,Islamabad,32,68988,bilal.sheikh@example.com,2018-07-03
E1945,Sara Qureshi,Female,Sales,Karachi,35,68318,zain.malik@example.com,2021-10-12
E1946,Ahmed Khan,Male,Marketing,Karachi,30,Rs 64540,omar.hussain@example.com,2020-05-04
E1947,Fatima Sheikh,Female,Operations,Multan,30,Rs 48468,zain.raza@example.com,2017-08-22
E1948,Nida Iqbal,Female,Finance,Lahore,38,40502,omar.hussain@example.com,21/11/2021
E1949,Ayesha Qureshi,Female,Marketing,Islamabad,32,84208,nida.malik@example.com,2022-11-21
E1950,Ahmed Khan,Female,Sales,Multan,49,64823,ahmed.iqbal@example.com,2015-05-21
E1951,Ali Hussain,Male,Sales,Islamabad,34,42436,ahmed.hussain@example.com,2022-10-03
E1952,Ali Iqbal,Female,Operations,Karachi,50,75493,nida.qureshi@example.com,2022-10-04
E1953,Bilal Iqbal,Female,IT,Karachi,35,46067,nida.ahmed@example.com,2016-01-09
E1954,Omar Malik,Female,Sales,Lahore,47,31406,ahmed.hussain@example.com,2019-04-23
E1955,Bilal Sheikh,Male,Sales,,54,63931,sara.khan@example.com,2015-10-26
E1956,Zain Malik,Female,Sales,Lahore,27,44526,ahmed.raza@example.com,2015-10-31
E1957,Sara Sheikh,Female,Operations,Lahore,32,76100,ahmed.raza@example.com,2022-10-18
E1958,Omar Malik,Male,Sales,Islamabad,43,Rs 87238,hina.iqbal@example.com,2015-02-06
E1959,Omar Raza,Male,Operations,Islamabad,38,62956,ayesha.iqbal@example.com,2018-04-02
E1960,Ahmed Iqbal,Male,Operations,Faisalabad,28,45609,sara.khan@example.com,2016-08-09
E1961,Nida Khan,Female,Operations,Islamabad,40,32179,zainhussainexample.com,2017-08-22
E1962,  Ayesha Malik  ,Male,Marketing,Faisalabad,43,70730,zain.raza@example.com,2016-07-29
E1963,Ayesha Khan,Male,Marketing,,30,85106,zain.hussain@example.com,2020-02-18
E1964,Fatima Hussain,Female,,,55,43554,omar.khan@example.com,2017-09-14
E1965,Ayesha Hussain,Male,,,53,38284,omar.iqbal@example.com,2018-08-13
E1966,Ahmed Khan,Male,Operations,,39,36193,zainahmedexample.com,2021-07-28
E1967,Omar Hussain,Female,Marketing,Faisalabad,52,Rs 53717,nida.qureshi@example.com,2020-08-13
E1968,Zain Malik,Male,Finance,Karachi,44,,bilal.raza@example.com,2020-08-12
E1969,Bilal Ahmed,Male,Finance,Faisalabad,22,78867,nida.hussain@example.com,02/10/2017
E1970,Nida Sheikh,Male,,Lahore,39,49823,ayesha.raza@example.com,27/06/2015
E1971,Zain Malik,Female,Sales,,38,48448,ayesha.hussain@example.com,2021-08-15
E1972,Ahmed Raza,Female,Operations,Multan,51,75851,ali.qureshi@example.com,2020-09-20
E1973,Ali Khan,Male,Sales,Faisalabad,40,Rs 58678,nida.iqbal@example.com,08/09/2022
E1974,  Ali Raza  ,Male,Finance,,27,84622,zain.sheikh@example.com,2021-11-25
E1975,Fatima Iqbal,Female,HR,Lahore,50,57966,bilal.ahmed@example.com,2021-10-12
E1976,Ayesha Khan,Male,Operations,Faisalabad,49,32172,bilal.iqbal@example.com,2019-09-07
E1977,Omar Raza,Male,Sales,Multan,41,51893,ayesha.hussain@example.com,2015-12-02
E1978,Omar Ahmed,Female,HR,Faisalabad,35,86237,ali.malik@example.com,2016-08-25
E1979,Ahmed Ahmed,Female,IT,,39,48248,hina.raza@example.com,2018-08-15
E1980,Ali Sheikh,Female,Sales,Lahore,39,55143,bilal.raza@example.com,2018-07-26
E1981,Bilal Khan,Male,Finance,Faisalabad,26,40776,nida.malik@example.com,2018-05-30
E1982,Ahmed Qureshi,Male,,Lahore,22,86557,zain.sheikh@example.com,2018-11-15
E1983,Zain Ahmed,Female,HR,Karachi,44,72184,omar.hussain@example.com,2020-01-11
E9734,Hina Khan,Female,Operations,Multan,51,,ayesha.qureshi@example.com,2017-11-16
E1985,Zain Hussain,Female,Marketing,Islamabad,41,42848,omar.khan@example.com,2015-04-25
E1986,Sara Qureshi,Female,Finance,Lahore,24,80946,bilal.qureshi@example.com,2022-02-23
E1987,Hina Raza,Female,Marketing,Multan,46,32590,ali.qureshi@example.com,2017-05-18
E1988,Bilal Raza,Male,Operations,,42,50227,ayesha.ahmed@example.com,2021-01-05
E1989,Omar Khan,Male,Marketing,Multan,33,63724,sara.sheikh@example.com,2022-06-08
E1990,Fatima Khan,Male,Finance,Islamabad,44,81088,nida.khan@example.com,2019-03-06
E1991,Ali Iqbal,Male,IT,,35,48774,hina.malik@example.com,2015-09-28
E1992,Zain Malik,Female,Operations,Faisalabad,33,44033,sara.hussain@example.com,2018-06-28
E1993,Sara Iqbal,Male,Operations,Karachi,37,,fatima.raza@example.com,2016-04-14
E1994,Ali Sheikh,Male,Operations,Lahore,30,58590,zain.raza@example.com,09/12/2018
E1995,Ahmed Khan,Female,,Islamabad,39,78860,bilal.hussain@example.com,2015-04-20
E1996,Bilal Iqbal,Male,Finance,Faisalabad,41,44646,ayesha.qureshi@example.com,2016-03-03
E1997,Fatima Qureshi,Female,Marketing,Islamabad,39,43113,ahmed.raza@example.com,2015-02-07
E1998,Ahmed Malik,Male,Marketing,Faisalabad,36,88123,ali.hussain@example.com,2022-05-03
E1999,Omar Malik,Male,IT,,39,65733,sara.sheikh@example.com,2019-03-09
E2000,Ali Iqbal,Female,Sales,Karachi,45,43666,omar.qureshi@example.com,2015-08-05
E2001,Ayesha Raza,Male,Operations,Multan,29,32139,fatima.iqbal@example.com,13/06/2020
E2002,Fatima Iqbal,Female,IT,Lahore,45,63642,hina.hussain@example.com,2017-10-11
E2003,Fatima Ahmed,Male,IT,Faisalabad,42,30386,omar.ahmed@example.com,2020-12-02
E2004,Sara Malik,Female,Marketing,Lahore,22,58944,hina.iqbal@example.com,2017-12-08
E2005,Ayesha Malik,Male,HR,Lahore,50,74069,sarahussainexample.com,2017-02-24
E2006,Ayesha Qureshi,Male,Operations,Multan,52,74405,bilal.sheikh@example.com,2022-04-18
E2007,Omar Malik,Male,IT,Faisalabad,42,52067,nida.khan@example.com,2016-10-30
E2008,Sara Qureshi,Male,IT,Lahore,38,47928,hina.khan@example.com,2016-03-23
E2009,Zain Malik,Female,Sales,Lahore,53,38601,zain.iqbal@example.com,2022-06-15
E2010,Zain Khan,Male,,Lahore,30,79908,sara.sheikh@example.com,2022-08-08
E2011,Fatima Sheikh,Male,,Islamabad,29,34989,sara.ahmed@example.com,2017-08-07
E2012,Sara Ahmed,Female,Finance,,42,Rs 46943,zain.qureshi@example.com,2020-11-15
E2013,Ali Hussain,Female,Operations,Karachi,50,39248,fatima.ahmed@example.com,2015-07-18
E2014,Ayesha Khan,Female,Operations,,23,,zain.khan@example.com,2016-02-04
E2015,Hina Raza,Female,Marketing,Multan,49,52116,nida.iqbal@example.com,2020-06-29
E2016,Ahmed Sheikh,Female,,Lahore,49,30823,zain.qureshi@example.com,2021-10-08
E2017,Ali Raza,Male,Marketing,Faisalabad,33,71437,ali.qureshi@example.com,2017-01-30
E2018,Omar Ahmed,Male,HR,Multan,44,38143,hina.khan@example.com,2017-10-12
E2019,Ahmed Hussain,Male,Finance,Islamabad,22,41303,hina.hussain@example.com,2017-10-18
E2020,Ahmed Khan,Female,Marketing,Karachi,28,45368,zain.qureshi@example.com,2016-04-15
E2021,Sara Qureshi,Female,Marketing,Faisalabad,49,63551,ali.khan@example.com,2016-08-28
E2022,Ahmed Ahmed,Male,,Islamabad,33,75749,nida.khan@example.com,2021-11-29
E2023,Hina Khan,Female,IT,Islamabad,33,76205,nida.iqbal@example.com,2018-03-21
E2024,Nida Iqbal,Male,IT,,23,47123,fatima.khan@example.com,2016-04-01
E2025,  Omar Qureshi  ,Male,HR,Karachi,41,30681,ahmed.iqbal@example.com,2020-01-17
E2026,Omar Sheikh,Female,,,34,84428,bilal.ahmed@example.com,2021-04-18
E2027,Ayesha Hussain,Male,Operations,Islamabad,50,66359,omar.raza@example.com,2017-01-12
E2028,Ayesha Khan,Female,Finance,Faisalabad,50,52646,hinasheikhexample.com,2018-04-20
E2029,Nida Raza,Female,,Multan,29,59190,nida.qureshi@example.com,2021-09-18
E2030,Hina Iqbal,Female,Marketing,Karachi,38,76757,ahmed.raza@example.com,2017-10-23
E2031,Hina Khan,Female,Marketing,Karachi,40,48371,omar.hussain@example.com,2015-08-28
E2032,Omar Sheikh,Female,Operations,Lahore,52,74835,omar.raza@example.com,2018-05-29
E2033,Bilal Raza,Male,Sales,Lahore,32,66155,bilal.sheikh@example.com,2018-10-23
E2034,Bilal Khan,Male,Sales,Faisalabad,40,59893,ahmed.malik@example.com,2021-02-09
E2035,Fatima Qureshi,Male,IT,Multan,55,58038,nida.ahmed@example.com,15/03/2019
E2036,Hina Ahmed,Female,Finance,Lahore,38,54091,bilal.sheikh@example.com,2016-05-03
E2037,Bilal Ahmed,Male,Operations,Lahore,30,32630,hina.malik@example.com,2016-02-22
E2038,Ayesha Khan,Male,,Islamabad,49,61007,ali.raza@example.com,2019-08-27
E2039,Sara Khan,Female,IT,Karachi,29,49491,ali.qureshi@example.com,2015-01-26
E2040,Zain Khan,Male,,Islamabad,44,48203,sara.qureshi@example.com,2022-07-20
E2041,Hina Ahmed,Male,,Karachi,33,51761,zain.sheikh@example.com,2021-07-01
E2042,Sara Sheikh,Female,Sales,,55,60658,omar.khan@example.com,2022-04-18
E2043,Sara Hussain,Female,Finance,Lahore,37,83175,omar.sheikh@example.com,2018-09-19
E2044,Ali Raza,Male,Operations,Islamabad,22,41231,zain.hussain@example.com,2017-12-11
E2045,Omar Ahmed,Female,Sales,Karachi,42,Rs 37149,ayesha.qureshi@example.com,2019-12-11
E2046,Ayesha Sheikh,Male,HR,Karachi,49,63535,bilal.ahmed@example.com,2016-03-20
E2047,Fatima Ahmed,Female,HR,Islamabad,30,86584,zain.sheikh@example.com,2017-05-06
E2048,Ali Ahmed,Male,Marketing,Multan,25,74170,ayesha.qureshi@example.com,2020-07-29
E2049,Nida Sheikh,Male,IT,,25,38459,hinarazaexample.com,2019-04-16
E2050,Sara Qureshi,Male,,Karachi,54,79340,ayesha.raza@example.com,2015-12-04
E2051,  Ayesha Qureshi  ,Male,Marketing,Islamabad,33,Rs 48857,ali.raza@example.com,2018-11-01
E2052,Ali Raza,Male,,,23,87385,fatima.khan@example.com,2020-12-15
E2053,  Ali Qureshi  ,Female,HR,Faisalabad,52,62276,hina.ahmed@example.com,14/08/2022
E2054,Nida Raza,Male,Marketing,Faisalabad,54,83071,ahmed.qureshi@example.com,2017-08-16
E2055,Fatima Sheikh,Female,Sales,,22,54771,nida.sheikh@example.com,2016-11-28
E2056,  Fatima Khan  ,Female,Finance,Faisalabad,54,66085,fatima.malik@example.com,2017-02-08
E2057,Nida Sheikh,Female,Marketing,,54,85731,hina.malik@example.com,2020-11-16
E2058,Bilal Ahmed,Female,Marketing,,33,Rs 77281,bilal.qureshi@example.com,03/01/2018
E2059,Fatima Iqbal,Female,,Faisalabad,32,47594,zain.hussain@example.com,2020-08-11
E2060,Fatima Hussain,Female,,Lahore,24,81828,ayesha.raza@example.com,2019-10-06
E2061,Ayesha Iqbal,Female,Marketing,Islamabad,30,31162,bilal.malik@example.com,2020-09-29
E2062,Hina Ahmed,Female,Operations,Faisalabad,44,38530,ali.qureshi@example.com,27/03/2015
E2063,Bilal Ahmed,Female,IT,Multan,33,87774,ahmed.malik@example.com,2021-02-03
E2064,Nida Sheikh,Female,Sales,Lahore,29,65603,nida.qureshi@example.com,2022-05-06
E2065,Zain Sheikh,Female,Finance,Islamabad,22,70102,omar.raza@example.com,2021-07-11
E2066,Ali Iqbal,Male,Sales,Multan,39,82530,hina.khan@example.com,2016-07-28
E2067,Nida Khan,Female,Marketing,Islamabad,31,38044,fatima.iqbal@example.com,2017-06-27
E2068,Fatima Raza,Male,HR,Faisalabad,34,43098,bilal.qureshi@example.com,2018-03-10
E2069,Ahmed Qureshi,Female,Marketing,,44,48671,sara.hussain@example.com,2020-01-16
E2070,Ahmed Raza,Male,Sales,Islamabad,38,58304,omar.ahmed@example.com,2015-04-04
E2071,Fatima Sheikh,Male,IT,Islamabad,53,54994,ayesha.sheikh@example.com,2016-06-12
E2072,Ahmed Ahmed,Male,HR,Islamabad,27,39187,alirazaexample.com,2020-06-16
E2073,Zain Raza,Female,IT,Lahore,35,32159,bilal.ahmed@example.com,2018-03-20
E2074,Ahmed Ahmed,Male,HR,,25,76713,saraqureshiexample.com,2019-01-08
E2075,  Ahmed Khan  ,Male,Marketing,Multan,32,52810,omar.qureshi@example.com,2020-07-10
E2076,Hina Iqbal,Female,Finance,Faisalabad,53,50920,ali.sheikh@example.com,2015-10-08
E2077,Omar Qureshi,Female,Operations,,30,61224,sara.hussain@example.com,07/05/2017
E2078,Fatima Iqbal,Female,Marketing,Karachi,22,47863,ayesha.raza@example.com,2020-06-08
E2079,Hina Raza,Male,IT,Karachi,32,81510,ayesha.sheikh@example.com,2022-02-09
E9441,Ahmed Khan,Female,Sales,,42,45438,bilal.khan@example.com,2018-05-20
E2081,Fatima Hussain,Female,HR,Islamabad,27,82524,ahmed.khan@example.com,2016-03-20
E2082,Ahmed Ahmed,Female,,Lahore,23,33896,bilal.qureshi@example.com,2020-09-29
E2083,Omar Sheikh,Male,,Islamabad,22,,ali.raza@example.com,2015-06-03
E2084,Bilal Malik,Male,Operations,,32,52668,zain.khan@example.com,2018-04-18
E2085,Nida Qureshi,Female,Marketing,Multan,32,43444,hina.qureshi@example.com,2015-10-03
E2086,Omar Sheikh,Female,,,52,56114,bilal.raza@example.com,2022-07-07
E2087,Omar Sheikh,Female,Finance,Islamabad,30,86518,fatima.raza@example.com,2019-01-07
E2088,Fatima Raza,Male,Sales,Lahore,45,88160,sara.ahmed@example.com,10/06/2022
E2089,Omar Hussain,Male,IT,Lahore,51,72290,bilal.ahmed@example.com,2015-10-28
E2090,Zain Raza,Male,Finance,,54,72776,bilal.raza@example.com,2016-01-27
E2091,Omar Qureshi,Female,Sales,Faisalabad,55,55743,nida.khan@example.com,2019-12-03
E2092,Fatima Khan,Female,HR,Karachi,37,57058,fatima.sheikh@example.com,2016-12-04
E2093,Zain Qureshi,Male,HR,Islamabad,43,32557,bilal.iqbal@example.com,2016-02-16
E2094,Ali Raza,Female,Marketing,Karachi,38,46153,hina.iqbal@example.com,2022-11-22
E2095,Zain Malik,Female,IT,Faisalabad,35,57477,zain.khan@example.com,2018-11-10
E2096,Ahmed Hussain,Male,HR,Lahore,32,35935,alirazaexample.com,2022-03-24
E2097,Hina Qureshi,Male,Sales,,49,58981,hina.hussain@example.com,2018-04-26
E2098,Zain Malik,Female,Marketing,Lahore,24,69730,ali.khan@example.com,2017-04-27
E2099,Omar Sheikh,Male,IT,Karachi,36,Rs 88754,omar.raza@example.com,2020-09-02
E2100,Omar Ahmed,Female,Marketing,Faisalabad,33,32905,zain.hussain@example.com,2021-08-15
E2101,Ali Hussain,Male,IT,,32,45496,bilal.hussain@example.com,2022-06-08
E2102,Zain Raza,Male,HR,Faisalabad,41,48255,ahmed.raza@example.com,2020-03-10
E2103,Nida Khan,Female,Marketing,Lahore,25,47938,bilal.raza@example.com,2017-04-10
E2104,Ahmed Malik,Female,IT,,22,34425,hina.hussain@example.com,2022-04-16
E2105,Bilal Iqbal,Male,IT,Multan,51,53854,zain.sheikh@example.com,2015-09-18
E2106,Nida Raza,Male,Finance,Multan,52,66662,fatima.malik@example.com,2018-05-18
E2107,Omar Iqbal,Female,Finance,Multan,24,87777,hina.ahmed@example.com,2018-12-25
E2108,Hina Raza,Female,HR,Multan,22,39135,omar.ahmed@example.com,2021-01-17
E2109,Ahmed Iqbal,Male,Marketing,,36,51833,zain.iqbal@example.com,2019-05-25
E2110,Ali Sheikh,Male,Operations,Lahore,52,81014,ahmed.malik@example.com,2022-02-07
E2111,Hina Sheikh,Female,HR,Faisalabad,28,77125,zain.iqbal@example.com,2019-01-31
E2112,Ayesha Raza,Male,HR,,53,85595,bilal.khan@example.com,2016-07-28
E2113,Ayesha Khan,Male,IT,Islamabad,28,Rs 71525,zain.ahmed@example.com,2018-04-07
E2114,Omar Raza,Male,HR,Karachi,44,55155,nida.ahmed@example.com,2019-09-14
E2115,Ayesha Hussain,Female,Finance,Lahore,25,Rs 57235,ali.iqbal@example.com,2017-06-30
E2116,Ahmed Malik,Male,Finance,Faisalabad,46,,nida.ahmed@example.com,2019-10-27
E2117,Omar Ahmed,Female,,Islamabad,42,54948,hina.iqbal@example.com,2016-11-06
E2118,Bilal Qureshi,Female,,,31,57265,fatima.ahmed@example.com,2020-07-26
E2119,Ali Iqbal,Female,Operations,Faisalabad,40,88833,ayesha.iqbal@example.com,2018-05-15
E2120,Ayesha Sheikh,Female,Sales,Multan,46,43155,ayesha.iqbal@example.com,2017-04-03
E2121,Nida Malik,Female,,Faisalabad,22,41309,fatima.malik@example.com,2022-02-07
E2122,Nida Malik,Female,Operations,,54,44389,hina.iqbal@example.com,2021-12-29
E2123,Bilal Ahmed,Female,IT,Lahore,54,55312,ayesha.iqbal@example.com,2020-10-09
E2124,Zain Iqbal,Male,HR,Islamabad,45,54542,saraahmedexample.com,2019-10-20
E2125,  Nida Qureshi  ,Female,Finance,,32,49790,hina.khan@example.com,2017-06-04
E2126,Zain Iqbal,Male,Finance,Karachi,25,89669,ahmed.qureshi@example.com,2019-01-26
E2127,  Nida Iqbal  ,Female,,Faisalabad,42,40360,hina.iqbal@example.com,2020-03-16
E2128,  Fatima Raza  ,Female,Marketing,Islamabad,29,37431,sara.hussain@example.com,2018-05-26
E2129,Hina Hussain,Male,Sales,Karachi,44,37163,sara.raza@example.com,2020-04-29
E2130,Ali Ahmed,Female,Finance,Faisalabad,27,72700,bilal.raza@example.com,2019-01-07
E2131,Zain Hussain,Female,Finance,Lahore,33,75286,ayesha.qureshi@example.com,2016-05-11
E2132,Hina Malik,Male,,Lahore,30,36258,sara.qureshi@example.com,2015-06-28
E2133,Sara Sheikh,Female,Marketing,Faisalabad,54,70012,nida.malik@example.com,2015-04-18
E2134,Hina Ahmed,Male,IT,,48,31075,ayesha.khan@example.com,2022-10-29
E2135,Omar Malik,Male,,,46,36498,omar.khan@example.com,2018-03-13
E2136,Sara Iqbal,Female,Operations,Faisalabad,24,34067,zain.khan@example.com,2016-12-03
E2137,Bilal Ahmed,Female,Finance,Faisalabad,23,70414,bilal.sheikh@example.com,2022-02-14
E2138,Bilal Sheikh,Female,,Karachi,51,39692,ali.malik@example.com,2021-04-09
E2139,Bilal Iqbal,Female,,Islamabad,40,88470,sara.hussain@example.com,2017-06-23
E2140,Bilal Khan,Female,Sales,Faisalabad,39,61192,ayesha.iqbal@example.com,2018-11-28
E2141,Sara Khan,Female,IT,,29,52897,fatima.malik@example.com,2021-01-25
E2142,Hina Khan,Female,Sales,Islamabad,28,32157,hina.raza@example.com,2016-07-31
E2143,Sara Hussain,Female,HR,Multan,50,80807,bilal.malik@example.com,2018-12-02
E2144,Hina Iqbal,Male,IT,Faisalabad,29,,fatima.qureshi@example.com,2016-05-27
E2145,Ahmed Khan,Male,HR,Karachi,45,78817,omar.raza@example.com,2016-10-05
E2146,Hina Qureshi,Male,HR,Faisalabad,25,80581,ali.khan@example.com,12/04/2018
E2147,Hina Ahmed,Male,Operations,,37,82186,fatima.sheikh@example.com,2022-04-05
E2148,Zain Malik,Male,Marketing,Faisalabad,47,,hina.khan@example.com,2017-12-28
E2149,Omar Khan,Male,Operations,Lahore,40,73435,fatima.khan@example.com,2015-10-11
E2150,Nida Raza,Female,IT,Karachi,54,Rs 56444,hina.sheikh@example.com,2018-07-15
E2151,Sara Raza,Male,Operations,Multan,53,50342,sara.raza@example.com,2017-06-23
E2152,Omar Khan,Male,Sales,Lahore,37,57015,hina.iqbal@example.com,2020-07-31
E2153,Ali Qureshi,Female,IT,Karachi,52,39221,ahmed.malik@example.com,2015-11-16
E2154,Ayesha Khan,Male,IT,Multan,30,81908,sara.malik@example.com,2019-11-26
E2155,Nida Hussain,Male,HR,Multan,44,77504,bilal.raza@example.com,2016-03-07
E1258,Zain Iqbal,Female,HR,Karachi,23,89449,fatima.hussain@example.com,2020-03-25
E2157,Fatima Qureshi,Female,Operations,Lahore,28,86697,ayesha.qureshi@example.com,2019-06-30
E2158,Hina Hussain,Female,Operations,Karachi,31,83281,sara.malik@example.com,02/11/2021
E2159,Nida Iqbal,Male,Finance,Lahore,42,49162,zain.ahmed@example.com,2021-04-05
E2160,Ali Ahmed,Male,IT,Islamabad,49,61895,omar.iqbal@example.com,2020-09-16
E2161,Nida Hussain,Female,,Faisalabad,54,43792,ahmed.khan@example.com,2016-10-20
E2162,Ahmed Qureshi,Male,Sales,Faisalabad,39,69781,sara.qureshi@example.com,2020-12-29
E2163,Zain Ahmed,Female,Marketing,Multan,55,31433,ayesha.ahmed@example.com,2020-08-15
E2164,Zain Hussain,Male,Sales,Faisalabad,35,54652,hina.malik@example.com,2017-12-23
E2165,Bilal Raza,Female,HR,,39,66058,hina.malik@example.com,2020-04-23
E2166,Nida Iqbal,Male,Finance,,36,78834,ayesha.sheikh@example.com,2015-11-17
E2167,Ayesha Khan,Female,HR,Islamabad,30,81607,fatima.hussain@example.com,2020-06-22
E2168,Zain Hussain,Female,HR,Faisalabad,50,70005,nida.ahmed@example.com,2015-08-26
E2169,Omar Iqbal,Male,IT,Islamabad,49,38151,hina.ahmed@example.com,2016-05-31
E2170,Nida Raza,Male,Finance,Karachi,53,41832,fatima.hussain@example.com,2018-03-15
E2171,Sara Qureshi,Female,IT,,26,52717,omar.iqbal@example.com,2020-02-15
E2172,Fatima Hussain,Male,Marketing,Lahore,43,62987,ahmed.sheikh@example.com,2018-07-04
E2173,Bilal Sheikh,Male,IT,Multan,41,42844,zain.hussain@example.com,2017-08-17
E2174,Hina Sheikh,Female,HR,Islamabad,33,77275,bilal.ahmed@example.com,2021-09-11
E2175,Bilal Sheikh,Female,Sales,Faisalabad,43,86034,ayesha.khan@example.com,2017-01-06
E2176,Fatima Malik,Male,Marketing,Multan,42,80716,nida.iqbal@example.com,2016-05-12
E2177,Sara Hussain,Male,Sales,Faisalabad,53,68347,nida.qureshi@example.com,2019-10-14
E2178,Fatima Ahmed,Male,IT,Lahore,27,63563,bilal.raza@example.com,2022-05-27
E2179,Zain Qureshi,Male,Sales,Karachi,41,70886,sara.sheikh@example.com,2018-01-31
E2180,Hina Khan,Female,HR,Islamabad,50,38389,ayesha.malik@example.com,2018-04-24
E2181,Nida Malik,Female,HR,Lahore,53,45476,sara.iqbal@example.com,2018-10-19
E2182,Sara Malik,Male,Operations,,25,38777,sara.sheikh@example.com,2021-10-30
E2183,Omar Hussain,Male,Finance,Faisalabad,24,37971,hina.qureshi@example.com,2019-04-21
E2184,Ayesha Sheikh,Female,HR,Islamabad,51,42137,hina.raza@example.com,2019-09-29
E2185,Fatima Iqbal,Female,,,27,53755,sara.ahmed@example.com,2021-11-13
E2186,Hina Sheikh,Female,Finance,,27,83589,sara.ahmed@example.com,2021-04-20
E2187,Ayesha Malik,Male,,Lahore,25,71281,zain.raza@example.com,2020-02-15
E2188,Ayesha Ahmed,Female,Finance,Islamabad,36,46881,nida.ahmed@example.com,2020-08-25
E2189,Ali Qureshi,Female,IT,Lahore,45,75015,ali.raza@example.com,2022-10-18
E2190,Ayesha Sheikh,Male,,Islamabad,34,63432,hina.iqbal@example.com,22/12/2015
E2191,Ahmed Sheikh,Male,Operations,Lahore,36,35122,zain.khan@example.com,31/10/2019
E2192,Omar Iqbal,Female,HR,,47,41399,ahmed.iqbal@example.com,2016-07-13
E2193,  Hina Iqbal  ,Male,Sales,Lahore,36,Rs 73322,ahmed.raza@example.com,2015-09-04
E2194,Bilal Raza,Female,IT,Faisalabad,44,Rs 84110,zain.iqbal@example.com,2021-09-19
E2195,Ali Ahmed,Female,Marketing,Lahore,31,82007,sara.khan@example.com,2019-03-11
E2196,  Bilal Raza  ,Female,Marketing,Karachi,29,40939,nida.hussain@example.com,2017-01-15
E2197,Ali Raza,Male,Operations,,52,85162,ali.sheikh@example.com,2018-05-02
E2198,Fatima Hussain,Female,Marketing,,33,84651,hina.iqbal@example.com,2018-03-18
E2199,Omar Hussain,Male,Operations,Multan,34,43699,omarqureshiexample.com,2017-05-05
E2200,Ali Hussain,Female,IT,Lahore,39,63451,bilal.khan@example.com,2015-05-05
E2201,Hina Ahmed,Female,Sales,Multan,22,58718,sara.hussain@example.com,2022-01-20
E2202,Ayesha Ahmed,Female,Finance,Lahore,43,47220,sara.khan@example.com,2016-02-24
E2203,Hina Ahmed,Female,Finance,Lahore,27,57168,ali.raza@example.com,2016-03-21
E2204,  Ayesha Iqbal  ,Female,IT,Lahore,45,44214,fatima.iqbal@example.com,2017-10-04
E2205,Sara Sheikh,Female,Sales,Islamabad,42,Rs 30400,ahmed.iqbal@example.com,2019-08-28
E2206,Ali Sheikh,Female,,Faisalabad,49,79347,ayesha.khan@example.com,2020-08-25
E2207,Ali Iqbal,Male,Finance,Islamabad,48,61853,omar.malik@example.com,2016-04-08
E2208,Zain Khan,Male,IT,Islamabad,37,71747,ahmed.khan@example.com,2015-05-07
E2209,Ali Malik,Female,Operations,,29,65659,ayesha.iqbal@example.com,2016-06-22
E2210,Ali Khan,Female,Finance,,39,39684,ali.malik@example.com,2021-03-31
E2211,Omar Qureshi,Female,Operations,Lahore,36,37541,sara.khan@example.com,2016-01-13
E2212,Bilal Hussain,Male,Marketing,,51,31336,omar.sheikh@example.com,2020-11-04
E2213,Ayesha Raza,Female,Sales,,25,82102,omar.iqbal@example.com,2017-03-22
E2214,Ali Hussain,Female,,Karachi,46,Rs 87766,ayesha.raza@example.com,2020-12-26
E2215,Ahmed Hussain,Male,Operations,,29,90000,ahmed.sheikh@example.com,2015-09-17
E2216,Ayesha Iqbal,Male,Operations,Karachi,26,60391,omar.qureshi@example.com,2020-09-29
E2217,Ahmed Malik,Male,Sales,,43,72022,fatima.raza@example.com,2015-06-18
E2218,Ahmed Qureshi,Male,Finance,Islamabad,41,39850,sara.qureshi@example.com,2019-08-04
E2219,Sara Hussain,Female,IT,Faisalabad,31,66474,fatima.qureshi@example.com,2021-05-25
E2220,Sara Ahmed,Male,IT,Lahore,29,,nida.qureshi@example.com,2019-10-07
E2221,  Zain Sheikh  ,Female,Sales,Lahore,29,72140,sara.hussain@example.com,2015-02-07
E2222,Hina Raza,Male,Marketing,,55,53702,omar.raza@example.com,2017-06-20
E2223,Hina Ahmed,Female,Finance,Faisalabad,54,88747,bilal.ahmed@example.com,2022-07-04
E2224,Ali Malik,Female,Marketing,Islamabad,43,39834,ayesha.malik@example.com,2022-07-23
E2225,Nida Qureshi,Female,Operations,,38,35413,zain.qureshi@example.com,2019-03-29
E2226,Ahmed Malik,Female,Marketing,Islamabad,29,82481,fatima.raza@example.com,2022-10-26
E2227,Ahmed Hussain,Female,Finance,Karachi,31,74250,nida.raza@example.com,2020-05-28
E2228,Hina Hussain,Male,Sales,Islamabad,46,51695,ali.raza@example.com,2015-05-18
E2229,Ali Malik,Male,Operations,Islamabad,42,36134,bilal.ahmed@example.com,2021-08-14
E2230,Ali Hussain,Female,IT,Karachi,43,58032,zain.qureshi@example.com,2022-11-30
E2231,Fatima Iqbal,Male,Operations,,29,56683,bilal.ahmed@example.com,02/08/2020
E2232,  Ahmed Khan  ,Female,,Faisalabad,52,48285,zain.sheikh@example.com,2020-01-06
E2233,Ayesha Sheikh,Male,Sales,Multan,35,72730,zain.ahmed@example.com,2022-04-20
E2234,Hina Hussain,Male,HR,Karachi,36,67783,bilal.ahmed@example.com,2022-11-19
E2235,Ahmed Ahmed,Male,Operations,Islamabad,47,33378,nida.qureshi@example.com,2017-10-24
E2236,Ayesha Malik,Female,Finance,Islamabad,46,74304,bilal.khan@example.com,2019-11-26
E2237,Hina Hussain,Female,HR,Multan,49,40274,zain.malik@example.com,2016-09-30
E2238,Hina Iqbal,Female,,Lahore,41,82250,nida.khan@example.com,2016-04-06
E2239,Ayesha Malik,Male,Operations,Islamabad,29,56281,ali.malik@example.com,2018-08-11
E2240,Ali Sheikh,Male,Finance,Islamabad,39,56942,ahmed.malik@example.com,2019-12-15
E2241,Nida Qureshi,Male,,Lahore,36,54389,zain.khan@example.com,2020-11-07
E2242,Hina Sheikh,Male,Marketing,Karachi,27,36130,ayesha.hussain@example.com,2019-06-08
E2243,Fatima Khan,Female,Marketing,,35,40280,bilal.raza@example.com,2017-08-03
E2244,Ayesha Qureshi,Male,,,50,61143,ahmedkhanexample.com,2022-12-10
E2245,Ahmed Iqbal,Female,Finance,,38,75767,hina.khan@example.com,2022-09-26
E2246,Ahmed Hussain,Male,Operations,,23,73807,fatima.qureshi@example.com,2022-08-10
E2247,Ali Raza,Male,,Faisalabad,22,37555,hina.raza@example.com,2022-08-16
E2248,Fatima Malik,Female,HR,Faisalabad,27,51715,nida.qureshi@example.com,2021-10-31
E2249,Sara Qureshi,Female,Marketing,Multan,25,42511,ali.iqbal@example.com,2021-10-11
E2250,Omar Sheikh,Female,IT,Lahore,29,65809,bilal.hussain@example.com,2015-11-07
E2251,  Bilal Khan  ,Female,Finance,Lahore,28,60406,ayesha.sheikh@example.com,10/01/2015
E2252,Ayesha Qureshi,Male,,Lahore,22,74459,sara.sheikh@example.com,2022-07-01
E2253,Ayesha Malik,Male,HR,Faisalabad,48,72083,zainhussainexample.com,2021-06-07
E2254,Fatima Raza,Male,Marketing,Karachi,37,45077,ahmed.raza@example.com,2018-09-23
E2255,Zain Khan,Female,Finance,,32,61788,ayesha.qureshi@example.com,09/03/2015
E2256,Bilal Iqbal,Female,Sales,Karachi,33,82332,omar.raza@example.com,2019-10-26
E2257,Sara Malik,Female,HR,Lahore,39,42539,ahmed.ahmed@example.com,2015-04-11
E2258,Nida Qureshi,Male,,Islamabad,39,37928,sara.iqbal@example.com,2022-12-04
E2259,Hina Qureshi,Female,Sales,Karachi,37,53582,fatima.malik@example.com,2021-06-05
E2260,Hina Khan,Male,Sales,Faisalabad,32,31987,sara.khan@example.com,2019-05-29
E2261,Omar Khan,Male,Finance,Islamabad,46,37094,nida.malik@example.com,2018-01-03
E2262,Ali Malik,Female,Finance,Lahore,44,64540,sara.hussain@example.com,2018-11-14
E2263,Nida Hussain,Female,Marketing,Multan,38,47915,zain.iqbal@example.com,2018-12-20
E2264,Bilal Raza,Male,Marketing,Multan,42,36158,ahmed.hussain@example.com,2017-02-08
E2265,Hina Ahmed,Male,IT,Lahore,27,30006,ahmed.sheikh@example.com,2015-09-29
E2266,Ali Raza,Male,IT,Lahore,54,64069,omar.sheikh@example.com,2020-02-11
E2267,Fatima Qureshi,Female,Finance,Lahore,54,Rs 60487,sara.qureshi@example.com,2022-01-05
E2268,Fatima Qureshi,Male,Sales,Islamabad,29,88570,nida.ahmed@example.com,2021-08-03
E2269,Sara Khan,Female,,Faisalabad,53,74928,zain.khan@example.com,2022-10-19
E2270,Zain Ahmed,Female,,Karachi,54,74056,hina.qureshi@example.com,2021-05-22
E2271,Ali Sheikh,Female,Operations,Karachi,43,69832,hina.raza@example.com,2020-04-25
E2272,Omar Malik,Female,Operations,Islamabad,42,54681,ali.sheikh@example.com,2017-01-22
E2273,Sara Raza,Male,Sales,,26,51117,zain.malik@example.com,2019-02-15
E2274,Omar Raza,Male,Operations,Lahore,50,86477,bilal.hussain@example.com,01/09/2016
E2275,Sara Ahmed,Male,,Faisalabad,29,70624,nida.ahmed@example.com,2016-01-03
E2276,Omar Khan,Male,Operations,Multan,44,42594,zain.qureshi@example.com,2017-08-09
E2277,Nida Malik,Female,IT,,40,33097,omar.iqbal@example.com,2016-12-13
E2278,Hina Qureshi,Female,Finance,Islamabad,37,Rs 86841,sara.iqbal@example.com,09/10/2016
E2279,Bilal Sheikh,Female,Operations,Karachi,47,60510,ayesha.malik@example.com,2017-01-30
E2280,Ali Khan,Female,Marketing,,24,84973,hina.raza@example.com,2021-08-25
E2281,Omar Qureshi,Female,Finance,Multan,35,83328,ali.ahmed@example.com,2020-01-31
E2282,Ayesha Sheikh,Female,Marketing,Lahore,39,Rs 34571,ahmed.ahmed@example.com,2016-09-01
E2283,Ayesha Malik,Male,IT,Karachi,45,84318,hina.raza@example.com,2021-06-08
E2284,Nida Ahmed,Male,Operations,Lahore,38,,ayesha.raza@example.com,2016-08-09
E2285,Omar Iqbal,Female,Marketing,Multan,35,87558,ayesha.sheikh@example.com,2020-11-25
E2286,Sara Hussain,Male,,Multan,23,80522,hina.iqbal@example.com,2016-12-08
E2287,Fatima Hussain,Male,Operations,,40,34181,omar.ahmed@example.com,2017-07-21
E2288,Ayesha Sheikh,Female,Marketing,Faisalabad,39,49847,sara.khan@example.com,2017-08-29
E2289,Bilal Hussain,Male,IT,Islamabad,25,84706,bilalahmedexample.com,2020-12-04
E2290,Bilal Ahmed,Female,Finance,Faisalabad,55,52972,hinarazaexample.com,2016-07-20
E2291,Bilal Raza,Male,Operations,Lahore,24,88352,fatima.ahmed@example.com,2020-11-11
E2292,Nida Hussain,Male,IT,,26,Rs 38907,hina.qureshi@example.com,2022-02-07
E2293,Ayesha Sheikh,Female,Operations,,24,66614,zain.raza@example.com,2016-06-02
E2294,Fatima Malik,Male,IT,Lahore,22,85592,omar.malik@example.com,2022-04-28
E2295,Bilal Qureshi,Male,IT,Lahore,48,59129,ahmed.ahmed@example.com,2019-02-18
E2296,Omar Hussain,Female,,Lahore,42,69017,ahmed.sheikh@example.com,2017-01-24
E2297,Omar Khan,Male,Sales,Lahore,47,54438,omar.hussain@example.com,2022-07-16
E2298,Ali Iqbal,Male,,Karachi,27,74518,omar.sheikh@example.com,2022-02-10
E2299,Ali Raza,Female,IT,,35,69910,ahmed.raza@example.com,2021-12-02
E2300,Ayesha Hussain,Female,HR,Karachi,34,48061,nida.qureshi@example.com,2022-06-02
E2301,Ayesha Khan,Female,,Karachi,34,,omar.iqbal@example.com,2017-08-08
E2302,Zain Raza,Female,Finance,,27,51873,sara.hussain@example.com,2019-11-03
E2303,Ali Ahmed,Female,,Lahore,47,57333,zain.khan@example.com,2015-11-24
E2304,Ahmed Raza,Male,IT,Lahore,52,67856,hina.ahmed@example.com,2019-07-14
E2305,Bilal Iqbal,Male,Marketing,Multan,32,40466,hina.sheikh@example.com,2015-01-09
E2306,Zain Khan,Male,Marketing,Multan,46,80910,bilal.iqbal@example.com,2017-10-04
E2307,Omar Iqbal,Male,Finance,Faisalabad,46,85032,ahmed.raza@example.com,2019-02-10
E2308,  Fatima Khan  ,Female,IT,Multan,40,39764,sara.malik@example.com,2022-02-02
E2309,Zain Raza,Female,Marketing,Islamabad,23,39061,ali.malik@example.com,2018-03-19
E2310,Hina Raza,Female,Marketing,Islamabad,37,78143,hina.iqbal@example.com,2021-04-03
E2311,Fatima Raza,Male,Sales,,25,34784,fatima.khan@example.com,2021-02-04
E2312,Sara Hussain,Female,Marketing,Multan,50,78870,ali.raza@example.com,2018-05-27
E2313,Ahmed Sheikh,Female,,,44,58836,bilalhussainexample.com,2018-01-09
E2314,Bilal Malik,Male,IT,Multan,22,50510,omar.qureshi@example.com,2018-11-25
E2315,Omar Hussain,Female,Marketing,Karachi,43,39734,fatima.qureshi@example.com,2019-06-09
E2316,Ayesha Sheikh,Male,IT,Karachi,23,67459,ahmed.sheikh@example.com,2021-11-15
E2317,Zain Khan,Male,HR,Karachi,49,38547,hina.sheikh@example.com,2021-01-20
E2318,Ayesha Khan,Female,HR,Faisalabad,39,34045,zain.sheikh@example.com,2020-08-13
E2319,Fatima Khan,Female,Sales,,23,37966,hina.sheikh@example.com,2015-08-04
E2320,Nida Hussain,Female,HR,,55,77651,omar.khan@example.com,2020-05-05
E2321,Nida Ahmed,Female,Marketing,Karachi,29,36396,nida.iqbal@example.com,2020-07-12
E2322,Fatima Raza,Female,Marketing,Multan,25,43279,hina.malik@example.com,2021-09-08
E2323,Bilal Malik,Male,Operations,Faisalabad,46,83621,fatima.raza@example.com,2016-08-06
E2324,Ayesha Iqbal,Male,,Islamabad,50,,sara.hussain@example.com,2015-08-13
E2325,Omar Malik,Female,,Lahore,29,84905,nida.hussain@example.com,2021-02-13
E2326,Sara Ahmed,Male,,Islamabad,25,82612,ali.ahmed@example.com,24/08/2021
E2327,Zain Raza,Male,Finance,Karachi,28,34188,ahmed.malik@example.com,2021-05-28
E2328,Nida Qureshi,Female,IT,Islamabad,50,86548,hina.malik@example.com,2019-03-21
E2329,Ali Malik,Male,Marketing,Islamabad,46,77284,hina.khan@example.com,2015-02-09
E2330,Hina Raza,Male,,Multan,45,59687,omar.raza@example.com,2018-10-11
E2331,Nida Raza,Female,IT,Karachi,28,60939,ayesha.raza@example.com,2021-05-22
E2332,Fatima Iqbal,Male,,Karachi,23,58897,ayesha.raza@example.com,2022-10-10
E2333,Ahmed Iqbal,Male,Marketing,Faisalabad,42,75541,zain.sheikh@example.com,2017-08-08
E2334,Zain Khan,Male,Sales,Lahore,32,80197,fatima.hussain@example.com,2019-06-21
E2335,Fatima Qureshi,Male,Finance,,23,66345,sara.sheikh@example.com,2022-10-10
E2336,Zain Raza,Male,,Multan,46,75923,bilal.iqbal@example.com,2017-03-17
E2337,Ahmed Malik,Male,Operations,Islamabad,43,69564,bilal.raza@example.com,2020-09-01
E2338,Bilal Khan,Female,Sales,,35,33641,bilal.sheikh@example.com,2022-06-03
E2339,Sara Raza,Female,HR,Faisalabad,53,46576,omar.sheikh@example.com,2017-05-10
E2340,Omar Malik,Male,Operations,,40,41645,ali.iqbal@example.com,2017-06-28
E2341,Omar Malik,Female,Sales,Lahore,39,49729,fatima.khan@example.com,2018-06-14
E2342,Ayesha Khan,Female,Marketing,Islamabad,44,55364,ahmed.raza@example.com,2019-01-12
E2343,Fatima Khan,Female,Finance,Karachi,44,63614,bilal.khan@example.com,2018-12-21
E2344,Ali Sheikh,Male,HR,Faisalabad,34,36365,ali.raza@example.com,2018-07-22
E2345,Bilal Malik,Male,Operations,,34,53973,ahmed.qureshi@example.com,2018-12-14
E2346,Sara Hussain,Female,IT,,27,50545,ayesha.qureshi@example.com,2021-07-04
E2347,Hina Iqbal,Female,HR,Faisalabad,55,50953,bilal.malik@example.com,2022-12-15
E2348,Ali Iqbal,Male,Finance,,45,49058,bilal.raza@example.com,2020-02-07
E2349,Bilal Khan,Male,HR,Lahore,49,43468,bilal.hussain@example.com,2018-02-10
E2350,Nida Malik,Female,Sales,Islamabad,46,87233,omar.sheikh@example.com,2020-09-29
E2351,Nida Khan,Female,HR,,43,35096,ali.hussain@example.com,2022-06-01
E2352,Ahmed Ahmed,Male,Sales,Faisalabad,38,44371,bilal.ahmed@example.com,2020-04-21
E2353,Ahmed Hussain,Female,HR,Islamabad,37,77504,fatima.iqbal@example.com,2020-10-16
E2354,Zain Malik,Female,Operations,Lahore,38,76430,omar.malik@example.com,2022-08-11
E2355,Hina Iqbal,Female,HR,Faisalabad,51,86024,bilal.sheikh@example.com,2021-01-08
E2356,Ali Qureshi,Male,Marketing,,54,74752,bilal.raza@example.com,2019-05-07
E2357,Sara Sheikh,Male,,Islamabad,28,49490,nida.khan@example.com,2016-08-20
E2358,Bilal Hussain,Male,HR,Karachi,31,Rs 38735,omar.ahmed@example.com,2016-09-08
E2359,Ayesha Hussain,Male,IT,Faisalabad,48,86821,fatima.iqbal@example.com,2019-01-02
E2360,Fatima Khan,Male,HR,,55,37124,sara.raza@example.com,2020-02-21
E2361,Bilal Sheikh,Female,Finance,Lahore,54,69644,fatima.sheikh@example.com,2018-03-21
E2362,Ali Iqbal,Male,IT,Multan,29,61990,fatima.sheikh@example.com,2021-09-15
E2363,Ahmed Hussain,Male,,Faisalabad,22,65436,ahmed.khan@example.com,2019-02-28
E2364,Fatima Raza,Female,,Karachi,52,50885,omar.sheikh@example.com,2016-07-18
E2365,Bilal Sheikh,Male,Sales,Multan,46,62127,omar.iqbal@example.com,2017-07-14
E2366,Sara Hussain,Male,Finance,Karachi,37,53523,sara.iqbal@example.com,2018-05-20
E2367,Ayesha Khan,Female,,Islamabad,33,51072,ayesha.iqbal@example.com,2020-04-22
E2368,Bilal Qureshi,Male,Operations,Multan,25,78030,omar.raza@example.com,2020-05-01
E2369,Ahmed Hussain,Female,Finance,Multan,27,57895,sara.qureshi@example.com,2017-06-27
E2370,Zain Malik,Female,Marketing,Karachi,51,45655,ayesha.raza@example.com,2019-08-05
E2371,Nida Qureshi,Male,HR,Lahore,24,82449,ayesha.khan@example.com,2021-03-26
E2372,Fatima Sheikh,Male,Finance,Lahore,35,46378,ali.hussain@example.com,14/02/2021
E2373,Sara Malik,Male,Marketing,,23,42711,omar.hussain@example.com,2021-07-21
E2374,Ahmed Raza,Female,Sales,Faisalabad,53,36261,nida.sheikh@example.com,2022-08-07
E2375,Hina Ahmed,Male,Marketing,Multan,55,68105,bilal.khan@example.com,2021-05-15
E2376,Zain Sheikh,Male,IT,Karachi,29,70828,hinarazaexample.com,2020-05-28
E2377,Fatima Ahmed,Female,HR,Multan,51,36843,nida.khan@example.com,2018-09-29
E2378,Ayesha Khan,Female,Sales,Islamabad,49,61119,fatima.sheikh@example.com,2017-02-09
E2379,Sara Iqbal,Male,IT,Lahore,30,35901,sara.iqbal@example.com,2021-03-30
E2380,Fatima Sheikh,Female,Marketing,Lahore,37,76145,ahmed.hussain@example.com,2018-05-29
E2381,Fatima Qureshi,Female,Finance,Islamabad,33,67905,omar.malik@example.com,2018-02-01
E2382,Fatima Hussain,Female,,Faisalabad,42,58284,ayesha.ahmed@example.com,2015-03-30
E2383,Ahmed Sheikh,Female,Sales,Lahore,43,64358,fatima.malik@example.com,2016-03-02
E2384,Ahmed Hussain,Female,Sales,Islamabad,55,54881,omar.qureshi@example.com,2020-12-30
E2385,Ayesha Raza,Male,HR,,29,34201,hina.iqbal@example.com,2018-03-08
E2386,Ahmed Malik,Female,HR,Multan,27,56672,zain.khan@example.com,2021-05-13
E2387,Bilal Khan,Female,IT,Faisalabad,29,62308,ayesha.malik@example.com,2016-03-18
E2388,Nida Iqbal,Male,Finance,Faisalabad,32,Rs 59175,ali.khan@example.com,2022-09-04
E2389,Sara Khan,Female,Sales,,50,89689,ayesha.malik@example.com,2021-01-26
E2390,Bilal Qureshi,Female,Finance,,51,59624,bilal.sheikh@example.com,2016-08-30
E2391,Ayesha Ahmed,Female,HR,Lahore,48,39213,fatima.iqbal@example.com,2016-04-05
E2392,Nida Hussain,Female,Operations,Islamabad,28,80657,sara.qureshi@example.com,2018-01-24
E2393,Bilal Malik,Female,HR,Islamabad,45,72651,sara.malik@example.com,2018-10-08
E2394,Bilal Khan,Female,HR,Islamabad,28,56417,bilal.khan@example.com,2019-03-31
E2395,Nida Sheikh,Female,HR,Lahore,23,37160,nida.ahmed@example.com,2018-06-04
E2396,Ayesha Qureshi,Male,Operations,Faisalabad,50,84496,omar.iqbal@example.com,2020-01-08
E2397,Nida Sheikh,Female,Sales,Islamabad,54,39814,zain.ahmed@example.com,2015-05-11
E2398,  Hina Ahmed  ,Female,IT,Faisalabad,39,58267,ayesha.iqbal@example.com,2018-11-02
E2399,Hina Raza,Female,Sales,Islamabad,41,36046,nida.malik@example.com,2015-06-12
E2400,  Fatima Raza  ,Female,Sales,,30,48333,bilal.khan@example.com,2021-04-09
E2401,Sara Ahmed,Female,Marketing,Islamabad,38,Rs 49676,fatima.hussain@example.com,2016-09-09
E2402,  Hina Khan  ,Male,Marketing,Karachi,46,72619,hina.raza@example.com,2016-06-17
E2403,Fatima Malik,Male,,Faisalabad,51,,fatima.khan@example.com,2020-01-06
E2404,Bilal Hussain,Male,Finance,Multan,49,63579,fatima.iqbal@example.com,2019-11-11
E2405,Zain Sheikh,Female,HR,Islamabad,23,60795,fatima.raza@example.com,2022-07-30
E2406,Omar Ahmed,Female,,Karachi,25,Rs 47727,bilal.hussain@example.com,2018-10-30
E2407,Ahmed Hussain,Female,Finance,,38,84796,omar.sheikh@example.com,2019-04-24
E2408,Sara Iqbal,Female,Marketing,Islamabad,30,89483,ayesha.sheikh@example.com,26/04/2016
E2409,Fatima Qureshi,Female,HR,Karachi,44,72473,ayesha.iqbal@example.com,2022-09-09
E2410,Nida Khan,Male,Operations,Karachi,50,85225,hina.malik@example.com,2016-10-09
E2411,Ayesha Qureshi,Male,HR,Lahore,48,62286,hina.iqbal@example.com,2016-07-29
E2412,Ahmed Hussain,Male,Operations,Multan,42,77792,nida.hussain@example.com,2020-08-30
E2413,Ayesha Sheikh,Female,Operations,Karachi,53,63160,omar.ahmed@example.com,2015-09-10
E2414,Ahmed Raza,Female,Operations,Karachi,27,66921,ahmed.raza@example.com,2016-11-22
E2415,Fatima Malik,Male,HR,Faisalabad,33,62210,hina.ahmed@example.com,2017-11-27
E2416,Hina Qureshi,Male,Operations,Islamabad,43,44019,sara.hussain@example.com,2019-04-27
E2417,  Ayesha Iqbal  ,Male,Operations,Karachi,38,83692,hina.qureshi@example.com,2022-04-15
E2418,Ali Sheikh,Male,Marketing,Islamabad,41,34435,hina.raza@example.com,2018-03-04
E2419,Ayesha Sheikh,Female,Sales,Faisalabad,44,76338,fatima.sheikh@example.com,2018-02-16
E2420,Ali Sheikh,Male,IT,Multan,41,30450,hina.raza@example.com,2022-06-24
E2421,Zain Sheikh,Female,Finance,,50,38849,ali.khan@example.com,2019-12-08
E2422,Omar Khan,Male,HR,,44,61927,omar.sheikh@example.com,2019-06-29
E2423,Zain Malik,Male,Marketing,Karachi,27,53029,hina.qureshi@example.com,2022-06-05
E2424,Nida Qureshi,Male,Sales,Faisalabad,47,66729,hina.malik@example.com,2016-02-07
E2425,Ayesha Raza,Male,Marketing,Faisalabad,26,58040,sara.ahmed@example.com,2016-03-08
E2426,Nida Sheikh,Female,HR,Lahore,38,44961,nida.hussain@example.com,2015-04-27
E2427,Ayesha Hussain,Female,,,23,79435,hina.malik@example.com,2018-08-08
E2428,Fatima Qureshi,Female,Marketing,Karachi,26,40615,hina.raza@example.com,2020-01-10
E2429,Ahmed Raza,Male,Finance,Lahore,38,59502,ali.qureshi@example.com,2019-04-02
E2430,  Ayesha Malik  ,Female,HR,Karachi,23,47177,sara.malik@example.com,2015-06-09
E2431,Bilal Iqbal,Female,Finance,Faisalabad,23,52301,ali.qureshi@example.com,2016-10-11
E2432,Nida Malik,Male,HR,Lahore,43,70202,ali.khan@example.com,2020-12-29
E2433,Nida Khan,Male,Operations,,41,32451,sara.sheikh@example.com,2016-03-27
E2434,Bilal Malik,Male,Operations,Multan,41,75877,ali.sheikh@example.com,10/12/2016
E2435,Ayesha Khan,Male,,Karachi,41,39292,ayesharazaexample.com,2017-04-25
E2436,Omar Iqbal,Female,Marketing,Multan,49,58573,ali.iqbal@example.com,2020-02-18
E2437,Ali Iqbal,Female,Finance,Islamabad,32,86485,ali.ahmed@example.com,2018-07-05
E2438,Hina Iqbal,Male,Marketing,Lahore,45,31844,ali.iqbal@example.com,22/03/2015
E2439,Nida Malik,Female,Finance,,31,37714,fatima.iqbal@example.com,2018-07-10
E2440,Zain Qureshi,Male,Finance,,29,56269,sara.raza@example.com,2017-02-10
E2441,Ahmed Hussain,Female,,Karachi,48,32907,fatima.raza@example.com,2016-10-23
E2442,Bilal Iqbal,Male,IT,,44,86408,bilal.ahmed@example.com,2021-11-19
E2443,Ali Khan,Female,Marketing,Islamabad,37,51859,ali.sheikh@example.com,2021-08-29
E2444,Ahmed Khan,Female,,Karachi,51,53246,ahmed.iqbal@example.com,2021-05-10
E2445,Sara Ahmed,Male,Operations,Lahore,35,,hina.sheikh@example.com,2015-06-08
E2446,Ahmed Sheikh,Male,Operations,Islamabad,25,47071,omar.hussain@example.com,2018-02-04
E2447,Nida Hussain,Female,HR,,51,,sara.khan@example.com,2020-07-01
E2448,Bilal Iqbal,Female,HR,Islamabad,47,58122,omar.qureshi@example.com,2022-10-06
E2449,Nida Hussain,Female,,Multan,46,84582,nida.malik@example.com,2019-11-08
E2450,Omar Raza,Female,,Faisalabad,47,43369,nida.qureshi@example.com,2015-03-24
E2451,Bilal Qureshi,Female,HR,Lahore,53,74707,fatima.ahmed@example.com,2015-03-14
E2452,Bilal Qureshi,Male,HR,Karachi,44,44860,nida.khan@example.com,2021-01-25
E2453,Zain Ahmed,Male,Operations,Lahore,31,78378,omar.iqbal@example.com,2020-05-04
E2454,Omar Sheikh,Female,Sales,Islamabad,38,40094,ali.ahmed@example.com,2017-03-18
E2455,Ahmed Raza,Male,IT,Islamabad,41,30659,fatima.sheikh@example.com,2017-02-20
E2456,Ayesha Malik,Female,Finance,Multan,33,47963,ayesha.iqbal@example.com,2018-01-13
E2457,Omar Ahmed,Male,Marketing,Karachi,22,41948,nida.khan@example.com,2016-08-24
E2458,Nida Khan,Male,Finance,,37,89045,zain.sheikh@example.com,2020-09-14
E2459,Ali Malik,Female,HR,Islamabad,28,59617,hina.ahmed@example.com,2021-01-02
E2460,Hina Iqbal,Male,,Karachi,42,46965,omar.iqbal@example.com,2021-04-29
E2461,Zain Raza,Female,,Lahore,52,85559,alirazaexample.com,2020-12-05
E2462,Nida Khan,Female,IT,Karachi,53,44001,omar.khan@example.com,2015-08-29
E2463,Omar Hussain,Male,IT,Lahore,22,81931,fatima.iqbal@example.com,2016-01-31
E2464,Nida Khan,Male,,Karachi,47,54703,sara.malik@example.com,2019-11-06
E2465,Ayesha Qureshi,Male,Finance,Islamabad,44,57041,bilal.hussain@example.com,2015-12-24
E2466,Sara Hussain,Female,,Lahore,26,54428,ayesha.hussain@example.com,2015-03-07
E2467,Nida Raza,Female,Finance,Karachi,28,50854,nida.raza@example.com,2019-04-17
E2468,Ali Ahmed,Male,Operations,Lahore,30,31480,nida.sheikh@example.com,2015-11-17
E2469,Ali Sheikh,Male,Operations,Lahore,39,47905,nida.khan@example.com,2017-01-11
E2470,Zain Iqbal,Female,Sales,Lahore,45,85923,fatima.hussain@example.com,2019-01-30
E2471,Omar Iqbal,Male,HR,Lahore,25,54234,bilal.malik@example.com,16/04/2016
E2472,Bilal Khan,Male,HR,Karachi,52,,fatima.sheikh@example.com,2021-11-04
E2473,Ahmed Malik,Female,Marketing,Lahore,50,46954,sara.khan@example.com,2018-02-15
E2474,Bilal Ahmed,Female,HR,Islamabad,36,46228,ayesha.hussain@example.com,2020-02-03
E2475,Zain Raza,Male,Finance,Multan,49,36281,ayesha.iqbal@example.com,2015-05-23
E2476,Sara Qureshi,Male,IT,Islamabad,36,67362,ali.raza@example.com,2019-08-18
E2477,Nida Khan,Female,Marketing,Islamabad,42,48053,zain.sheikh@example.com,2016-06-25
E2478,Omar Malik,Male,Sales,Karachi,24,48525,bilal.ahmed@example.com,2015-09-02
E2479,Bilal Hussain,Male,Sales,Lahore,48,49060,nida.ahmed@example.com,2021-12-19
E2480,Ahmed Hussain,Female,,Islamabad,54,34889,ali.malik@example.com,2018-10-03
E2481,Nida Hussain,Male,Operations,Karachi,25,33296,omar.hussain@example.com,2021-05-06
E2482,Omar Qureshi,Male,IT,Multan,28,39043,sara.hussain@example.com,2021-10-09
E2483,Fatima Qureshi,Female,Marketing,,30,51686,nida.qureshi@example.com,2015-02-05
E2484,Nida Khan,Male,Marketing,Multan,31,87439,bilal.iqbal@example.com,2015-03-02
E2485,Zain Malik,Male,HR,Faisalabad,51,54604,fatima.raza@example.com,2017-12-01
E2486,Sara Raza,Male,Finance,,29,48220,ahmed.sheikh@example.com,2019-02-11
E2487,Omar Ahmed,Male,Operations,,48,36372,bilal.ahmed@example.com,2015-10-15
E2488,Ali Hussain,Male,Sales,Lahore,48,73075,ayesha.qureshi@example.com,2017-08-16
E2489,Ahmed Iqbal,Female,,Islamabad,32,74389,nida.raza@example.com,2019-09-22
E2490,Fatima Malik,Male,HR,Islamabad,35,76193,ayesha.ahmed@example.com,2016-01-03
E2491,Ayesha Qureshi,Male,Sales,,36,77754,ali.malik@example.com,2017-12-22
E2492,Sara Hussain,Female,Finance,Faisalabad,44,36772,ali.raza@example.com,2022-08-03
E2493,Sara Qureshi,Male,Sales,Karachi,33,73054,hina.hussain@example.com,2018-03-31
E2494,Sara Raza,Male,IT,,48,37634,bilalqureshiexample.com,2015-03-01
E2495,Sara Raza,Female,Operations,Karachi,22,44570,ahmed.qureshi@example.com,2022-11-27
E2496,Sara Ahmed,Male,HR,Multan,27,60430,hina.iqbal@example.com,2016-02-09
E2497,Ahmed Malik,Male,,Multan,51,35911,ali.qureshi@example.com,2015-07-02
E2498,Hina Khan,Female,Sales,Lahore,50,63311,bilal.khan@example.com,2022-08-15
E2499,Bilal Khan,Male,,,33,74452,nida.qureshi@example.com,2015-11-19
E2500,Fatima Ahmed,Female,Marketing,Karachi,48,61080,bilal.malik@example.com,2018-08-03
E2501,Nida Hussain,Male,HR,Multan,43,67011,sara.ahmed@example.com,2018-09-11
E2502,Bilal Hussain,Male,HR,Lahore,43,88676,nida.qureshi@example.com,2015-06-08
E2503,Nida Sheikh,Male,,,54,65379,sara.ahmed@example.com,2021-11-02
E2504,Omar Qureshi,Male,IT,Islamabad,26,39210,ahmed.malik@example.com,2019-02-22
E2505,Ali Ahmed,Male,Operations,Faisalabad,35,82613,fatima.sheikh@example.com,2016-04-22
E2506,Ayesha Qureshi,Male,,Multan,30,75910,fatima.qureshi@example.com,2022-12-16
E2507,Bilal Qureshi,Female,HR,Multan,49,48460,ayesha.ahmed@example.com,2022-07-22
E2508,Ali Khan,Female,,Faisalabad,28,44280,fatima.raza@example.com,2015-10-04
E2509,Omar Malik,Female,HR,,34,77641,ali.sheikh@example.com,2015-03-08
E2510,Nida Hussain,Male,Sales,Multan,43,39870,omar.ahmed@example.com,2021-10-07
E2511,Zain Raza,Male,Sales,Faisalabad,38,83459,bilal.sheikh@example.com,2021-07-04
E2512,Nida Ahmed,Female,HR,Faisalabad,30,44052,sara.malik@example.com,2022-12-02
E2513,Hina Iqbal,Female,HR,,50,48886,zain.hussain@example.com,2019-05-22
E2514,Fatima Ahmed,Male,Sales,Faisalabad,22,57164,nida.raza@example.com,2015-01-13
E2515,Zain Qureshi,Female,Operations,Multan,27,73060,nida.ahmed@example.com,2016-10-16
E2516,Ayesha Raza,Female,Finance,,30,Rs 66807,nida.malik@example.com,2016-11-05
E2517,Zain Raza,Male,HR,Karachi,35,81260,ali.ahmed@example.com,2020-11-12
E2518,Omar Raza,Female,Operations,Islamabad,34,85220,sara.qureshi@example.com,2016-08-23
E2519,Ayesha Qureshi,Male,HR,Multan,30,76401,bilal.ahmed@example.com,2019-02-10
E2520,Ayesha Iqbal,Female,IT,,25,82124,ayesha.sheikh@example.com,2022-01-21
E2521,Bilal Ahmed,Male,Sales,Faisalabad,25,35055,nida.ahmed@example.com,2019-12-20
E2522,Zain Hussain,Female,IT,Multan,32,31888,sara.ahmed@example.com,2016-11-06
E2523,Nida Khan,Female,,,42,81226,zain.iqbal@example.com,2019-11-21
E2524,Ayesha Khan,Female,Operations,Islamabad,36,85916,fatima.iqbal@example.com,2016-01-10
E2525,Zain Qureshi,Male,Marketing,Lahore,24,46665,zain.malik@example.com,2019-01-28
E2526,Ahmed Qureshi,Female,HR,Lahore,39,75291,ali.hussain@example.com,2017-03-02
E2527,Zain Ahmed,Female,,Karachi,47,72311,bilal.iqbal@example.com,2017-06-14
E2528,Bilal Hussain,Female,Finance,Islamabad,52,50420,omar.ahmed@example.com,2022-05-04
E2529,Omar Malik,Female,Marketing,Lahore,41,64173,zain.iqbal@example.com,2016-07-15
E2530,Nida Raza,Female,Marketing,Multan,23,77914,zain.qureshi@example.com,2016-03-21
E2531,Bilal Sheikh,Female,IT,,51,31401,nida.iqbal@example.com,2021-01-31
E2532,Zain Ahmed,Male,,Multan,28,31659,bilal.malik@example.com,2019-08-14
E2533,Bilal Qureshi,Male,Finance,Islamabad,45,70896,ahmed.iqbal@example.com,2022-11-16
E2534,Hina Malik,Female,,Faisalabad,36,31813,sara.qureshi@example.com,2022-03-18
E2535,Zain Qureshi,Female,Operations,Faisalabad,36,78470,ayesha.iqbal@example.com,2015-08-26
E2536,Ayesha Sheikh,Male,,Multan,29,84479,hina.sheikh@example.com,2016-05-31
E2537,Fatima Iqbal,Female,Sales,Multan,26,48123,ali.malik@example.com,2019-07-22
E2538,Nida Iqbal,Male,,Karachi,43,61867,bilalahmedexample.com,2019-02-22
E2539,Ahmed Malik,Female,,,47,37035,hina.khan@example.com,2020-02-15
E2540,Sara Ahmed,Female,Marketing,Multan,40,35091,ahmed.qureshi@example.com,2021-10-29
E2541,Zain Hussain,Male,Marketing,,54,56609,hina.ahmed@example.com,2020-05-18
E2542,Omar Hussain,Female,IT,Multan,36,63043,omarmalikexample.com,2018-01-24
E2543,Fatima Qureshi,Male,Marketing,Karachi,42,Rs 69867,ayesha.qureshi@example.com,2017-06-24
E2544,Ayesha Khan,Male,Marketing,Karachi,48,65692,hina.ahmed@example.com,2017-07-05
E2545,Sara Hussain,Female,HR,Faisalabad,33,66937,nida.iqbal@example.com,2020-03-24
E2546,Ahmed Raza,Male,,Multan,51,80414,sara.malik@example.com,2015-02-07
E2547,Ahmed Malik,Female,Sales,Faisalabad,43,51577,hina.sheikh@example.com,2021-12-15
E2548,  Hina Khan  ,Female,Sales,Lahore,34,86137,sara.iqbal@example.com,2021-05-12
E2549,Omar Malik,Male,IT,Lahore,28,80001,omar.malik@example.com,2021-06-24
E2550,Nida Sheikh,Female,,Multan,54,52698,ali.qureshi@example.com,2021-11-30
E2551,Omar Hussain,Male,Sales,Lahore,38,48984,nidaqureshiexample.com,2022-07-15
E2552,Zain Qureshi,Male,Marketing,Lahore,37,87630,sara.sheikh@example.com,2016-06-30
E2553,  Ayesha Sheikh  ,Male,Finance,Faisalabad,37,72042,ahmed.malik@example.com,2015-11-19
E2554,Fatima Ahmed,Male,Sales,Islamabad,46,Rs 88924,zain.raza@example.com,2022-04-24
E2555,Hina Hussain,Female,Marketing,Multan,40,57924,nida.qureshi@example.com,2015-12-21
E2556,Ayesha Sheikh,Female,Sales,Islamabad,31,Rs 84688,ali.malik@example.com,2020-01-26
E2557,Hina Iqbal,Male,HR,Lahore,29,70297,zain.khan@example.com,2016-12-28
E2558,Bilal Hussain,Male,,,44,51399,hina.sheikh@example.com,2015-04-10
E2559,Hina Raza,Male,Sales,Islamabad,31,71777,ayesha.raza@example.com,2017-12-10
E2560,Hina Hussain,Female,Finance,,48,36098,ahmed.ahmed@example.com,20/08/2022
E2561,Zain Sheikh,Male,Finance,Karachi,38,89159,bilalkhanexample.com,2018-08-16
E2562,Ali Sheikh,Male,Sales,Karachi,45,46901,hina.sheikh@example.com,2015-03-30
E2563,Hina Khan,Male,Marketing,Lahore,55,74958,nida.sheikh@example.com,2021-05-20
E2564,Hina Qureshi,Male,,Lahore,51,30588,fatima.qureshi@example.com,2017-02-09
E2565,Omar Hussain,Female,Sales,Lahore,26,63592,bilal.malik@example.com,2019-05-12
E2566,Ali Ahmed,Female,,Karachi,46,75456,bilal.ahmed@example.com,2016-07-04
E2567,Bilal Iqbal,Female,HR,Multan,46,74843,zain.sheikh@example.com,2020-11-09
E2568,Ayesha Iqbal,Female,Marketing,Lahore,34,53712,ali.hussain@example.com,2021-01-17
E2569,Sara Hussain,Male,IT,,35,55279,hina.sheikh@example.com,2018-07-28
E2570,Sara Hussain,Male,Sales,Islamabad,25,67697,zain.khan@example.com,2022-09-27
E2571,Bilal Hussain,Male,Operations,Karachi,35,50229,bilal.iqbal@example.com,2020-06-25
E2572,Ahmed Sheikh,Female,Operations,Karachi,30,76133,ayesha.qureshi@example.com,2020-07-02
E2573,Ahmed Qureshi,Male,Operations,,32,84705,sara.khan@example.com,2022-01-04
E2574,Zain Qureshi,Female,IT,Islamabad,28,54514,omar.sheikh@example.com,2018-11-03
E2575,  Ali Sheikh  ,Female,Marketing,Faisalabad,49,73488,hina.qureshi@example.com,2015-12-19
E2576,Bilal Khan,Female,,,54,37870,sara.ahmed@example.com,2019-04-04
E2577,Ahmed Hussain,Female,HR,Karachi,24,85231,bilal.khan@example.com,2016-07-21
E2578,Hina Khan,Male,,Karachi,51,Rs 50504,nida.ahmed@example.com,2022-11-11
E2579,Ayesha Khan,Female,Operations,,22,34005,omar.iqbal@example.com,2020-06-21
E2580,Fatima Iqbal,Female,,,28,,ayeshahussainexample.com,2021-07-19
E2581,Hina Ahmed,Male,Marketing,Karachi,54,85037,bilal.khan@example.com,2022-07-09
E2582,Ali Ahmed,Female,Sales,Karachi,31,84014,hina.raza@example.com,2016-09-12
E2583,Ayesha Khan,Female,,Faisalabad,27,78051,fatima.iqbal@example.com,2019-02-24
E2584,Omar Malik,Female,Sales,Lahore,43,53868,bilal.qureshi@example.com,2016-09-17
E2585,Ayesha Raza,Female,HR,Islamabad,43,60679,zain.khan@example.com,2021-09-24
E2586,Zain Iqbal,Male,Operations,Karachi,53,30050,zain.malik@example.com,2021-06-15
E2587,Ahmed Raza,Female,IT,Karachi,38,56888,ahmed.ahmed@example.com,12/07/2022
E2588,Hina Raza,Female,Finance,Lahore,27,73549,sara.khan@example.com,2017-08-31
E2589,Ali Raza,Male,Marketing,Multan,30,72769,fatima.qureshi@example.com,23/06/2021
E2590,Ahmed Raza,Male,,Lahore,45,77959,zain.raza@example.com,2021-02-03
E2591,Zain Ahmed,Female,Marketing,Multan,28,Rs 49248,aliqureshiexample.com,2021-12-06
E2592,Ali Malik,Male,HR,Multan,33,70815,ahmed.sheikh@example.com,2017-09-18
E2593,Zain Raza,Male,,,28,60791,nidaahmedexample.com,2022-07-23
E2594,Ali Raza,Male,HR,Faisalabad,34,70243,fatima.khan@example.com,2019-10-12
E2595,Sara Iqbal,Female,Sales,,34,41532,omar.iqbal@example.com,2018-08-10
E2596,Ayesha Hussain,Male,IT,Multan,40,52199,nida.malik@example.com,2016-03-12
E2597,  Omar Raza  ,Female,IT,Islamabad,22,71386,omarahmedexample.com,25/11/2016
E2598,Ali Qureshi,Male,,,26,46923,nida.raza@example.com,2018-08-17
E2599,Ayesha Ahmed,Female,,Islamabad,52,67578,bilal.khan@example.com,2017-09-05
E2600,Sara Sheikh,Female,HR,Multan,26,35027,ali.hussain@example.com,2021-03-14
E2601,Nida Ahmed,Male,Marketing,Faisalabad,41,72779,ayesha.malik@example.com,2019-06-16
E2602,Ali Khan,Male,HR,Multan,39,62266,fatima.malik@example.com,2017-06-11
E2603,Ayesha Malik,Male,Sales,Lahore,43,87836,ali.raza@example.com,2022-08-04
E2604,Sara Ahmed,Female,IT,Multan,45,72448,omar.sheikh@example.com,2021-09-02
E2605,Fatima Qureshi,Female,HR,Lahore,52,48406,fatima.raza@example.com,2022-12-09
E2606,Ali Iqbal,Female,HR,Lahore,49,62157,fatima.iqbal@example.com,22/08/2018
E2607,Ayesha Hussain,Male,IT,Faisalabad,46,56361,omar.hussain@example.com,2018-12-08
E2608,Hina Qureshi,Female,Marketing,Faisalabad,46,43672,ali.qureshi@example.com,2018-10-15
E2609,Bilal Qureshi,Female,Operations,,31,75143,zain.sheikh@example.com,16/01/2022
E2610,Ayesha Ahmed,Male,,Faisalabad,44,77292,fatima.sheikh@example.com,2022-07-30
E2611,Hina Hussain,Female,,Islamabad,34,72746,nida.raza@example.com,2015-05-06
E2612,Nida Sheikh,Male,Sales,Lahore,48,46500,ayesha.hussain@example.com,2016-08-29
E2613,Ayesha Qureshi,Female,Sales,Lahore,50,34182,omar.khan@example.com,2020-06-10
E2614,Zain Ahmed,Female,Marketing,Lahore,28,57430,hina.sheikh@example.com,2021-10-10
E2615,Bilal Iqbal,Female,HR,Islamabad,28,56168,omarkhanexample.com,2017-12-13
E2616,Ali Ahmed,Male,IT,Multan,53,85181,saraahmedexample.com,2021-02-07
E2617,Sara Ahmed,Male,Finance,Faisalabad,29,84524,ahmed.khan@example.com,2022-12-13
E2618,Bilal Iqbal,Female,Marketing,Multan,30,33996,fatima.malik@example.com,2016-06-16
E2619,Hina Sheikh,Female,Marketing,Karachi,24,57900,fatima.malik@example.com,2019-06-06
E2620,Fatima Iqbal,Female,Operations,Karachi,36,39229,ahmed.raza@example.com,22/06/2017
E2621,Ahmed Malik,Female,IT,Faisalabad,41,41563,zainahmedexample.com,2016-04-26
E2622,Ahmed Khan,Female,Marketing,Lahore,45,79970,ahmed.malik@example.com,02/03/2019
E2623,Ayesha Sheikh,Female,,Karachi,52,70935,bilal.sheikh@example.com,2022-03-11
E2624,Sara Malik,Female,Sales,Multan,39,82912,ayesha.ahmed@example.com,2017-06-16
E2625,Ahmed Khan,Male,HR,Lahore,29,40166,hina.qureshi@example.com,2016-03-17
E2626,Omar Qureshi,Male,Sales,Islamabad,50,35987,ayesha.khan@example.com,2021-10-17
E2627,  Nida Hussain  ,Female,Sales,,43,53066,ahmed.ahmed@example.com,2019-01-07
E2628,  Sara Malik  ,Male,Operations,Islamabad,46,62157,fatima.sheikh@example.com,2021-11-25
E2629,Sara Qureshi,Female,Sales,Faisalabad,44,82007,fatima.iqbal@example.com,2020-09-15
E2630,Ahmed Qureshi,Male,HR,Multan,33,34324,fatima.malik@example.com,2017-11-28
E2631,Ali Ahmed,Male,Sales,Lahore,35,80201,sara.iqbal@example.com,2019-10-05
E2632,Omar Ahmed,Male,Sales,Karachi,22,71033,omar.malik@example.com,2022-02-19
E2633,Ali Hussain,Male,Operations,Multan,25,69422,bilal.khan@example.com,11/03/2016
E2634,Ahmed Hussain,Male,Finance,Islamabad,30,67865,hina.sheikh@example.com,2017-04-03
E2635,Sara Malik,Male,IT,Karachi,33,42463,fatima.ahmed@example.com,2015-12-13
E2636,Sara Iqbal,Male,Sales,Karachi,40,53852,ayesha.malik@example.com,2019-02-21
E2637,Bilal Raza,Female,,Multan,33,82274,ayesha.malik@example.com,2020-05-07
E2638,Ayesha Iqbal,Male,Finance,Karachi,30,65294,fatima.iqbal@example.com,2016-09-03
E2639,Nida Ahmed,Female,Operations,,36,80441,ahmed.hussain@example.com,2018-01-07
E2640,Omar Malik,Female,Marketing,Islamabad,50,49328,ali.hussain@example.com,2022-08-21
E2641,Ayesha Iqbal,Male,Marketing,Islamabad,27,74004,omar.hussain@example.com,2019-11-02
E2642,Ayesha Qureshi,Male,,Faisalabad,47,54826,hina.qureshi@example.com,2022-08-22
E2643,Fatima Ahmed,Female,Operations,Faisalabad,46,46334,omar.sheikh@example.com,2018-03-24
E2644,Omar Iqbal,Female,HR,,41,32362,ahmed.hussain@example.com,2018-12-17
E2645,Fatima Raza,Female,IT,Islamabad,36,40199,ayesha.sheikh@example.com,2016-07-21
E2646,Sara Iqbal,Male,IT,,35,63309,ali.iqbal@example.com,2021-08-27
E2647,Zain Ahmed,Male,HR,Multan,34,31871,hina.iqbal@example.com,2021-01-21
E2648,  Hina Iqbal  ,Male,Operations,,44,34169,fatima.ahmed@example.com,2015-07-02
E2649,Ali Hussain,Male,Sales,Faisalabad,27,49654,sara.malik@example.com,2017-12-29
E2650,Bilal Sheikh,Female,,Karachi,50,65459,bilal.malik@example.com,2022-07-05
E2651,Zain Khan,Female,HR,Multan,32,85113,zain.raza@example.com,2017-10-21
E2652,Sara Raza,Female,HR,Lahore,26,61250,sara.iqbal@example.com,2022-08-07
E2653,Ali Hussain,Male,Sales,Islamabad,26,46703,fatima.malik@example.com,2020-04-05
E2654,Bilal Sheikh,Male,,Multan,26,53852,ahmed.iqbal@example.com,2018-06-18
E2655,Hina Ahmed,Female,HR,,42,38940,bilal.malik@example.com,2022-11-19
E2656,Zain Ahmed,Female,Finance,Faisalabad,30,42011,omar.khan@example.com,2021-04-22
E2657,Sara Raza,Male,Marketing,Multan,32,,ali.qureshi@example.com,2017-03-19
E2658,Zain Malik,Male,Operations,Islamabad,50,36916,omar.iqbal@example.com,2021-05-20
E2659,Nida Raza,Male,IT,Lahore,22,40722,ahmed.raza@example.com,2020-06-15
E2660,Fatima Qureshi,Male,Operations,Faisalabad,35,61908,ali.raza@example.com,2017-11-04
E2661,Nida Malik,Male,Marketing,,25,38595,omar.sheikh@example.com,2019-10-18
E2662,Zain Khan,Female,,Lahore,48,51176,ayesha.malik@example.com,2022-10-15
E2663,Nida Iqbal,Female,Finance,Islamabad,52,40847,fatima.khan@example.com,2021-08-22
E2664,Ali Ahmed,Female,Marketing,,49,89370,zain.qureshi@example.com,2017-07-14
E2665,Omar Iqbal,Male,IT,,38,33749,ali.ahmed@example.com,2020-08-09
E2666,Ahmed Raza,Female,Sales,Multan,30,88804,omar.khan@example.com,2019-06-05
E2667,Nida Khan,Male,IT,,25,79269,ayesha.malik@example.com,2019-10-15
E2668,Omar Khan,Male,Marketing,Lahore,29,Rs 67983,sara.khan@example.com,2018-03-23
E2669,Ali Ahmed,Female,HR,Lahore,27,78151,hina.malik@example.com,2022-02-05
E2670,Ayesha Ahmed,Female,Sales,Multan,53,32745,fatima.malik@example.com,2018-02-04
E2671,Sara Sheikh,Female,Finance,Faisalabad,37,54090,fatima.raza@example.com,2022-02-24
E2672,Omar Qureshi,Female,Sales,Islamabad,26,47317,ayesha.ahmed@example.com,2018-03-06
E2673,Nida Malik,Male,HR,,24,60547,sara.iqbal@example.com,2016-03-29
E2674,Zain Iqbal,Female,Marketing,Islamabad,26,82130,sara.qureshi@example.com,2020-09-02
E2675,Fatima Malik,Female,Operations,Islamabad,24,Rs 33959,omar.sheikh@example.com,2019-02-01
E2676,Ali Iqbal,Female,IT,Lahore,29,46375,bilal.ahmed@example.com,2019-11-17
E2677,Omar Iqbal,Female,Operations,Lahore,23,73964,ahmed.sheikh@example.com,2017-06-05
E2678,Ayesha Sheikh,Male,IT,Karachi,38,84142,sara.raza@example.com,2022-08-31
E2679,Sara Qureshi,Female,HR,,47,42174,ali.ahmed@example.com,2021-11-02
E2680,Nida Raza,Female,Sales,Multan,24,49468,nida.khan@example.com,2020-04-14
E2681,Bilal Raza,Male,Finance,Islamabad,25,71498,ayesha.iqbal@example.com,2021-04-15
E2682,Zain Iqbal,Male,,Faisalabad,43,87615,ayesha.iqbal@example.com,2021-01-12
E2683,Nida Malik,Male,HR,Faisalabad,33,88856,fatima.khan@example.com,2022-11-16
E2684,Omar Iqbal,Female,Marketing,Islamabad,24,72844,sara.qureshi@example.com,2022-08-25
E2685,Sara Ahmed,Male,Marketing,Karachi,41,51012,ali.khan@example.com,2017-03-01
E2686,Ali Hussain,Female,Operations,Islamabad,43,39912,sara.malik@example.com,2022-02-11
E2687,Fatima Qureshi,Female,IT,Islamabad,46,60994,ayeshasheikhexample.com,2016-09-22
E2688,Hina Khan,Female,HR,Karachi,48,41837,ahmed.khan@example.com,2015-12-01
E2689,Sara Raza,Male,Marketing,Multan,47,58973,sara.sheikh@example.com,2015-09-27
E2690,Ayesha Malik,Male,Operations,Faisalabad,44,46746,sara.malik@example.com,2018-05-11
E2691,Ali Raza,Female,HR,Karachi,27,48787,ali.raza@example.com,2019-09-03
E2692,  Ayesha Hussain  ,Female,HR,Multan,23,74105,hina.hussain@example.com,2020-11-29
E2693,Ahmed Hussain,Female,Marketing,Multan,34,51158,nida.ahmed@example.com,2019-05-21
E2694,Ali Ahmed,Male,IT,Multan,44,53806,zain.iqbal@example.com,2017-02-27
E2695,Bilal Raza,Female,HR,Lahore,35,62779,zain.qureshi@example.com,2016-01-27
E2696,Bilal Hussain,Female,Sales,Islamabad,52,36434,ahmed.raza@example.com,2017-04-19
E2697,Nida Sheikh,Female,Finance,Islamabad,33,64695,hina.sheikh@example.com,22/07/2020
E2698,Ali Iqbal,Female,Marketing,Faisalabad,30,44400,omarmalikexample.com,2020-05-26
E2699,Bilal Khan,Female,Sales,Multan,51,74829,bilal.raza@example.com,2018-06-16
E2700,Ali Hussain,Female,IT,,55,70423,omar.khan@example.com,2021-01-10
E2701,Nida Hussain,Male,Marketing,Multan,36,66363,ahmed.iqbal@example.com,2018-10-21
E2702,Ali Malik,Male,Finance,Lahore,33,79734,bilal.raza@example.com,2022-07-19
E2703,Zain Ahmed,Female,Operations,Lahore,22,79375,sara.khan@example.com,2018-08-21
E2704,Ali Hussain,Male,Finance,Faisalabad,32,44621,ahmed.sheikh@example.com,14/05/2018
E2705,Omar Raza,Female,IT,Faisalabad,43,83756,bilal.qureshi@example.com,2021-08-24
E2706,Bilal Malik,Male,Operations,Lahore,35,35372,ahmed.malik@example.com,2017-03-22
E2707,Hina Malik,Male,Operations,Multan,33,84722,ayesha.ahmed@example.com,2015-12-31
E2708,Bilal Qureshi,Female,,Lahore,41,89389,ali.iqbal@example.com,2020-07-01
E2709,Ali Khan,Female,Marketing,Faisalabad,39,88437,ahmed.sheikh@example.com,2019-10-10
E2710,Bilal Hussain,Female,Marketing,Karachi,55,35995,ali.iqbal@example.com,2018-01-31
E2711,  Omar Sheikh  ,Female,Marketing,,23,43560,zain.sheikh@example.com,2015-04-23
E2712,Fatima Ahmed,Male,Operations,Multan,53,31973,bilal.iqbal@example.com,2016-08-05
E2713,Sara Hussain,Male,HR,,48,69394,zain.ahmed@example.com,2020-08-29
E2714,Zain Iqbal,Female,Operations,Multan,49,44318,bilal.sheikh@example.com,2018-12-13
E2715,Ali Hussain,Female,HR,,44,51355,sara.hussain@example.com,2018-02-18
E2716,Fatima Iqbal,Female,Sales,Karachi,51,62807,hina.raza@example.com,2015-10-16
E2717,Ahmed Iqbal,Female,Sales,Islamabad,52,89171,ali.qureshi@example.com,02/12/2020
E2718,Nida Raza,Male,HR,Multan,47,79701,sara.qureshi@example.com,2015-09-07
E2719,Nida Sheikh,Male,,Multan,42,73318,sara.hussain@example.com,2017-06-17
E2720,Zain Ahmed,Female,Marketing,Islamabad,41,88963,hina.hussain@example.com,2020-11-12
E2721,Ayesha Raza,Female,,Faisalabad,35,Rs 46761,zain.khan@example.com,2017-06-14
E2722,Nida Raza,Male,HR,Multan,44,81333,ali.ahmed@example.com,2016-07-29
E2723,Zain Sheikh,Female,Sales,Multan,32,66446,fatima.hussain@example.com,2017-11-13
E2724,Ayesha Sheikh,Female,HR,Faisalabad,28,54938,ayesha.malik@example.com,2020-04-17
E2725,Bilal Malik,Male,HR,,38,72970,ayesha.raza@example.com,2018-05-16
E2726,Ayesha Khan,Female,,Islamabad,49,70772,nida.hussain@example.com,26/12/2019
E2727,Omar Iqbal,Female,Marketing,Islamabad,37,40201,ahmed.khan@example.com,2015-12-18
E2728,Zain Sheikh,Male,Marketing,,26,80501,ali.malik@example.com,2015-11-27
E2729,Ahmed Sheikh,Male,HR,Karachi,32,43816,ali.raza@example.com,2021-08-29
E2730,Nida Hussain,Female,HR,Multan,40,67552,hina.iqbal@example.com,2022-06-03
E2731,Nida Raza,Male,Operations,Karachi,43,50375,ahmed.sheikh@example.com,2020-09-06
E2732,Sara Khan,Female,,,37,89112,hina.malik@example.com,17/11/2017
E2733,Hina Sheikh,Male,,Karachi,38,30990,ali.raza@example.com,2019-05-01
E2734,Nida Qureshi,Male,Marketing,,51,64343,omar.qureshi@example.com,2021-12-16
E2735,Fatima Sheikh,Male,Sales,,38,43917,fatima.khan@example.com,2022-01-26
E2736,Hina Qureshi,Male,,,26,35740,ali.qureshi@example.com,2015-07-04
E2737,  Sara Raza  ,Female,HR,Lahore,26,70590,ali.iqbal@example.com,2017-04-09
E2738,Ali Hussain,Female,Operations,,47,88956,nida.ahmed@example.com,2018-02-24
E2739,Sara Raza,Female,Operations,Faisalabad,24,38430,sara.malik@example.com,2015-09-17
E2740,Ahmed Sheikh,Male,IT,Faisalabad,54,38476,fatima.ahmed@example.com,2022-05-04
E2741,Hina Qureshi,Female,HR,Lahore,38,Rs 70177,hina.qureshi@example.com,2018-10-03
E2742,Hina Raza,Male,HR,Islamabad,51,59629,zain.malik@example.com,2019-10-01
E2743,Ali Iqbal,Female,Marketing,Multan,29,52285,omar.khan@example.com,2019-03-16
E2744,Omar Khan,Male,Marketing,Multan,32,34545,ahmed.qureshi@example.com,2016-10-20
E2745,Hina Qureshi,Female,IT,Islamabad,31,85921,ahmed.ahmed@example.com,2019-07-02
E2746,Ali Raza,Female,Sales,Islamabad,32,53943,sara.iqbal@example.com,2015-12-04
E2747,Omar Khan,Female,Finance,Lahore,35,40542,nida.ahmed@example.com,2017-12-11
E2748,Bilal Khan,Female,IT,Karachi,39,74517,nida.raza@example.com,2020-05-31
E2749,Hina Iqbal,Male,Sales,Islamabad,39,70435,ali.iqbal@example.com,2018-10-13
E2750,Zain Qureshi,Male,Sales,Islamabad,40,63687,zain.qureshi@example.com,2022-03-29
E2751,Zain Khan,Male,Sales,,39,63103,ayesha.qureshi@example.com,26/04/2021
E2752,Ayesha Qureshi,Male,Marketing,,51,43451,zain.raza@example.com,2020-02-03
E2753,Hina Malik,Female,Marketing,Islamabad,41,45260,nida.iqbal@example.com,2016-06-25
E2754,Ahmed Sheikh,Female,HR,Islamabad,41,75470,zain.malik@example.com,2016-10-06
E2755,Bilal Sheikh,Male,IT,,55,30798,hina.hussain@example.com,2019-06-18
E2756,  Fatima Qureshi  ,Male,Operations,Multan,44,88285,zain.khan@example.com,2015-05-18
E2757,Hina Raza,Female,Marketing,Faisalabad,47,67071,sara.iqbal@example.com,2016-09-24
E2758,Ahmed Hussain,Male,Marketing,Multan,41,83890,ali.qureshi@example.com,2017-09-05
E2759,Ayesha Malik,Male,Marketing,,41,43297,nida.malik@example.com,2015-11-13
E2760,Hina Ahmed,Male,,Lahore,43,76480,ali.khan@example.com,2018-09-24
E2761,Omar Sheikh,Male,HR,,27,67782,ali.malik@example.com,2016-09-04
E2762,Omar Khan,Female,Marketing,Multan,38,54194,bilal.raza@example.com,2017-09-06
E2763,Fatima Sheikh,Female,Marketing,Faisalabad,33,42659,ali.sheikh@example.com,2016-06-21
E2764,Ayesha Sheikh,Female,Marketing,,29,39544,omarsheikhexample.com,2019-10-30
E2765,Ali Iqbal,Female,Finance,Lahore,45,70383,bilal.raza@example.com,2015-05-17
E2766,Hina Hussain,Female,Operations,Multan,51,78467,omar.sheikh@example.com,2020-10-04
E2767,Ahmed Sheikh,Female,HR,Multan,30,65530,ali.hussain@example.com,2021-09-27
E2768,  Ali Hussain  ,Male,IT,,27,39944,bilal.ahmed@example.com,2021-04-09
E2769,Hina Qureshi,Female,Operations,Lahore,38,74302,fatima.hussain@example.com,2022-09-13
E2770,Ali Qureshi,Male,Finance,Islamabad,30,34799,ahmed.iqbal@example.com,2015-02-11
E2771,Nida Qureshi,Male,,,46,82076,hina.malik@example.com,25/07/2018
E2772,Hina Malik,Female,,,25,49221,fatima.khan@example.com,27/04/2018
E2773,Ali Raza,Female,Finance,Islamabad,52,48061,ayesha.raza@example.com,2020-02-26
E2774,  Zain Raza  ,Female,IT,Islamabad,26,54842,hina.malik@example.com,2015-12-29
E2775,Ayesha Khan,Female,,Karachi,36,65503,ayesha.khan@example.com,2020-12-25
E2776,Ali Sheikh,Female,Finance,Lahore,34,64342,zain.iqbal@example.com,2017-05-24
E2777,Nida Hussain,Female,Sales,Lahore,27,68412,ahmed.sheikh@example.com,2017-12-02
E2778,Ahmed Khan,Female,IT,Lahore,39,58760,sara.malik@example.com,2016-03-15
E2779,Ayesha Sheikh,Male,,Multan,36,77486,fatima.iqbal@example.com,2021-11-25
E2780,Nida Sheikh,Male,HR,Karachi,30,61182,hina.malik@example.com,2019-11-03
E2781,Nida Ahmed,Female,Sales,Lahore,50,53260,hina.malik@example.com,2015-05-13
E2782,Ahmed Hussain,Male,Finance,Islamabad,47,84717,ayesha.iqbal@example.com,2022-08-30
E2783,Omar Malik,Male,HR,Lahore,40,34346,bilal.sheikh@example.com,18/08/2015
E2784,Bilal Malik,Male,Operations,Karachi,47,53023,ahmed.hussain@example.com,2017-08-25
E2785,Ayesha Malik,Male,IT,Multan,29,31846,omar.qureshi@example.com,2022-02-15
E2786,Zain Ahmed,Female,,Karachi,30,42612,hinaahmedexample.com,2020-03-20
E2787,Bilal Raza,Male,Finance,Islamabad,35,82117,omar.malik@example.com,2015-02-19
E2788,Nida Khan,Male,HR,Faisalabad,44,78062,fatima.iqbal@example.com,2022-09-02
E2789,Bilal Malik,Female,Sales,Karachi,42,73394,omar.malik@example.com,2015-07-21
E2790,Nida Hussain,Female,Finance,Lahore,38,61061,sara.hussain@example.com,2017-01-02
E2791,Fatima Hussain,Female,Marketing,,45,86618,ahmed.qureshi@example.com,2021-02-20
E2792,Nida Ahmed,Female,Finance,Karachi,31,37447,ahmed.raza@example.com,2021-10-26
E2793,Nida Qureshi,Male,Operations,Faisalabad,43,62827,nida.iqbal@example.com,2017-01-18
E2794,Hina Qureshi,Male,Sales,,29,43645,hina.hussain@example.com,2017-07-08
E2795,Nida Raza,Male,IT,Faisalabad,35,Rs 76297,nida.ahmed@example.com,2022-10-26
E2796,Sara Khan,Female,Marketing,Islamabad,50,84021,hina.raza@example.com,2018-08-18
E2797,Hina Malik,Male,IT,Multan,33,58124,omar.sheikh@example.com,2022-07-21
E2798,Sara Iqbal,Female,Finance,Multan,22,71235,nida.malik@example.com,2017-05-03
E2799,Fatima Ahmed,Male,Finance,,48,74886,hina.iqbal@example.com,2020-11-08
E2800,Sara Khan,Male,Marketing,Karachi,51,45815,ahmed.malik@example.com,2017-08-01
E2801,Zain Hussain,Male,,Islamabad,50,74959,ayesha.raza@example.com,2020-07-22
E2802,Zain Hussain,Female,Marketing,Lahore,35,58755,bilal.raza@example.com,2022-07-10
E2803,Fatima Khan,Male,Sales,Islamabad,25,58400,ayesha.ahmed@example.com,2019-04-27
E2804,Fatima Ahmed,Female,,Islamabad,51,68693,ayesha.iqbal@example.com,2016-05-26
E2805,Nida Khan,Female,Operations,Islamabad,23,34266,ali.iqbal@example.com,2022-01-28
E2806,Sara Ahmed,Male,HR,,37,30834,hina.raza@example.com,2015-12-11
E2807,Hina Qureshi,Male,IT,,35,70952,ahmed.khan@example.com,2018-10-04
E2808,Ayesha Qureshi,Male,Operations,Karachi,38,85455,bilal.qureshi@example.com,2020-06-07
E2809,Hina Ahmed,Female,IT,Islamabad,47,37980,hina.hussain@example.com,25/04/2017
E2810,Omar Khan,Female,HR,Lahore,47,67023,zain.hussain@example.com,2018-09-13
E2811,Zain Ahmed,Male,Finance,Multan,32,81028,fatima.iqbal@example.com,2020-09-23
E2812,Ali Raza,Male,Operations,Multan,25,Rs 46573,bilal.khan@example.com,2020-08-12
E2813,Fatima Ahmed,Male,,Islamabad,52,77678,nida.hussain@example.com,2015-12-18
E2814,Ayesha Hussain,Female,HR,,43,54739,ayesha.qureshi@example.com,2018-01-31
E2815,Fatima Iqbal,Female,Sales,Faisalabad,35,33985,ali.ahmed@example.com,2019-07-02
E2816,Ayesha Iqbal,Male,IT,Islamabad,29,65946,omar.hussain@example.com,2015-11-26
E2817,Ahmed Hussain,Male,IT,Multan,27,59587,bilal.qureshi@example.com,2015-10-07
E2818,Fatima Khan,Male,,Islamabad,34,70612,sara.hussain@example.com,2019-05-14
E2819,Ahmed Qureshi,Male,Sales,Karachi,32,85801,ayesha.sheikh@example.com,2020-04-10
E2820,Fatima Qureshi,Male,,,55,88451,omar.hussain@example.com,2018-03-09
E2821,Zain Raza,Male,Sales,Multan,27,44432,bilal.qureshi@example.com,2015-01-04
E2822,Ayesha Malik,Female,Operations,Islamabad,54,77016,ayesha.sheikh@example.com,2019-10-20
E2823,Ali Raza,Female,Marketing,Karachi,35,70953,ahmed.raza@example.com,2019-03-24
E2824,Hina Khan,Female,Operations,,42,37796,zainkhanexample.com,2018-03-05
E2825,Bilal Sheikh,Male,,Islamabad,22,53797,fatima.malik@example.com,2015-02-25
E2826,Hina Hussain,Male,Marketing,Karachi,50,45524,nida.hussain@example.com,2019-09-15
E2827,Ayesha Malik,Female,IT,Multan,37,88925,omar.raza@example.com,2020-10-15
E2828,Bilal Sheikh,Male,Operations,Islamabad,54,62686,ali.hussain@example.com,2017-04-17
E2829,Ali Qureshi,Female,,Karachi,41,45376,sara.iqbal@example.com,2017-11-23
E2830,  Bilal Malik  ,Male,IT,Faisalabad,42,74561,ali.raza@example.com,2017-11-05
E2831,Ali Malik,Female,,,43,33870,ayeshaqureshiexample.com,2019-03-29
E2832,Ali Malik,Male,IT,Karachi,22,46656,ayesha.khan@example.com,2018-11-17
E2833,Zain Khan,Male,HR,Karachi,45,53446,ahmed.raza@example.com,2020-04-01
E2834,Zain Raza,Female,HR,Lahore,24,62011,ayesha.iqbal@example.com,07/09/2015
E2835,Sara Hussain,Female,Finance,Karachi,47,69281,bilal.raza@example.com,2016-06-26
E2836,Fatima Qureshi,Male,Operations,Karachi,54,Rs 30526,bilal.hussain@example.com,2022-12-12
E2837,Zain Sheikh,Female,,Lahore,29,41078,ayesha.hussain@example.com,2019-04-16
E2838,Ahmed Khan,Female,Finance,Islamabad,44,89551,ayeshakhanexample.com,2020-11-27
E2839,Bilal Malik,Male,Sales,Lahore,28,32234,nida.ahmed@example.com,2016-02-01
E2840,Fatima Ahmed,Male,,Lahore,27,74695,ahmed.raza@example.com,2017-04-12
E2841,Zain Raza,Male,Marketing,Multan,38,57236,ayesha.iqbal@example.com,2015-10-16
E2842,Zain Ahmed,Female,,Islamabad,48,43485,ayeshamalikexample.com,2021-02-25
E2843,  Ali Sheikh  ,Female,Finance,Faisalabad,30,79374,fatima.khan@example.com,2015-02-20
E2844,Ali Malik,Male,HR,Multan,51,85087,ali.khan@example.com,2018-12-30
E2845,Ahmed Iqbal,Female,IT,Lahore,54,39670,nida.malik@example.com,2019-07-17
E2846,Nida Qureshi,Female,Finance,Multan,43,77857,hina.iqbal@example.com,2016-01-19
E2847,Zain Ahmed,Male,Marketing,Karachi,47,89906,nida.hussain@example.com,2020-11-08
E2848,Bilal Malik,Female,HR,Multan,48,69976,fatima.khan@example.com,2019-03-19
E2849,Hina Sheikh,Male,Operations,Islamabad,32,38048,nida.qureshi@example.com,2021-08-31
E2850,Hina Malik,Male,HR,Karachi,26,42444,ahmed.malik@example.com,2022-10-17
E2851,Hina Qureshi,Female,,,52,57637,ali.qureshi@example.com,2017-06-05
E2852,Sara Sheikh,Male,IT,Lahore,47,33375,ayesha.sheikh@example.com,2017-02-07
E2853,Nida Hussain,Male,IT,,32,42123,bilal.ahmed@example.com,2016-05-11
E2854,Omar Sheikh,Male,HR,Lahore,51,56390,hina.iqbal@example.com,2017-03-17
E2855,Fatima Ahmed,Female,Finance,,33,35726,zain.qureshi@example.com,2020-07-22
E2856,Ali Malik,Male,Sales,Islamabad,41,41146,hina.ahmed@example.com,2021-04-09
E2857,Fatima Qureshi,Female,Marketing,Faisalabad,36,33268,ali.iqbal@example.com,2020-11-17
E2858,Ayesha Hussain,Male,,Multan,54,82967,zain.hussain@example.com,2021-11-27
E2859,Nida Sheikh,Female,Operations,Multan,29,85254,nida.hussain@example.com,2022-03-23
E2860,Omar Malik,Male,HR,Lahore,41,62035,zain.sheikh@example.com,2016-09-04
E2861,Ahmed Hussain,Male,,Faisalabad,39,84170,ali.qureshi@example.com,2021-01-08
E2862,Omar Iqbal,Male,HR,Multan,45,46376,zain.hussain@example.com,2019-12-08
E2863,Sara Sheikh,Male,,Multan,48,54449,ali.iqbal@example.com,2020-10-21
E2864,Omar Malik,Male,Marketing,Karachi,44,79681,ayesha.khan@example.com,2020-10-07
E2865,Nida Iqbal,Male,,Multan,27,35588,zain.malik@example.com,2022-04-20
E2866,Omar Ahmed,Male,Operations,Karachi,39,63874,ayeshasheikhexample.com,2018-04-01
E2867,Sara Sheikh,Female,Finance,Islamabad,50,82395,sara.qureshi@example.com,2022-10-12
E2868,Ahmed Qureshi,Female,Operations,Lahore,43,40493,omar.qureshi@example.com,2018-11-30
E2869,Nida Qureshi,Male,HR,Lahore,35,58297,bilal.hussain@example.com,2015-12-03
E2870,Ahmed Qureshi,Male,Operations,Faisalabad,24,61309,ahmed.hussain@example.com,2021-03-02
E2871,Omar Malik,Male,Operations,Karachi,26,46678,ahmed.sheikh@example.com,2019-09-30
E2872,Nida Iqbal,Female,Marketing,Karachi,40,86689,nida.malik@example.com,2022-01-23
E2873,Ali Malik,Male,Operations,Lahore,38,34205,ayesha.hussain@example.com,2018-04-27
E2874,Ayesha Khan,Male,Finance,,46,31495,ahmed.hussain@example.com,2020-07-30
E2875,Ayesha Qureshi,Male,Marketing,Faisalabad,35,85852,omar.ahmed@example.com,2020-12-22
E2876,Omar Qureshi,Female,HR,Islamabad,37,33058,ali.sheikh@example.com,2018-10-10
E2877,Fatima Hussain,Male,Finance,Multan,38,48554,ayesha.iqbal@example.com,2022-06-08
E2878,Zain Iqbal,Female,Sales,,42,42206,hina.raza@example.com,2015-06-30
E2879,Fatima Malik,Female,Sales,Faisalabad,42,Rs 74754,hinaahmedexample.com,2018-04-28
E2880,Nida Iqbal,Female,IT,Karachi,40,75382,sara.qureshi@example.com,2022-07-07
E2881,Zain Khan,Female,Sales,Karachi,43,53549,zain.hussain@example.com,2022-09-09
E2882,  Bilal Khan  ,Female,IT,Lahore,22,69088,nida.qureshi@example.com,2017-02-16
E2883,Bilal Ahmed,Male,HR,Islamabad,27,46215,zain.sheikh@example.com,2018-03-17
E2884,Zain Khan,Female,Sales,,30,,hina.sheikh@example.com,2016-10-25
E2885,Nida Iqbal,Female,HR,Lahore,31,73809,ahmedqureshiexample.com,2021-08-02
E2886,Omar Iqbal,Male,Marketing,Multan,30,83871,fatima.sheikh@example.com,2018-08-30
E2887,Bilal Raza,Female,Marketing,,26,70974,fatima.raza@example.com,2022-06-06
E2888,Hina Sheikh,Female,Marketing,Islamabad,55,85034,ahmed.ahmed@example.com,2017-09-05
E2889,Omar Ahmed,Male,,Lahore,54,58904,hina.khan@example.com,2015-06-23
E2890,Ayesha Hussain,Male,HR,Multan,41,66127,ahmed.hussain@example.com,2016-08-25
E2891,  Ayesha Sheikh  ,Male,Marketing,Faisalabad,28,86817,ahmed.raza@example.com,2020-01-14
E2892,Ali Sheikh,Female,Operations,Multan,35,75431,nida.sheikh@example.com,2020-09-25
E2893,Hina Iqbal,Male,Marketing,,27,37980,ahmed.khan@example.com,2017-12-07
E2894,Ayesha Malik,Male,Finance,Lahore,30,62806,bilaliqbalexample.com,2019-02-19
E2895,Omar Qureshi,Male,IT,,25,40293,zain.malik@example.com,2017-03-12
E2896,Nida Iqbal,Male,Marketing,,44,79806,nida.raza@example.com,2018-09-23
E2897,Hina Iqbal,Female,,Islamabad,37,47307,fatima.khan@example.com,2018-11-19
E2898,Hina Iqbal,Female,Sales,Faisalabad,25,86427,bilal.malik@example.com,2016-10-08
E2899,Ayesha Iqbal,Male,IT,Faisalabad,55,Rs 79252,zain.iqbal@example.com,2021-05-30
E2900,Nida Qureshi,Female,,Islamabad,36,30860,omar.hussain@example.com,2022-04-09
E2901,Sara Hussain,Female,Marketing,Islamabad,23,87303,sara.raza@example.com,2019-06-28
E2902,  Bilal Ahmed  ,Female,,,31,50231,ahmed.ahmed@example.com,2018-11-05
E2903,Ali Qureshi,Male,Operations,Islamabad,33,34507,hina.hussain@example.com,2022-03-23
E2904,Ahmed Qureshi,Male,Finance,Karachi,31,88136,sara.raza@example.com,2015-04-14
E2905,Ahmed Sheikh,Male,Marketing,Karachi,24,55232,sara.hussain@example.com,2017-02-28
E2906,Bilal Hussain,Male,,Multan,32,75775,bilal.sheikh@example.com,2020-02-21
E2907,Ahmed Malik,Female,HR,Islamabad,41,37758,fatima.malik@example.com,2021-09-26
E2908,Ahmed Hussain,Male,Finance,Faisalabad,26,Rs 81602,zain.iqbal@example.com,2018-03-20
E2909,Fatima Khan,Male,,Islamabad,53,89761,zain.khan@example.com,2016-02-12
E2910,Bilal Qureshi,Male,Sales,Lahore,49,57420,ayesha.hussain@example.com,2018-10-30
E2911,Fatima Iqbal,Male,Finance,Lahore,48,58765,sara.khan@example.com,2015-07-08
E2912,Zain Hussain,Male,,,50,67445,ayeshasheikhexample.com,2016-09-18
E2913,Nida Hussain,Male,Marketing,Lahore,24,82360,zain.qureshi@example.com,2018-04-21
E2914,Nida Hussain,Male,IT,Lahore,47,44099,hina.hussain@example.com,2016-08-10
E2915,Hina Sheikh,Male,Marketing,,55,45427,nida.hussain@example.com,2020-05-09
E2916,Zain Khan,Male,Finance,Karachi,34,67762,fatima.iqbal@example.com,2015-01-16
E2917,Ahmed Sheikh,Male,Finance,Lahore,32,Rs 52388,ayesha.malik@example.com,2017-10-24
E2918,Zain Hussain,Female,,Faisalabad,32,61955,ahmed.hussain@example.com,2016-02-08
E2919,Zain Hussain,Female,HR,Faisalabad,46,50956,bilal.khan@example.com,2016-09-07
E2920,Ali Malik,Female,IT,Multan,48,67699,ahmed.qureshi@example.com,2018-06-25
E2921,Nida Sheikh,Male,Finance,Multan,50,39999,ali.iqbal@example.com,2022-11-19
E2922,Fatima Sheikh,Male,Finance,Multan,40,55698,nida.ahmed@example.com,2020-05-23
E2923,Sara Qureshi,Female,Sales,,25,83083,ahmed.qureshi@example.com,2015-08-13
E2924,Bilal Khan,Male,,Lahore,23,51318,ayesha.raza@example.com,2018-06-06
E2925,Ahmed Sheikh,Male,Sales,Islamabad,22,57555,ayesha.ahmed@example.com,2022-02-19
E2926,Ayesha Qureshi,Male,Sales,Lahore,52,Rs 70405,sara.iqbal@example.com,2021-10-12
E2927,Omar Iqbal,Female,HR,Multan,53,71372,fatima.ahmed@example.com,2022-01-28
E2928,Hina Sheikh,Female,,Karachi,36,42863,ahmed.qureshi@example.com,2016-06-11
E2929,Fatima Khan,Female,IT,Karachi,42,40320,nida.hussain@example.com,2022-07-08
E2930,Ahmed Khan,Male,HR,Karachi,40,Rs 48533,omar.sheikh@example.com,2015-02-01
E2931,Omar Qureshi,Male,Marketing,Lahore,48,37302,omar.malik@example.com,2015-04-23
E2932,Bilal Raza,Female,IT,Islamabad,33,34606,zain.raza@example.com,2016-12-23
E2933,Omar Qureshi,Male,Sales,Lahore,45,37229,fatimasheikhexample.com,2020-05-17
E2934,  Bilal Iqbal  ,Female,HR,,44,83741,fatima.hussain@example.com,2017-05-10
E2935,Hina Iqbal,Male,IT,Multan,23,78622,ali.ahmed@example.com,2018-02-05
E2936,Bilal Khan,Female,Marketing,Islamabad,29,48659,ahmed.sheikh@example.com,2019-06-30
E2937,Bilal Ahmed,Female,IT,Lahore,31,73255,zain.qureshi@example.com,2015-08-08
E2938,Omar Hussain,Male,,Faisalabad,27,86731,zain.raza@example.com,2015-02-07
E2939,Zain Malik,Female,Marketing,Multan,35,69796,fatima.khan@example.com,2022-11-01
E2940,Nida Iqbal,Male,,Multan,45,61167,sara.ahmed@example.com,2019-04-21
E2941,Sara Raza,Male,Finance,Faisalabad,43,33957,sara.sheikh@example.com,2016-12-25
E2942,Ayesha Ahmed,Male,,Karachi,34,67287,zain.sheikh@example.com,2016-05-29
E2943,  Ali Malik  ,Male,Operations,Faisalabad,25,64089,fatima.qureshi@example.com,2019-11-04
E2944,Ahmed Malik,Male,,Multan,29,80841,nida.qureshi@example.com,2018-12-06
E2945,Fatima Raza,Male,IT,Lahore,32,65005,ahmed.sheikh@example.com,2015-05-02
E2946,  Zain Raza  ,Female,Marketing,Islamabad,43,81965,omar.khan@example.com,2017-05-27
E2947,Nida Malik,Male,HR,Faisalabad,36,67463,zain.sheikh@example.com,2017-11-14
E2948,Nida Raza,Male,,Multan,38,Rs 81556,ayesha.ahmed@example.com,2022-04-26
E2949,Ahmed Malik,Female,,Islamabad,34,59359,zain.iqbal@example.com,2022-08-13
E2950,Nida Sheikh,Female,IT,Karachi,49,70545,hina.qureshi@example.com,2017-06-28
E2951,Nida Sheikh,Male,Finance,Lahore,38,87482,omar.iqbal@example.com,2015-05-07
E2952,Ayesha Hussain,Male,Operations,Islamabad,46,76367,omarrazaexample.com,2019-06-06
E2953,Ahmed Qureshi,Female,Sales,,49,83468,ahmed.qureshi@example.com,2019-11-15
E2954,Zain Iqbal,Female,HR,Karachi,36,51609,ahmed.malik@example.com,2018-12-01
E2955,Fatima Hussain,Female,,Islamabad,51,39953,zain.hussain@example.com,2015-12-27
E2956,Ahmed Hussain,Male,HR,Karachi,25,73348,omar.iqbal@example.com,2021-07-23
E2957,Omar Iqbal,Male,HR,Karachi,49,89440,hinaiqbalexample.com,2021-08-18
E2958,Ali Hussain,Female,Operations,Lahore,52,61170,ali.hussain@example.com,2019-02-28
E2959,Zain Sheikh,Male,HR,Multan,43,83190,bilal.raza@example.com,2022-04-18
E2960,Hina Raza,Female,Marketing,Lahore,49,87673,nida.raza@example.com,2021-04-13
E2961,Ayesha Qureshi,Male,Marketing,Islamabad,41,Rs 51046,omar.iqbal@example.com,2015-12-30
E2962,Bilal Iqbal,Male,Sales,Karachi,40,65970,ayesha.iqbal@example.com,2018-12-23
E2963,Ahmed Qureshi,Female,IT,Lahore,23,69048,bilal.ahmed@example.com,2021-10-19
E2964,Ahmed Khan,Female,Sales,,35,47917,bilal.raza@example.com,2016-02-26
E2965,Nida Hussain,Female,IT,Lahore,27,79291,hina.malik@example.com,2021-08-14
E2966,Ali Qureshi,Female,Sales,Multan,39,41549,sara.ahmed@example.com,27/05/2021
E2967,Ali Khan,Female,Finance,Multan,54,Rs 65351,bilal.hussain@example.com,2018-02-24
E2968,Zain Sheikh,Female,,Karachi,33,75616,hina.qureshi@example.com,2016-07-15
E2969,Omar Khan,Male,Operations,Karachi,33,67460,hina.raza@example.com,2015-02-09
E2970,Hina Qureshi,Female,,Karachi,29,46533,hinahussainexample.com,2022-11-05
E2971,  Ahmed Raza  ,Male,,Faisalabad,26,54263,hina.malik@example.com,2019-10-24
E2972,Hina Malik,Female,,Multan,38,,nida.sheikh@example.com,29/08/2021
E2973,Fatima Ahmed,Male,IT,Islamabad,43,62352,ayesha.malik@example.com,2022-11-14
E2974,Omar Khan,Female,Finance,Faisalabad,53,42672,fatima.qureshi@example.com,2019-02-20
E2975,Ahmed Ahmed,Male,HR,Faisalabad,33,33385,ali.hussain@example.com,2015-02-27
E2976,Fatima Malik,Female,,Islamabad,23,82660,ali.khan@example.com,2021-11-02
E2977,Zain Raza,Female,HR,Faisalabad,44,38192,omar.khan@example.com,2019-03-13
E2978,Ali Iqbal,Female,Sales,Faisalabad,45,59769,nida.iqbal@example.com,2017-06-07
E2979,Zain Iqbal,Female,Marketing,Karachi,42,68108,hina.raza@example.com,2022-01-02
E2980,Fatima Qureshi,Female,HR,,36,60839,zain.ahmed@example.com,2016-10-06
E2981,Hina Raza,Male,Finance,Multan,32,,zain.khan@example.com,2015-07-13
E2982,Sara Khan,Female,Operations,Multan,28,68721,hina.malik@example.com,08/02/2022
E2983,Nida Raza,Male,,Islamabad,47,38721,hina.ahmed@example.com,2017-08-05
E2984,Ahmed Hussain,Female,Sales,Karachi,42,82917,zain.qureshi@example.com,2021-10-25
E2985,  Hina Khan  ,Female,,Faisalabad,44,59105,omar.raza@example.com,2019-05-18
E2986,Ali Ahmed,Male,Operations,,42,56722,nidaahmedexample.com,2019-08-11
E2987,Ali Iqbal,Female,Operations,Multan,22,37267,ali.khan@example.com,23/04/2016
E2988,Bilal Qureshi,Male,Marketing,Lahore,31,30508,fatima.sheikh@example.com,2022-02-26
E2989,Bilal Sheikh,Female,HR,Lahore,46,Rs 53443,omar.hussain@example.com,2018-02-18
E2990,  Sara Malik  ,Male,Operations,Multan,40,50744,ayesha.hussain@example.com,2019-11-27
E2991,Ayesha Qureshi,Male,IT,Multan,45,79126,fatima.iqbal@example.com,2022-07-11
E2992,Hina Khan,Female,IT,,22,82311,zain.qureshi@example.com,2017-05-17
E2993,Ayesha Khan,Female,Operations,,44,88060,fatimahussainexample.com,2017-07-19
E2994,Ali Hussain,Female,,Multan,55,40346,ahmed.sheikh@example.com,2017-05-18
E2995,Ahmed Qureshi,Female,Operations,,35,30632,bilal.khan@example.com,2016-08-20
E2996,Nida Malik,Female,Marketing,Faisalabad,47,69714,sara.hussain@example.com,2020-07-05
E2997,Ahmed Malik,Male,HR,Multan,25,70580,ayesha.hussain@example.com,2021-03-03
E2998,Nida Raza,Female,Marketing,Karachi,51,40959,bilal.khan@example.com,2019-10-20
E2999,Sara Iqbal,Male,Sales,Faisalabad,32,66316,hina.sheikh@example.com,2022-06-06
E3000,Omar Ahmed,Female,IT,Faisalabad,31,75107,sara.raza@example.com,2019-01-24
E3001,Nida Sheikh,Female,,Lahore,54,36355,omar.ahmed@example.com,2016-07-16
E3002,Sara Khan,Female,,Lahore,40,55986,zain.sheikh@example.com,2020-04-25
E3003,Fatima Malik,Female,Operations,Lahore,34,34959,ahmed.khan@example.com,2017-04-12
E3004,Ayesha Iqbal,Male,Finance,Lahore,31,65750,ayesha.ahmed@example.com,2020-12-30
E3005,Fatima Sheikh,Female,Marketing,Karachi,48,83065,bilal.raza@example.com,2021-08-26
E3006,Nida Khan,Male,Sales,Lahore,46,74907,ali.qureshi@example.com,2022-08-23
E3007,Nida Iqbal,Male,IT,,54,52515,ali.khan@example.com,2021-09-02
E3008,Ali Qureshi,Male,,Islamabad,55,71120,ayesha.sheikh@example.com,2018-03-09
E3009,Ali Sheikh,Female,HR,Karachi,22,75561,ayesha.qureshi@example.com,22/10/2020
E3010,Nida Hussain,Female,Sales,,28,66613,sara.malik@example.com,2022-04-27
E3011,Hina Sheikh,Female,Sales,Faisalabad,23,79670,sara.sheikh@example.com,2017-04-05
E3012,Zain Qureshi,Male,Marketing,Karachi,47,86926,ahmed.khan@example.com,2021-09-17
E3013,Ayesha Khan,Female,IT,Karachi,43,60403,ahmed.hussain@example.com,2019-12-25
E3014,Hina Malik,Male,HR,Faisalabad,33,70194,bilal.hussain@example.com,2018-07-13
E3015,Zain Ahmed,Female,Operations,Karachi,55,67184,ahmed.ahmed@example.com,2022-12-17
E3016,Bilal Raza,Female,,Islamabad,44,72719,fatima.sheikh@example.com,2017-08-23
E3017,Bilal Malik,Female,Sales,Karachi,40,78485,ali.raza@example.com,2019-06-08
E3018,Bilal Raza,Female,Operations,Karachi,41,51536,zain.raza@example.com,2020-12-04
E3019,Sara Hussain,Male,IT,Karachi,34,39202,ali.malik@example.com,2018-09-28
E3020,Ahmed Sheikh,Male,,Multan,24,47914,nida.raza@example.com,2022-12-26
E3021,Hina Qureshi,Female,Finance,Multan,42,Rs 53847,ali.sheikh@example.com,2021-09-25
E3022,Ali Khan,Male,HR,Islamabad,33,67127,zain.malik@example.com,03/12/2015
E3023,Zain Raza,Female,Sales,Lahore,35,73804,nida.raza@example.com,2017-07-19
E3024,  Fatima Qureshi  ,Female,Marketing,Islamabad,49,77961,ayesha.qureshi@example.com,2018-12-14
E3025,Ali Sheikh,Male,HR,Islamabad,28,42882,nida.raza@example.com,2017-06-11
E3026,Ali Qureshi,Male,Finance,Faisalabad,38,61893,ali.iqbal@example.com,2018-02-17
E3027,Ahmed Raza,Female,Marketing,Lahore,28,51395,nida.hussain@example.com,2017-05-07
E3028,Nida Ahmed,Female,Operations,Multan,49,84568,ali.hussain@example.com,2020-08-09
E3029,Fatima Raza,Male,IT,,36,71222,hina.iqbal@example.com,2021-03-22
E3030,Fatima Raza,Female,IT,Karachi,50,64795,ali.malik@example.com,2016-09-22
E3031,Omar Raza,Female,HR,,23,79009,ayesha.khan@example.com,2015-02-20
E3032,Sara Malik,Male,Finance,Karachi,51,63912,zain.hussain@example.com,2019-11-27
E3033,Hina Khan,Male,,Islamabad,32,70307,nida.hussain@example.com,2022-07-13
E3034,Ayesha Raza,Female,Marketing,Islamabad,53,56904,hina.ahmed@example.com,2022-07-13
E3035,Hina Sheikh,Male,Marketing,Faisalabad,38,38739,ali.malik@example.com,2020-02-20
E3036,Ayesha Qureshi,Female,Sales,,30,60317,sara.qureshi@example.com,2019-12-31
E3037,Fatima Hussain,Female,Sales,Faisalabad,23,45706,omar.hussain@example.com,2020-03-29
E3038,Ayesha Khan,Female,HR,Multan,24,48211,ahmed.iqbal@example.com,2016-08-11
E3039,Ali Hussain,Female,Finance,Faisalabad,44,49249,bilal.ahmed@example.com,2019-01-07
E3040,Hina Qureshi,Male,HR,Islamabad,25,71034,fatima.malik@example.com,2022-03-23
E3041,Fatima Raza,Male,Operations,Multan,33,Rs 47767,nidaqureshiexample.com,2020-02-09
E3042,Nida Sheikh,Female,,Lahore,40,69939,sara.malik@example.com,2018-04-04
E3043,Nida Sheikh,Female,HR,Islamabad,22,49105,ali.khan@example.com,2017-11-27
E3044,Bilal Raza,Female,Sales,Lahore,50,57656,ayesha.qureshi@example.com,20/08/2019
E3045,Bilal Qureshi,Male,Operations,,36,59840,nida.qureshi@example.com,2020-05-12
E3046,Sara Qureshi,Female,,Karachi,50,87862,ayesha.qureshi@example.com,2015-03-24
E3047,Zain Khan,Female,HR,Multan,52,,bilal.sheikh@example.com,2017-04-11
E3048,Sara Raza,Female,,Lahore,54,32669,ayesha.raza@example.com,2021-10-25
E3049,Nida Raza,Male,HR,Multan,27,43055,ayesha.raza@example.com,2015-04-28
E3050,Nida Sheikh,Male,IT,,25,30716,sara.khan@example.com,2019-10-24
E3051,Ali Iqbal,Male,IT,,38,68421,hina.khan@example.com,2022-12-26
E3052,Ali Qureshi,Female,Sales,Islamabad,54,68980,ayesha.iqbal@example.com,2015-04-07
E3053,Bilal Khan,Female,Marketing,Islamabad,45,51740,ayesha.malik@example.com,2015-12-21
E3054,Omar Qureshi,Male,Sales,,28,74198,zain.sheikh@example.com,2019-12-31
E3055,Ahmed Qureshi,Male,Sales,Islamabad,44,63041,hina.hussain@example.com,2018-06-20
E3056,Ahmed Khan,Male,Marketing,Karachi,23,78728,sara.iqbal@example.com,2021-11-22
E3057,Omar Raza,Male,Finance,Multan,44,57666,ayesha.sheikh@example.com,2022-03-10
E3058,Zain Raza,Female,IT,Faisalabad,38,89411,nida.sheikh@example.com,2021-09-01
E3059,Ahmed Khan,Male,IT,Karachi,32,48501,ali.iqbal@example.com,2021-12-05
E3060,Zain Sheikh,Female,,Karachi,40,46332,nida.hussain@example.com,2022-01-30
E3061,Nida Khan,Male,HR,,50,37659,nida.qureshi@example.com,2015-04-10
E3062,Hina Sheikh,Male,IT,Faisalabad,55,63302,zain.sheikh@example.com,2017-01-14
E3063,Omar Sheikh,Female,Sales,Faisalabad,40,78884,nida.raza@example.com,2015-01-02
E3064,Fatima Qureshi,Male,Finance,Multan,24,86700,omar.sheikh@example.com,2018-08-01
E3065,Ali Malik,Female,Marketing,Lahore,41,Rs 60950,ali.qureshi@example.com,2018-07-08
E3066,Fatima Khan,Female,Sales,Karachi,28,Rs 82086,ayesha.sheikh@example.com,2022-06-06
E3067,Zain Raza,Male,HR,Lahore,41,68120,fatima.qureshi@example.com,2022-06-03
E3068,Ahmed Ahmed,Male,Marketing,Islamabad,53,40451,sara.iqbal@example.com,05/09/2018
E3069,Ali Ahmed,Female,Finance,,28,56937,nida.raza@example.com,2017-03-14
E3070,Ahmed Iqbal,Female,IT,Multan,38,73320,nida.qureshi@example.com,2019-02-12
E3071,Nida Khan,Female,Finance,Lahore,22,82122,ayesha.hussain@example.com,2016-10-02
E3072,Ayesha Malik,Male,IT,,54,63329,zain.hussain@example.com,2020-11-09
E3073,Sara Sheikh,Female,Sales,Multan,55,32541,fatima.iqbal@example.com,27/05/2018
E3074,Sara Malik,Male,,Faisalabad,51,77827,zain.raza@example.com,2015-10-12
E3075,Nida Raza,Male,HR,,53,,omar.qureshi@example.com,2016-04-29
E3076,Sara Ahmed,Female,Marketing,Lahore,44,48736,ali.hussain@example.com,2022-12-21
E3077,Zain Iqbal,Male,Finance,Islamabad,26,71961,omar.malik@example.com,2021-02-28
E3078,Ahmed Ahmed,Female,Sales,Multan,42,32726,ahmed.khan@example.com,2018-07-07
E3079,Hina Malik,Male,Sales,,47,33289,fatima.qureshi@example.com,2022-02-15
E3080,Bilal Hussain,Male,Finance,Multan,32,89103,ahmed.sheikh@example.com,2021-08-08
E3081,Fatima Malik,Female,Finance,Lahore,30,53205,ahmed.qureshi@example.com,2015-11-25
E3082,Hina Malik,Male,HR,Lahore,29,44705,sara.iqbal@example.com,2016-05-08
E3083,Ayesha Hussain,Female,Sales,Karachi,34,60760,fatimarazaexample.com,2021-12-21
E3084,Ahmed Malik,Male,Operations,Faisalabad,51,59800,zain.iqbal@example.com,2017-10-19
E3085,Ahmed Sheikh,Male,Finance,Multan,24,84991,ayesha.sheikh@example.com,2016-06-18
E3086,Sara Khan,Male,IT,,26,44753,nida.qureshi@example.com,2020-01-21
E3087,Bilal Sheikh,Male,Sales,,47,77671,bilal.khan@example.com,2016-08-18
E3088,Omar Qureshi,Female,HR,,55,58882,fatima.raza@example.com,2017-09-16
E3089,Ali Hussain,Female,Sales,Islamabad,40,72816,nida.hussain@example.com,2017-09-27
E3090,Ali Raza,Female,,Islamabad,22,36450,hina.malik@example.com,2019-12-14
E3091,Bilal Ahmed,Male,Sales,Islamabad,41,59659,omar.sheikh@example.com,2017-01-23
E3092,Fatima Ahmed,Female,HR,Lahore,52,75957,sara.ahmed@example.com,2018-03-05
E3093,Bilal Qureshi,Male,HR,Faisalabad,47,57105,omar.iqbal@example.com,2021-07-29
E3094,Nida Sheikh,Female,Finance,,37,64603,ahmed.hussain@example.com,2021-11-05
E3095,Zain Sheikh,Male,Sales,Lahore,36,60658,sara.hussain@example.com,2019-01-18
E3096,Sara Qureshi,Male,Finance,Islamabad,22,42638,zain.ahmed@example.com,06/05/2017
E3097,Zain Khan,Male,Sales,Karachi,41,42417,hina.khan@example.com,17/08/2020
E3098,Zain Qureshi,Male,Marketing,Multan,52,62256,ahmed.qureshi@example.com,2022-06-10
E3099,Nida Sheikh,Male,HR,Multan,28,53522,sara.hussain@example.com,2016-05-17
E3100,Zain Sheikh,Male,HR,Lahore,41,51016,hina.hussain@example.com,2022-04-15
E3101,Ayesha Sheikh,Male,,Karachi,28,Rs 50580,nida.hussain@example.com,2019-07-13
E3102,Ali Ahmed,Male,Marketing,Faisalabad,42,43868,fatima.ahmed@example.com,2020-05-23
E3103,Hina Hussain,Female,IT,,33,79201,ali.ahmed@example.com,28/02/2016
E3104,Sara Khan,Female,IT,Multan,54,43113,hina.iqbal@example.com,2015-07-12
E3105,Fatima Sheikh,Male,Marketing,Multan,41,71301,sara.khan@example.com,2019-03-24
E3106,Bilal Sheikh,Male,Operations,Lahore,30,55882,fatima.iqbal@example.com,2021-09-20
E3107,Ahmed Khan,Female,,Islamabad,51,49448,hina.hussain@example.com,2019-01-04
E3108,Hina Sheikh,Male,,Lahore,46,Rs 51550,sara.sheikh@example.com,2018-10-15
E3109,  Fatima Sheikh  ,Female,Sales,Karachi,53,69619,bilal.sheikh@example.com,2021-01-12
E3110,Bilal Ahmed,Male,HR,Islamabad,51,87782,nida.qureshi@example.com,2015-09-13
E3111,Zain Qureshi,Female,Operations,Multan,39,76586,zain.ahmed@example.com,2021-09-19
E3112,Nida Sheikh,Male,Sales,Karachi,28,30851,fatima.khan@example.com,2021-04-14
E3113,Hina Ahmed,Female,HR,Karachi,49,53003,ahmed.ahmed@example.com,2017-12-06
E3114,Hina Khan,Male,Finance,Multan,43,54214,hina.khan@example.com,2016-10-11
E3115,Bilal Malik,Female,,Karachi,37,41763,bilal.khan@example.com,2022-02-10
E3116,Omar Raza,Female,IT,Islamabad,50,31671,ali.iqbal@example.com,2015-06-12
E3117,Ahmed Ahmed,Male,Operations,Multan,39,81820,nida.sheikh@example.com,2016-11-28
E3118,Sara Raza,Female,Operations,,48,40254,zain.raza@example.com,2021-12-20
E3119,  Zain Raza  ,Male,HR,Islamabad,46,31452,ayesha.raza@example.com,2018-12-02
E3120,Bilal Qureshi,Male,IT,Islamabad,50,88041,ayesha.khan@example.com,2017-07-31
E3121,Ahmed Iqbal,Male,Operations,Multan,43,30629,nida.khan@example.com,2016-12-16
E3122,Fatima Khan,Male,Sales,Lahore,48,49406,omar.hussain@example.com,2019-01-20
E3123,Fatima Iqbal,Female,HR,Islamabad,35,34935,bilal.hussain@example.com,2022-04-13
E3124,Omar Ahmed,Male,IT,Faisalabad,50,49379,nida.hussain@example.com,2017-02-01
E3125,Ali Hussain,Male,HR,Islamabad,28,45535,sara.hussain@example.com,2016-10-03
E3126,Zain Qureshi,Male,Sales,Lahore,46,31441,zain.qureshi@example.com,2020-02-20
E3127,Ahmed Raza,Male,Operations,Lahore,40,75174,hina.qureshi@example.com,2020-04-14
E3128,Hina Iqbal,Female,HR,Faisalabad,37,59013,omar.iqbal@example.com,2018-11-26
E3129,Zain Sheikh,Male,,Faisalabad,47,67322,fatima.raza@example.com,2019-11-14
E3130,Omar Iqbal,Male,Sales,Lahore,26,49504,zain.khan@example.com,2020-12-21
E3131,Nida Malik,Male,HR,Multan,29,44398,hina.malik@example.com,2018-05-16
E3132,Zain Qureshi,Male,Finance,Islamabad,28,37606,ayeshaqureshiexample.com,2015-12-04
E3133,Bilal Ahmed,Female,HR,Multan,47,31767,sara.raza@example.com,2015-01-30
E3134,Nida Iqbal,Male,Operations,,55,52383,zain.raza@example.com,2018-08-13
E3135,Omar Hussain,Female,,Karachi,45,53522,sara.iqbal@example.com,2022-07-12
E3136,Bilal Qureshi,Male,HR,Karachi,45,88156,nida.iqbal@example.com,2016-01-28
E3137,Ayesha Raza,Female,Marketing,Karachi,30,57749,fatima.khan@example.com,2019-01-27
E3138,Omar Hussain,Female,Sales,,41,68976,hina.raza@example.com,2021-10-03
E3139,Ali Hussain,Female,Operations,Multan,26,62430,ayesha.ahmed@example.com,2019-08-31
E3140,Zain Qureshi,Female,HR,Multan,53,43964,nida.khan@example.com,2018-07-16
E3141,  Hina Raza  ,Male,Sales,Faisalabad,29,31080,ahmed.hussain@example.com,05/04/2022
E3142,Ali Sheikh,Female,Operations,Lahore,49,62950,omar.sheikh@example.com,2016-10-06
E3143,Hina Malik,Female,Sales,Lahore,55,53081,ahmed.raza@example.com,2019-01-04
E3144,Zain Iqbal,Female,HR,Lahore,53,52816,hina.qureshi@example.com,2019-01-31
E3145,Sara Khan,Female,Sales,Multan,41,32122,zain.malik@example.com,2022-07-16
E3146,Zain Qureshi,Female,Marketing,Faisalabad,53,57406,zain.iqbal@example.com,2020-05-14
E3147,Ahmed Ahmed,Female,IT,Islamabad,32,85346,ahmed.qureshi@example.com,2022-03-25
E3148,Nida Iqbal,Male,IT,Lahore,42,59997,ahmed.iqbal@example.com,2019-09-15
E3149,Hina Malik,Female,,Karachi,48,77609,ayesha.qureshi@example.com,2016-09-09
E3150,Nida Khan,Male,Finance,Islamabad,37,Rs 69914,ayesha.khan@example.com,2019-06-22
E3151,Ayesha Khan,Female,Finance,Faisalabad,39,37585,sara.hussain@example.com,2021-12-24
E3152,Hina Sheikh,Male,,,35,,sara.iqbal@example.com,2015-02-13
E3153,Ali Hussain,Male,,Karachi,33,64740,omar.hussain@example.com,2017-08-12
E3154,Fatima Khan,Female,Finance,,42,69038,zain.hussain@example.com,2018-01-05
E3155,Bilal Malik,Male,Marketing,Multan,27,50128,alihussainexample.com,2022-12-25
E3156,Ayesha Malik,Female,Marketing,Karachi,22,70794,hina.qureshi@example.com,2016-07-18
E3157,Ayesha Ahmed,Female,Operations,Faisalabad,29,48928,omar.qureshi@example.com,2017-02-07
E3158,Zain Hussain,Female,IT,Lahore,27,66460,ayeshakhanexample.com,2017-12-06
E3159,Fatima Malik,Male,Finance,Multan,23,42921,zain.hussain@example.com,14/02/2021
E3160,  Fatima Sheikh  ,Male,,Faisalabad,32,82342,ahmed.malik@example.com,2017-07-12
E3161,Bilal Hussain,Female,,Islamabad,55,86552,nida.sheikh@example.com,2015-06-09
E3162,Hina Iqbal,Male,Marketing,Karachi,34,64077,zain.khan@example.com,2018-10-10
E3163,Ayesha Malik,Female,IT,Karachi,29,68414,zainmalikexample.com,2016-11-17
E3164,Bilal Raza,Male,IT,Karachi,39,,bilal.iqbal@example.com,2021-07-25
E3165,Bilal Malik,Male,IT,Faisalabad,26,33653,ayeshahussainexample.com,2018-10-21
E3166,Ahmed Malik,Female,Sales,Karachi,39,45200,sara.khan@example.com,2022-07-18
E3167,Ali Qureshi,Male,Marketing,Islamabad,26,39098,zain.iqbal@example.com,2022-01-20
E3168,Fatima Sheikh,Male,Finance,Karachi,25,55640,bilal.qureshi@example.com,2018-11-29
E3169,Nida Ahmed,Female,IT,Faisalabad,27,88565,hina.hussain@example.com,2020-12-07
E3170,Zain Khan,Male,Marketing,Islamabad,27,76691,hina.iqbal@example.com,2019-12-12
E3171,Ahmed Raza,Male,,Lahore,30,39347,ahmed.raza@example.com,17/05/2017
E3172,Ayesha Raza,Female,IT,Faisalabad,24,45988,ayesha.iqbal@example.com,2018-07-23
E3173,Sara Sheikh,Female,Finance,Multan,27,48458,hina.raza@example.com,2022-07-18
E3174,Omar Malik,Female,HR,Islamabad,51,76134,ahmed.sheikh@example.com,2022-03-16
E3175,  Hina Iqbal  ,Male,IT,Multan,41,69283,ayesha.raza@example.com,2021-09-11
E3176,Ahmed Khan,Male,Finance,Multan,51,59340,zain.malik@example.com,2017-11-07
E3177,Bilal Khan,Female,Operations,Lahore,38,85198,nida.raza@example.com,2016-05-17
E3178,Zain Khan,Male,Sales,Multan,27,58546,omarqureshiexample.com,2018-06-01
E3179,Ali Malik,Male,Finance,Multan,42,46545,omar.raza@example.com,2019-02-10
E3180,Nida Raza,Female,,Islamabad,52,83391,fatima.iqbal@example.com,12/03/2019
E3181,Sara Sheikh,Female,Finance,,49,Rs 88830,fatima.hussain@example.com,2020-03-05
E3182,Ali Malik,Female,IT,Multan,28,87128,ahmed.qureshi@example.com,2019-03-09
E3183,Zain Ahmed,Female,HR,Karachi,39,61783,sara.iqbal@example.com,2021-11-13
E3184,Bilal Raza,Female,Marketing,Karachi,30,30172,ahmed.hussain@example.com,2021-04-15
E3185,Ahmed Malik,Female,HR,,34,38960,ahmed.qureshi@example.com,2021-10-28
E3186,Ali Raza,Female,Sales,Islamabad,54,39469,ayesharazaexample.com,2022-11-07
E3187,Zain Sheikh,Male,Marketing,Islamabad,25,88500,bilal.iqbal@example.com,2017-06-11
E3188,Bilal Khan,Male,Finance,Faisalabad,33,40230,bilal.sheikh@example.com,2019-10-07
E3189,Ahmed Raza,Female,Marketing,Faisalabad,26,39043,bilal.ahmed@example.com,2020-03-02
E3190,Hina Ahmed,Female,,Karachi,33,69823,bilal.raza@example.com,2015-05-19
E3191,Ayesha Qureshi,Female,HR,Multan,38,74440,ahmed.hussain@example.com,2020-01-01
E3192,Ahmed Sheikh,Female,Marketing,Multan,42,58431,omar.sheikh@example.com,2019-10-10
E3193,Omar Iqbal,Male,HR,Lahore,31,Rs 71617,zain.khan@example.com,2019-12-02
E3194,Sara Iqbal,Male,Finance,Multan,38,85483,ayesha.malik@example.com,2022-05-04
E3195,Fatima Malik,Male,Sales,Faisalabad,52,84832,omar.iqbal@example.com,2017-01-06
E3196,Bilal Sheikh,Female,,Faisalabad,22,31584,hina.malik@example.com,2015-02-21
E3197,Fatima Hussain,Female,,Karachi,54,68230,zain.sheikh@example.com,2021-01-12
E3198,Ali Malik,Male,,Karachi,23,61059,bilal.iqbal@example.com,2019-10-10
E3199,Ahmed Iqbal,Male,HR,,53,42329,bilal.sheikh@example.com,2019-03-23
E3200,Nida Hussain,Male,Finance,Islamabad,24,55746,ayesha.sheikh@example.com,2021-03-13
E3201,Hina Raza,Female,Marketing,Lahore,33,60836,zain.raza@example.com,2021-07-16
E3202,Zain Iqbal,Female,Finance,Faisalabad,51,49367,hina.malik@example.com,2021-02-01
E3203,Ahmed Qureshi,Male,IT,Karachi,55,51930,ahmed.ahmed@example.com,2018-08-14
E3204,  Fatima Sheikh  ,Male,,,45,73310,sara.ahmed@example.com,2018-12-05
E3205,Hina Malik,Female,Sales,Karachi,50,63738,bilal.malik@example.com,2022-09-11
E3206,Bilal Malik,Male,IT,Multan,39,83306,bilal.malik@example.com,2015-05-25
E3207,Omar Iqbal,Female,HR,Faisalabad,34,44644,ali.sheikh@example.com,2019-12-31
E3208,Ahmed Sheikh,Male,Finance,Karachi,48,78586,fatima.hussain@example.com,2022-03-26
E3209,Sara Ahmed,Male,Operations,Multan,40,78365,fatima.sheikh@example.com,2017-05-19
E3210,Omar Malik,Male,Sales,,32,79702,nida.malik@example.com,2017-04-14
E3211,Omar Qureshi,Female,IT,Lahore,43,69494,zain.malik@example.com,2022-08-16
E3212,Nida Hussain,Female,,Islamabad,39,35415,omar.khan@example.com,2017-11-23
E3213,Omar Ahmed,Male,HR,,33,65317,sara.khan@example.com,2021-07-09
E3214,Nida Iqbal,Female,IT,Faisalabad,41,50913,ali.hussain@example.com,2016-04-18
E3215,Bilal Hussain,Female,Finance,Karachi,51,59456,ayesha.ahmed@example.com,2021-04-28
E3216,Hina Malik,Male,Marketing,Multan,25,62493,omar.ahmed@example.com,2020-04-19
E3217,Hina Qureshi,Male,Marketing,Multan,33,46473,ali.iqbal@example.com,2022-06-19
E3218,Ayesha Khan,Male,IT,Faisalabad,46,41356,ayesha.iqbal@example.com,2015-12-18
E3219,Ali Malik,Male,Sales,Multan,28,55337,bilal.raza@example.com,2022-01-23
E3220,Ali Sheikh,Female,,Multan,42,48770,fatima.khan@example.com,2022-05-24
E3221,Fatima Sheikh,Male,Finance,,40,87741,nida.iqbal@example.com,2018-11-21
E3222,Nida Malik,Female,Marketing,Faisalabad,47,72726,nida.ahmed@example.com,2019-06-15
E3223,Bilal Qureshi,Female,Sales,Lahore,47,Rs 66164,hina.ahmed@example.com,2021-11-11
E3224,Sara Hussain,Female,Finance,Faisalabad,49,34655,sara.qureshi@example.com,2018-03-24
E3225,Hina Hussain,Male,Marketing,Lahore,30,73271,omar.hussain@example.com,2018-05-20
E3226,Bilal Khan,Female,Sales,Multan,22,46919,hina.malik@example.com,2021-01-07
E3227,Ali Iqbal,Female,Operations,Faisalabad,52,58299,sarakhanexample.com,2018-03-29
E3228,Ahmed Iqbal,Female,Operations,Islamabad,33,57750,zain.iqbal@example.com,2020-10-20
E3229,Omar Qureshi,Female,Finance,Multan,51,39679,bilal.iqbal@example.com,2020-12-03
E3230,Ali Sheikh,Female,HR,Islamabad,31,69374,ahmed.khan@example.com,2019-06-27
E10552,Zain Sheikh,Female,Operations,Karachi,30,Rs 32555,ali.iqbal@example.com,2015-09-03
E3232,Ayesha Hussain,Male,Sales,Lahore,37,53104,bilal.raza@example.com,2022-01-13
E3233,Hina Malik,Male,Operations,Lahore,29,61777,bilal.qureshi@example.com,2015-10-31
E3234,Hina Qureshi,Male,Sales,Lahore,55,61853,omar.raza@example.com,2015-02-08
E3235,Ayesha Khan,Female,Operations,Karachi,50,88713,omar.malik@example.com,2017-01-05
E3236,Hina Iqbal,Male,IT,Karachi,23,62573,bilal.iqbal@example.com,2022-07-20
E3237,Fatima Hussain,Male,,Multan,54,61690,ali.ahmed@example.com,2022-05-18
E3238,Ali Khan,Female,Sales,Islamabad,48,31460,sara.qureshi@example.com,2018-05-20
E3239,Fatima Ahmed,Male,Sales,Lahore,37,70140,ali.hussain@example.com,2021-01-30
E3240,Nida Khan,Male,Marketing,Faisalabad,35,54250,ahmed.khan@example.com,2019-12-30
E3241,Fatima Iqbal,Male,IT,Karachi,41,46281,ayesha.ahmed@example.com,2020-10-14
E3242,Fatima Ahmed,Female,,,39,75406,ali.iqbal@example.com,2015-10-12
E3243,Ali Raza,Female,HR,Multan,44,39891,fatima.qureshi@example.com,2015-08-09
E3244,Zain Malik,Male,Sales,,36,33287,sara.hussain@example.com,2016-08-19
E3245,Ahmed Hussain,Female,HR,Lahore,50,55288,ahmed.sheikh@example.com,2022-06-18
E3246,Ayesha Khan,Female,,Islamabad,45,69541,zain.ahmed@example.com,2021-06-20
E3247,Ali Qureshi,Male,IT,Multan,24,76984,fatima.qureshi@example.com,2019-03-01
E3248,Omar Iqbal,Male,IT,Lahore,33,52254,fatimaiqbalexample.com,2019-01-02
E3249,Hina Khan,Male,Sales,Faisalabad,23,36638,omar.khan@example.com,2015-12-03
E3250,Omar Iqbal,Male,HR,Karachi,34,54212,hina.qureshi@example.com,23/10/2015
E3251,Ahmed Qureshi,Male,Sales,Faisalabad,54,55554,ahmed.malik@example.com,2019-11-01
E3252,Sara Ahmed,Female,Marketing,Lahore,42,74535,ayesha.hussain@example.com,2019-08-22
E3253,Fatima Sheikh,Male,Operations,Karachi,46,38766,ali.ahmed@example.com,2022-04-06
E3254,Fatima Iqbal,Female,Finance,Karachi,54,68371,ahmed.sheikh@example.com,2019-05-13
E3255,Ahmed Raza,Female,,Multan,24,86508,sara.sheikh@example.com,2017-11-11
E3256,Ali Hussain,Female,Operations,Lahore,30,55307,omar.malik@example.com,2020-04-27
E3257,Omar Raza,Female,HR,Islamabad,41,40243,zain.malik@example.com,2021-04-30
E3258,Ahmed Malik,Female,IT,Karachi,39,50125,sara.qureshi@example.com,2018-03-24
E3259,Zain Malik,Female,Marketing,,22,30419,ahmed.hussain@example.com,2018-08-04
E3260,Bilal Qureshi,Male,IT,Lahore,31,85506,ayesha.malik@example.com,2021-06-07
E3261,Fatima Malik,Male,IT,Karachi,50,72970,alisheikhexample.com,2022-08-07
E3262,Zain Hussain,Female,IT,Multan,55,70047,ayesha.malik@example.com,2020-12-01
E3263,Bilal Ahmed,Female,Marketing,Islamabad,34,44775,ayesha.raza@example.com,2021-01-24
E3264,Omar Hussain,Male,Marketing,Multan,48,87412,bilal.iqbal@example.com,2020-01-25
E3265,Hina Sheikh,Male,,Karachi,30,62718,fatima.ahmed@example.com,2022-03-16
E3266,Bilal Sheikh,Male,Finance,Multan,46,56487,hina.ahmed@example.com,2018-09-27
E3267,Sara Qureshi,Female,Finance,Faisalabad,39,81742,hina.sheikh@example.com,2017-10-16
E3268,Bilal Iqbal,Male,Operations,Karachi,40,75660,fatima.hussain@example.com,2016-05-19
E3269,Ali Raza,Female,,Faisalabad,28,84523,ayesha.ahmed@example.com,2022-03-09
E3270,Ayesha Raza,Female,HR,Karachi,40,60016,ahmed.malik@example.com,2017-11-02
E3271,Zain Iqbal,Male,Finance,,51,53044,ahmed.iqbal@example.com,2017-03-04
E3272,Ahmed Raza,Female,Finance,Karachi,25,58010,hina.raza@example.com,2022-10-17
E3273,Zain Hussain,Female,HR,,38,43217,omar.iqbal@example.com,2020-12-24
E3274,Zain Raza,Male,Sales,Multan,40,74622,alikhanexample.com,2022-08-08
E3275,Ahmed Sheikh,Male,Finance,,51,39940,zain.raza@example.com,2017-11-18
E3276,Sara Hussain,Female,,,42,Rs 59228,fatima.sheikh@example.com,15/12/2020
E3277,Bilal Iqbal,Female,,Faisalabad,27,67592,bilal.hussain@example.com,2018-02-24
E3278,Ali Raza,Male,Finance,Faisalabad,44,59828,omar.khan@example.com,2018-12-25
E3279,Ayesha Khan,Male,Finance,Islamabad,37,43542,nida.khan@example.com,2015-12-19
E3280,Zain Sheikh,Male,,Faisalabad,53,75427,ali.khan@example.com,2016-05-07
E3281,Ali Qureshi,Male,Finance,Islamabad,32,58956,fatima.hussain@example.com,2016-04-10
E3282,Ali Malik,Male,Operations,Islamabad,47,41034,ahmed.raza@example.com,2017-04-02
E3283,Zain Malik,Male,IT,Karachi,23,67281,nida.ahmed@example.com,2020-04-16
E3284,Omar Ahmed,Male,IT,Multan,49,59259,fatima.iqbal@example.com,2016-08-30
E3285,Ahmed Iqbal,Male,Operations,Multan,23,37844,omar.iqbal@example.com,2019-01-05
E3286,Ayesha Raza,Female,,,30,85010,sara.khan@example.com,2018-12-17
E3287,Bilal Malik,Female,Finance,Karachi,37,70771,bilal.khan@example.com,2016-12-19
E3288,Nida Hussain,Male,HR,Faisalabad,55,61583,fatima.hussain@example.com,2017-09-07
E3289,Ahmed Raza,Female,Operations,Karachi,31,81502,sara.malik@example.com,2021-01-07
E3290,Fatima Ahmed,Male,IT,,22,52847,hina.iqbal@example.com,2018-01-01
E3291,Omar Raza,Female,Marketing,,23,81667,hina.ahmed@example.com,2018-04-24
E3292,Sara Sheikh,Female,HR,Karachi,22,40920,zain.iqbal@example.com,2016-02-23
E3293,Sara Hussain,Male,,Multan,33,69568,omar.khan@example.com,2022-05-09
E3294,Zain Khan,Male,Finance,,52,35691,omar.sheikh@example.com,2019-10-21
E3295,Fatima Malik,Female,Sales,Faisalabad,22,52503,ahmed.khan@example.com,2016-05-02
E3296,Omar Qureshi,Male,HR,Faisalabad,48,41631,ayesha.khan@example.com,2018-05-14
E3297,Zain Sheikh,Female,IT,Karachi,52,73811,hina.hussain@example.com,2017-06-19
E3298,  Fatima Hussain  ,Female,Operations,Karachi,30,56559,omar.iqbal@example.com,2015-06-18
E3299,Nida Khan,Female,Operations,Islamabad,39,30705,omar.hussain@example.com,2017-05-24
E3300,Ali Raza,Female,Operations,Lahore,49,61544,nida.qureshi@example.com,2015-02-19
E3301,Omar Hussain,Female,Finance,,42,89062,ali.malik@example.com,2017-03-28
E3302,Fatima Malik,Female,Marketing,Multan,42,52260,ahmed.ahmed@example.com,2016-09-19
E3303,Sara Qureshi,Female,HR,Karachi,34,70979,omar.iqbal@example.com,2018-08-25
E3304,Omar Hussain,Male,Sales,Faisalabad,22,73353,nida.qureshi@example.com,2021-05-01
E3305,Sara Hussain,Female,HR,Lahore,31,55250,fatima.raza@example.com,2021-08-08
E3306,Ayesha Qureshi,Male,HR,Faisalabad,31,37090,ali.iqbal@example.com,2016-02-18
E3307,Omar Khan,Male,,Islamabad,33,50768,omar.sheikh@example.com,2018-10-06
E3308,Ahmed Qureshi,Female,Sales,Faisalabad,32,75170,nida.qureshi@example.com,2015-07-13
E3309,Omar Ahmed,Female,Finance,Faisalabad,29,85487,bilal.iqbal@example.com,2020-11-23
E3310,Ahmed Sheikh,Female,,Lahore,30,34647,bilal.malik@example.com,2020-11-21
E3311,Bilal Malik,Female,,,54,34382,ayesha.ahmed@example.com,2021-02-13
E3312,Nida Ahmed,Female,IT,,28,55220,ahmed.raza@example.com,2019-01-08
E3313,Ali Khan,Male,Marketing,Multan,47,87343,bilal.qureshi@example.com,2016-08-08
E3314,Ayesha Qureshi,Male,Marketing,Lahore,23,74351,hina.khan@example.com,2019-04-16
E3315,Ayesha Khan,Female,Marketing,,35,72076,zain.malik@example.com,20/12/2020
E3316,Zain Ahmed,Female,IT,Faisalabad,42,60422,bilal.hussain@example.com,2020-04-23
E3317,Ahmed Sheikh,Male,Sales,Lahore,35,52430,omar.malik@example.com,2016-07-13
E3318,Ayesha Iqbal,Male,Marketing,Faisalabad,33,73731,hina.raza@example.com,2022-07-07
E3319,Fatima Qureshi,Male,HR,Faisalabad,31,63243,sara.ahmed@example.com,2020-11-14
E3320,Ayesha Hussain,Male,,Lahore,36,,nida.khan@example.com,2015-09-22
E3321,Nida Ahmed,Male,Marketing,Faisalabad,32,34071,bilal.raza@example.com,2020-07-02
E3322,Sara Malik,Male,Operations,Faisalabad,53,41006,ali.khan@example.com,2017-01-30
E3323,Ayesha Iqbal,Male,Finance,Faisalabad,31,61361,fatima.malik@example.com,2015-05-28
E3324,  Nida Raza  ,Male,Marketing,,36,64265,bilal.khan@example.com,2020-12-25
E3325,Ali Raza,Female,HR,Lahore,41,70232,sara.malik@example.com,2022-07-13
E3326,Hina Raza,Male,Operations,Islamabad,38,54988,ahmed.raza@example.com,2022-03-07
E3327,Ayesha Khan,Female,Finance,Lahore,30,63875,hina.ahmed@example.com,2015-07-01
E3328,Omar Hussain,Female,Marketing,Faisalabad,39,38048,nida.sheikh@example.com,2019-12-15
E3329,Fatima Sheikh,Female,Sales,Karachi,26,Rs 58767,ayesha.iqbal@example.com,2022-03-07
E3330,Ahmed Khan,Male,Marketing,Karachi,47,58700,alihussainexample.com,2020-05-15
E3331,Omar Qureshi,Female,Operations,Multan,25,35651,nida.sheikh@example.com,2022-01-08
E3332,Hina Malik,Female,IT,,55,Rs 59069,ali.iqbal@example.com,2016-04-12
E3333,Sara Raza,Male,IT,Karachi,35,46156,sara.malik@example.com,2016-12-14
E3334,Zain Hussain,Male,Marketing,Multan,55,35189,ali.iqbal@example.com,2020-01-01
E3335,Omar Sheikh,Male,Marketing,Karachi,27,40796,hina.sheikh@example.com,2018-03-17
E3336,Sara Raza,Male,Finance,Islamabad,38,61448,ayesha.khan@example.com,2016-06-11
E3337,Zain Raza,Female,Marketing,Islamabad,39,66190,ahmed.sheikh@example.com,2020-08-04
E3338,  Omar Sheikh  ,Female,IT,Islamabad,32,Rs 59987,sara.qureshi@example.com,2015-03-23
E3339,Zain Raza,Female,HR,Karachi,32,69934,ayeshaqureshiexample.com,2017-03-26
E3340,Sara Ahmed,Male,Sales,Karachi,35,40744,sara.qureshi@example.com,2020-05-23
E3341,  Hina Malik  ,Male,Finance,Multan,34,30061,ahmed.ahmed@example.com,2021-07-05
E3342,Ayesha Ahmed,Female,Marketing,Islamabad,30,84459,zain.qureshi@example.com,2021-09-19
E3343,Omar Raza,Female,Finance,Faisalabad,33,78957,sara.hussain@example.com,2017-09-22
E3344,Omar Hussain,Female,IT,Islamabad,54,33690,ali.raza@example.com,2019-07-19
E3345,Bilal Khan,Male,HR,Karachi,41,Rs 61105,fatima.qureshi@example.com,2020-09-29
E3346,Sara Qureshi,Female,,Multan,49,32839,sara.hussain@example.com,2018-11-28
E3347,  Nida Khan  ,Female,IT,Multan,47,38701,fatima.ahmed@example.com,2017-01-22
E3348,Bilal Iqbal,Male,,Karachi,29,66817,fatima.qureshi@example.com,2020-10-31
E3349,Omar Ahmed,Male,IT,Karachi,50,36536,fatima.khan@example.com,05/03/2020
E3350,Bilal Khan,Male,Finance,,27,55682,ali.qureshi@example.com,2019-01-03
E3351,Zain Sheikh,Male,Finance,,24,32306,nida.malik@example.com,2019-08-26
E3352,Fatima Qureshi,Female,Finance,,54,33515,ayesha.raza@example.com,2015-07-16
E3353,Fatima Iqbal,Female,,,28,79313,hina.malik@example.com,2021-07-26
E3354,  Ahmed Ahmed  ,Male,HR,Multan,54,86688,nida.khan@example.com,2020-06-27
E3355,Ayesha Qureshi,Female,IT,Karachi,47,31435,zain.malik@example.com,2018-06-14
E3356,Zain Ahmed,Female,Marketing,Karachi,34,Rs 77636,nida.raza@example.com,2019-05-06
E3357,Zain Hussain,Male,HR,Karachi,31,63345,ahmed.ahmed@example.com,2017-10-09
E3358,Zain Ahmed,Male,HR,Lahore,29,66557,zain.khan@example.com,2021-08-22
E3359,Ayesha Ahmed,Female,IT,Islamabad,37,35607,hina.hussain@example.com,2022-09-24
E3360,Hina Sheikh,Female,,Islamabad,36,86948,bilal.sheikh@example.com,2018-05-08
E3361,Hina Khan,Female,IT,Karachi,50,83083,nida.khan@example.com,2022-01-10
E3362,Ali Raza,Male,IT,Karachi,42,48453,fatima.sheikh@example.com,2022-09-03
E3363,Hina Hussain,Male,Finance,Islamabad,33,53573,nida.malik@example.com,2021-11-05
E3364,Hina Iqbal,Female,Sales,Lahore,27,41010,bilal.qureshi@example.com,2018-09-20
E3365,Hina Khan,Male,Marketing,Lahore,38,65543,ali.iqbal@example.com,2019-04-18
E3366,Bilal Qureshi,Male,Marketing,Multan,44,57218,omar.sheikh@example.com,2018-06-23
E3367,Ahmed Sheikh,Male,HR,Faisalabad,44,52561,ahmed.hussain@example.com,2017-05-17
E3368,Ahmed Raza,Female,Operations,Faisalabad,41,42427,bilal.sheikh@example.com,2020-07-27
E3369,Ayesha Sheikh,Male,Operations,Karachi,38,47520,nida.iqbal@example.com,2019-05-23
E3370,Zain Raza,Female,Marketing,Karachi,50,60531,hina.qureshi@example.com,2021-01-13
E3371,Ali Sheikh,Male,Sales,Faisalabad,30,45384,ahmed.malik@example.com,2022-04-22
E3372,Ahmed Raza,Female,HR,Multan,31,41767,omar.malik@example.com,2016-01-16
E3373,  Ahmed Ahmed  ,Male,IT,Islamabad,52,80292,ayesha.iqbal@example.com,2021-04-06
E3374,Ahmed Iqbal,Female,Operations,Islamabad,23,63590,zain.sheikh@example.com,2019-06-05
E3375,Ahmed Ahmed,Male,Marketing,Lahore,25,55188,ahmed.iqbal@example.com,2022-06-01
E3376,Ahmed Qureshi,Female,Finance,Lahore,38,43259,ali.khan@example.com,2022-08-14
E3377,Hina Qureshi,Female,HR,,55,84851,bilal.qureshi@example.com,2015-12-23
E3378,Zain Khan,Male,HR,,53,64120,zain.hussain@example.com,2021-01-03
E3379,Ali Qureshi,Male,IT,Multan,38,63934,sara.malik@example.com,2019-07-30
E3380,Nida Sheikh,Female,IT,Islamabad,38,73167,ayesha.khan@example.com,2017-03-24
E3381,Ali Hussain,Female,Operations,,32,39374,omarhussainexample.com,13/05/2015
E3382,Ali Malik,Female,Operations,Lahore,33,88736,hina.hussain@example.com,2018-11-10
E3383,Nida Iqbal,Female,,Multan,43,71329,bilal.raza@example.com,2016-07-03
E3384,Zain Sheikh,Female,Operations,Lahore,50,83595,hina.qureshi@example.com,2017-04-06
E3385,  Omar Malik  ,Female,,Faisalabad,34,86784,sara.malik@example.com,2019-12-08
E3386,Sara Sheikh,Male,Marketing,Multan,24,38190,hina.qureshi@example.com,2018-12-15
E3387,Omar Hussain,Male,,Karachi,35,72586,ahmed.malik@example.com,2021-09-11
E3388,Ayesha Malik,Male,Finance,Islamabad,53,39091,sara.sheikh@example.com,2018-11-05
E3389,Omar Hussain,Female,Marketing,Faisalabad,38,49949,bilal.ahmed@example.com,2019-07-29
E3390,Nida Sheikh,Male,Marketing,Islamabad,54,,ayeshamalikexample.com,2016-12-12
E3391,Ahmed Ahmed,Male,IT,Lahore,45,53967,omar.sheikh@example.com,02/08/2021
E3392,Hina Qureshi,Male,Operations,Karachi,25,84960,ayesha.iqbal@example.com,2020-06-14
E3393,Hina Hussain,Female,Finance,Karachi,55,80580,ali.sheikh@example.com,2015-01-26
E3394,Omar Malik,Male,IT,Faisalabad,35,64924,ali.sheikh@example.com,2018-12-10
E3395,Fatima Sheikh,Female,Operations,Multan,50,86138,omar.sheikh@example.com,2015-10-29
E3396,  Omar Malik  ,Female,Operations,Multan,39,46010,nida.qureshi@example.com,2021-02-25
E3397,Fatima Qureshi,Female,HR,,36,65316,ayesha.hussain@example.com,2021-06-30
E3398,Ayesha Qureshi,Male,Marketing,Lahore,31,84169,bilal.khan@example.com,2016-07-07
E3399,Bilal Malik,Female,IT,,25,Rs 76538,fatimarazaexample.com,2020-03-03
E3400,Omar Malik,Female,IT,Islamabad,25,39518,ali.raza@example.com,2018-10-18
E3401,Hina Hussain,Female,Marketing,Multan,47,,fatima.hussain@example.com,2018-07-27
E3402,Ayesha Hussain,Female,HR,Islamabad,22,60892,nida.raza@example.com,2019-09-21
E3403,Bilal Iqbal,Female,HR,Karachi,37,87119,ali.raza@example.com,2015-02-07
E3404,Ali Malik,Female,Marketing,,22,70517,hina.khan@example.com,2018-06-26
E3405,Bilal Malik,Female,,Faisalabad,51,34007,zain.malik@example.com,2017-05-19
E3406,Omar Malik,Female,Marketing,Multan,53,58654,hina.ahmed@example.com,2021-12-13
E3407,Nida Hussain,Male,,Multan,37,72470,zain.khan@example.com,2017-11-10
E3408,Nida Malik,Female,,,49,41842,zain.hussain@example.com,2019-02-12
E3409,Ali Malik,Female,IT,Islamabad,46,58262,sara.qureshi@example.com,2021-07-17
E3410,Hina Sheikh,Male,Operations,Multan,52,56199,ali.iqbal@example.com,28/06/2016
E3411,Omar Khan,Male,IT,Lahore,45,77277,sararazaexample.com,2022-07-06
E3412,Zain Ahmed,Female,HR,,54,79230,omar.ahmed@example.com,2022-11-12
E3413,Hina Qureshi,Male,Finance,Lahore,44,44026,omar.sheikh@example.com,2018-04-24
E3414,Zain Ahmed,Female,Marketing,Faisalabad,55,41150,omar.malik@example.com,2022-07-08
E3415,Ayesha Raza,Female,IT,Lahore,50,Rs 77979,ahmed.iqbal@example.com,2019-01-28
E3416,Nida Hussain,Male,HR,Karachi,53,41655,sara.sheikh@example.com,2022-10-03
E3417,Ahmed Iqbal,Female,Sales,Karachi,27,34406,zain.qureshi@example.com,2015-06-01
E3418,Ali Iqbal,Male,Operations,,42,71057,sara.ahmed@example.com,2019-11-24
E3419,Ayesha Qureshi,Male,,Lahore,51,44593,ali.khan@example.com,2018-12-19
E3420,Omar Qureshi,Female,Finance,Multan,36,73268,ahmed.malik@example.com,2016-05-29
E3421,Nida Ahmed,Male,Sales,Karachi,36,48295,omar.malik@example.com,2020-06-22
E3422,Omar Hussain,Female,Finance,Karachi,36,,zain.malik@example.com,27/11/2022
E3423,Ayesha Khan,Female,IT,,43,46017,bilal.iqbal@example.com,2022-06-27
E3424,Ali Raza,Male,Operations,Faisalabad,36,42136,ahmed.hussain@example.com,2022-01-09
E3425,Sara Qureshi,Male,Sales,Lahore,54,81177,sara.malik@example.com,2017-01-17
E3426,Sara Iqbal,Male,Marketing,Faisalabad,35,46893,omar.khan@example.com,2018-01-24
E3427,Bilal Raza,Male,Sales,,53,87174,zain.qureshi@example.com,2017-08-19
E3428,Hina Sheikh,Female,IT,Lahore,24,54670,fatima.raza@example.com,2022-09-03
E3429,Ali Malik,Female,HR,Faisalabad,33,86916,zain.raza@example.com,2020-08-27
E3430,Ayesha Qureshi,Male,Marketing,Islamabad,37,73382,ahmed.qureshi@example.com,2022-02-26
E3431,Hina Khan,Female,IT,Multan,40,62885,ahmed.khan@example.com,2021-05-29
E3432,Nida Raza,Male,,Islamabad,25,41429,bilal.raza@example.com,2016-05-19
E3433,Nida Iqbal,Male,HR,Islamabad,42,31769,ayesha.qureshi@example.com,2016-07-01
E3434,Ali Malik,Male,Operations,Lahore,49,Rs 84011,ayesha.sheikh@example.com,2021-07-14
E3435,Omar Iqbal,Male,Marketing,Multan,40,71441,nida.qureshi@example.com,2017-07-11
E3436,  Nida Hussain  ,Male,IT,Karachi,51,77816,fatima.ahmed@example.com,2016-03-03
E3437,Omar Qureshi,Male,Finance,Multan,46,82773,ahmed.sheikh@example.com,2020-03-02
E3438,Nida Qureshi,Male,Finance,Faisalabad,28,74918,ayesha.hussain@example.com,2022-05-27
E3439,Ali Khan,Female,Operations,,32,60032,zain.qureshi@example.com,2020-02-19
E3440,Fatima Malik,Female,Sales,,51,46312,nida.raza@example.com,2021-04-01
E3441,Omar Qureshi,Male,HR,Faisalabad,55,68582,hina.hussain@example.com,2016-02-22
E3442,Nida Ahmed,Female,Operations,Islamabad,29,65912,zain.hussain@example.com,2015-06-14
E3443,Omar Khan,Female,IT,Lahore,31,71394,omar.khan@example.com,2021-12-10
E3444,Sara Qureshi,Male,IT,Multan,24,68214,omar.raza@example.com,2016-06-22
E3445,Sara Raza,Male,,Multan,51,35321,omar.sheikh@example.com,2015-12-22
E3446,Fatima Qureshi,Female,Marketing,,47,52059,hina.khan@example.com,2016-06-01
E3447,Zain Iqbal,Female,IT,Multan,31,74644,ayesha.qureshi@example.com,2018-08-31
E3448,Fatima Qureshi,Female,Marketing,,39,39894,hina.malik@example.com,2016-09-19
E3449,Ayesha Raza,Male,HR,Islamabad,24,80670,ayesha.qureshi@example.com,2019-06-13
E3450,Ahmed Qureshi,Male,Finance,Islamabad,44,34965,ahmed.iqbal@example.com,2021-08-06
E3451,Sara Sheikh,Female,HR,Faisalabad,32,74690,ahmed.iqbal@example.com,2022-04-18
E3452,Ahmed Iqbal,Male,HR,Faisalabad,32,76140,bilal.malik@example.com,2020-03-12
E3453,Hina Hussain,Male,IT,Faisalabad,38,,sara.khan@example.com,2016-02-17
E3454,Bilal Khan,Male,HR,Lahore,30,Rs 45611,hina.ahmed@example.com,2019-02-16
E3455,Fatima Hussain,Female,IT,Faisalabad,51,55657,omar.ahmed@example.com,2022-08-27
E3456,Ayesha Sheikh,Male,Finance,Multan,42,69559,ali.khan@example.com,2020-07-13
E3457,Bilal Khan,Female,Sales,Multan,49,Rs 35476,ahmed.sheikh@example.com,2022-06-04
E3458,Fatima Iqbal,Female,IT,Faisalabad,29,44520,bilal.malik@example.com,2021-09-20
E3459,Sara Malik,Female,Operations,Multan,50,44709,ayesha.hussain@example.com,2016-10-29
E3460,Hina Hussain,Male,HR,Multan,37,75363,ayesha.ahmed@example.com,25/06/2016
E3461,Fatima Khan,Female,IT,Lahore,50,53646,omar.khan@example.com,2020-02-15
E3462,Bilal Hussain,Male,IT,,31,Rs 70195,sara.raza@example.com,2021-03-16
E3463,Bilal Malik,Female,,Karachi,25,Rs 41431,bilal.ahmed@example.com,2018-11-15
E3464,Hina Qureshi,Female,Sales,Karachi,27,50207,sara.iqbal@example.com,2018-02-24
E3465,Ahmed Malik,Male,Operations,Karachi,52,44547,nida.khan@example.com,2021-09-01
E3466,Nida Malik,Male,Sales,Multan,23,69370,hina.qureshi@example.com,2017-11-19
E3467,Ali Malik,Female,Sales,Islamabad,26,87254,hina.hussain@example.com,2020-06-11
E3468,Ahmed Raza,Female,IT,Islamabad,29,33751,hina.malik@example.com,2020-05-18
E3469,Ayesha Hussain,Female,Marketing,Faisalabad,50,81205,zain.qureshi@example.com,2017-03-28
E3470,Bilal Qureshi,Female,IT,,42,87474,ayesha.ahmed@example.com,2020-09-20
E3471,Ahmed Sheikh,Male,IT,Faisalabad,43,66630,ali.raza@example.com,2018-11-02
E3472,Fatima Sheikh,Female,HR,Islamabad,43,82378,ali.khan@example.com,2015-03-29
E3473,Sara Qureshi,Female,,,47,Rs 52726,ahmed.malik@example.com,2019-07-20
E3474,Ali Raza,Male,,Lahore,51,74083,fatima.raza@example.com,10/10/2016
E3475,Hina Ahmed,Male,Sales,Islamabad,51,60929,hina.qureshi@example.com,01/10/2015
E3476,Ayesha Malik,Female,IT,Karachi,40,41787,zain.iqbal@example.com,2019-05-30
E3477,Omar Ahmed,Male,Finance,Multan,52,58448,bilal.hussain@example.com,2020-03-01
E3478,Sara Sheikh,Male,Finance,,37,58822,omar.malik@example.com,2021-07-10
E3479,Bilal Iqbal,Male,Sales,Lahore,45,87427,sara.sheikh@example.com,2022-07-18
E3480,Ayesha Iqbal,Male,Marketing,,29,43005,bilal.raza@example.com,2022-10-31
E3481,Omar Qureshi,Female,,Islamabad,24,69006,omar.qureshi@example.com,2015-03-02
E3482,Bilal Ahmed,Male,Sales,Karachi,48,59142,fatima.qureshi@example.com,2018-06-07
E3483,Hina Sheikh,Female,IT,,51,72386,nida.ahmed@example.com,2016-05-12
E3484,Bilal Malik,Female,Marketing,Islamabad,41,89134,ali.qureshi@example.com,2020-08-19
E3485,Fatima Iqbal,Male,Operations,Karachi,41,63448,zain.malik@example.com,2015-03-10
E3486,Ayesha Iqbal,Male,Marketing,Islamabad,38,37120,ahmed.iqbal@example.com,2020-05-05
E3487,Ali Sheikh,Male,Operations,Faisalabad,54,63101,fatima.sheikh@example.com,01/01/2021
E3488,Ali Hussain,Female,Operations,Lahore,24,81285,sara.sheikh@example.com,2018-01-09
E3489,Bilal Hussain,Female,Finance,Multan,53,80619,ahmed.hussain@example.com,2015-09-09
E3490,  Fatima Ahmed  ,Female,Marketing,Karachi,29,76839,ali.hussain@example.com,2019-07-16
E3491,Zain Sheikh,Male,HR,Multan,47,31913,bilal.qureshi@example.com,2017-12-30
E3492,Hina Raza,Female,Finance,Karachi,53,31506,fatima.iqbal@example.com,20/11/2016
E3493,Nida Qureshi,Female,HR,Lahore,53,53489,ayesha.khan@example.com,2020-01-10
E3494,Omar Raza,Female,Finance,Multan,55,59521,omar.iqbal@example.com,2017-04-26
E3495,Ahmed Khan,Male,HR,Multan,54,87749,hina.malik@example.com,2020-11-25
E3496,Omar Sheikh,Female,Operations,Multan,25,85643,fatima.ahmed@example.com,2016-05-06
E3497,Bilal Hussain,Female,IT,Islamabad,37,30491,ali.hussain@example.com,2020-03-17
E3498,Bilal Hussain,Female,Operations,,23,32512,omar.qureshi@example.com,2021-07-24
E3499,  Ayesha Khan  ,Male,HR,Islamabad,32,30589,fatima.khan@example.com,2018-08-14
E3500,Bilal Hussain,Male,Marketing,Karachi,40,71085,omar.khan@example.com,2020-11-02
E3501,Zain Iqbal,Female,Operations,Karachi,30,31325,hina.sheikh@example.com,2016-09-12
E3502,Ahmed Khan,Female,Marketing,Karachi,36,30142,zain.qureshi@example.com,2015-05-02
E3503,Zain Ahmed,Male,Operations,Lahore,22,66956,sara.khan@example.com,2022-04-12
E3504,Ahmed Qureshi,Male,Operations,Karachi,22,33046,nida.khan@example.com,2017-03-05
E3505,Ali Qureshi,Male,Marketing,,35,78890,omar.qureshi@example.com,2021-07-13
E3506,Sara Raza,Female,Sales,Islamabad,36,87143,zain.iqbal@example.com,2015-06-15
E3507,Zain Sheikh,Female,HR,Karachi,41,57372,fatima.malik@example.com,09/10/2021
E3508,Bilal Raza,Male,Sales,,29,38513,bilal.sheikh@example.com,2021-06-28
E3509,Bilal Raza,Female,Operations,Lahore,52,46032,ayesha.sheikh@example.com,05/01/2021
E3510,Fatima Qureshi,Female,IT,,29,84913,bilal.hussain@example.com,2022-03-04
E3511,Omar Iqbal,Male,IT,Faisalabad,42,35131,bilal.malik@example.com,2021-07-22
E3512,Ali Iqbal,Male,Marketing,Multan,42,40321,fatima.sheikh@example.com,2015-02-21
E3513,Hina Raza,Female,Operations,Karachi,23,42128,hina.malik@example.com,2019-09-23
E3514,Fatima Iqbal,Male,Operations,Faisalabad,34,48551,sara.malik@example.com,2017-07-02
E3515,Bilal Iqbal,Female,Sales,Lahore,34,68549,hina.iqbal@example.com,2017-08-05
E3516,Nida Qureshi,Female,Finance,,25,76395,bilal.sheikh@example.com,2020-04-26
E3517,Hina Qureshi,Female,Operations,,36,62225,fatima.ahmed@example.com,2021-01-18
E3518,Omar Sheikh,Female,HR,,54,51364,fatima.raza@example.com,2020-01-14
E3519,Ayesha Qureshi,Male,IT,Faisalabad,22,57746,fatima.sheikh@example.com,2019-07-27
E3520,Ayesha Malik,Male,Marketing,Lahore,34,43844,ahmedhussainexample.com,2018-08-23
E3521,  Hina Qureshi  ,Female,Operations,Karachi,45,55947,bilal.khan@example.com,2020-11-28
E3522,Ayesha Ahmed,Female,IT,Islamabad,39,Rs 43350,hina.qureshi@example.com,2018-05-26
E3523,Ahmed Iqbal,Male,HR,Multan,35,66298,ahmed.hussain@example.com,2021-12-05
E3524,  Fatima Hussain  ,Female,,Karachi,28,73976,sara.ahmed@example.com,2017-06-14
E3525,Ayesha Malik,Female,Operations,Lahore,37,66572,sara.iqbal@example.com,02/02/2022
E3526,Fatima Hussain,Female,Finance,Multan,50,36888,zainqureshiexample.com,2022-07-19
E3527,Ali Sheikh,Female,Marketing,Islamabad,36,38283,nida.iqbal@example.com,02/05/2018
E3528,  Nida Iqbal  ,Male,IT,Lahore,28,76237,hina.hussain@example.com,2017-01-22
E3529,Zain Hussain,Male,Finance,Lahore,31,39013,nida.ahmed@example.com,2016-06-02
E3530,Hina Khan,Female,Operations,,45,74501,fatima.iqbal@example.com,2022-11-23
E3531,Fatima Malik,Female,,Karachi,23,44071,ayesha.raza@example.com,2021-12-31
E3532,Omar Qureshi,Female,Sales,Faisalabad,39,73395,zain.khan@example.com,2021-12-22
E3533,Nida Qureshi,Female,Operations,Islamabad,54,39967,ahmed.qureshi@example.com,2020-04-01
E3534,Omar Qureshi,Male,,Faisalabad,28,72808,fatima.khan@example.com,2016-01-02
E3535,Nida Sheikh,Male,Finance,Karachi,53,79418,nida.qureshi@example.com,2018-07-31
E3536,Bilal Qureshi,Female,Marketing,,45,31986,bilal.malik@example.com,2019-10-20
E3537,Hina Sheikh,Male,HR,Faisalabad,51,67610,ayesha.raza@example.com,2019-01-08
E3538,Fatima Malik,Male,Finance,Islamabad,36,61348,zain.ahmed@example.com,2020-11-11
E3539,Nida Iqbal,Female,Marketing,Lahore,30,45498,ahmed.qureshi@example.com,2018-10-31
E3540,Omar Ahmed,Female,Operations,Faisalabad,33,30031,bilal.hussain@example.com,2022-11-04
E3541,Hina Hussain,Female,,,30,87744,ahmed.raza@example.com,2019-01-03
E3542,Ayesha Khan,Female,IT,Karachi,52,72615,omar.sheikh@example.com,2019-05-10
E3543,Zain Malik,Female,IT,Karachi,55,Rs 58539,omar.raza@example.com,2020-03-22
E3544,Ahmed Raza,Female,Marketing,Karachi,24,37719,ali.iqbal@example.com,2016-04-03
E3545,Bilal Khan,Female,HR,Multan,31,60102,ali.sheikh@example.com,2016-11-12
E3546,Bilal Raza,Female,Sales,Lahore,55,77348,fatima.hussain@example.com,2020-07-29
E3547,Bilal Khan,Female,HR,Lahore,37,74128,fatima.hussain@example.com,2020-01-20
E3548,Bilal Sheikh,Female,Sales,Islamabad,47,72309,fatima.raza@example.com,2017-01-31
E3549,Zain Raza,Female,,Islamabad,35,56383,hina.khan@example.com,2017-11-17
E3550,Nida Qureshi,Female,Sales,Karachi,28,79554,sara.khan@example.com,2019-11-13
E3551,Bilal Ahmed,Female,Marketing,,24,45494,bilal.malik@example.com,2015-06-10
E3552,Ali Qureshi,Female,IT,Islamabad,48,64743,fatima.qureshi@example.com,2015-06-11
E3553,Ali Ahmed,Male,Operations,Lahore,33,49957,bilal.qureshi@example.com,2019-09-10
E3554,Omar Khan,Female,HR,Karachi,23,35974,ali.qureshi@example.com,2019-05-22
E3555,Fatima Iqbal,Female,Finance,Islamabad,39,50770,zain.ahmed@example.com,2022-09-09
E3556,Ahmed Malik,Male,Operations,,49,78803,nidarazaexample.com,2019-09-30
E3557,Zain Sheikh,Female,Operations,Multan,51,83954,fatima.malik@example.com,2020-10-29
E3558,Ahmed Sheikh,Female,Marketing,,48,49303,ayeshasheikhexample.com,2016-02-07
E3559,Omar Sheikh,Female,Finance,Karachi,34,75946,sara.qureshi@example.com,2022-10-24
E3560,  Fatima Sheikh  ,Female,Operations,,24,53816,bilal.malik@example.com,2016-03-25
E3561,Ali Hussain,Male,HR,,36,37971,nida.sheikh@example.com,2017-07-19
E3562,Fatima Sheikh,Male,Sales,Islamabad,26,75049,ahmed.iqbal@example.com,2016-05-12
E3563,Fatima Hussain,Female,,Karachi,46,86980,hina.qureshi@example.com,26/06/2019
E3564,Ahmed Khan,Male,Finance,Lahore,26,34855,fatima.qureshi@example.com,2020-06-20
E3565,Nida Raza,Female,HR,,38,36205,zain.malik@example.com,2022-04-09
E3566,Bilal Iqbal,Male,,Multan,47,75854,hina.hussain@example.com,2018-01-04
E3567,Zain Khan,Female,Marketing,Lahore,52,32603,bilal.khan@example.com,2020-04-30
E3568,Bilal Iqbal,Female,Operations,Faisalabad,24,89938,omar.raza@example.com,2016-09-20
E3569,Ali Iqbal,Male,Sales,,51,30732,zain.ahmed@example.com,2020-11-02
E3570,Ali Hussain,Male,Marketing,,46,38382,sara.ahmed@example.com,2020-01-18
E3571,Nida Malik,Female,Finance,Lahore,48,54951,ahmed.khan@example.com,2016-11-17
E3572,Bilal Sheikh,Female,Sales,Multan,38,34639,hina.hussain@example.com,16/07/2018
E3573,Omar Qureshi,Female,Marketing,Karachi,39,78745,ahmed.iqbal@example.com,2018-01-27
E3574,Bilal Raza,Male,IT,Karachi,39,84981,fatima.iqbal@example.com,2020-12-25
E3575,Ayesha Ahmed,Female,IT,Islamabad,26,87542,ali.sheikh@example.com,2019-08-09
E3576,Ayesha Raza,Female,Sales,Islamabad,29,78755,ali.khan@example.com,2019-04-15
E3577,  Omar Qureshi  ,Male,Operations,Multan,44,49289,sara.raza@example.com,2018-05-07
E3578,Hina Hussain,Male,Sales,,27,38802,omarhussainexample.com,2017-01-01
E3579,Ayesha Khan,Female,Finance,Lahore,24,61607,ali.qureshi@example.com,04/06/2018
E3580,Hina Hussain,Female,Finance,,28,47142,omar.ahmed@example.com,2018-12-27
E3581,Omar Ahmed,Female,,Islamabad,43,70702,ahmed.hussain@example.com,2018-11-29
E3582,  Sara Hussain  ,Male,HR,Islamabad,38,57704,omar.ahmed@example.com,2020-07-10
E3583,Bilal Malik,Female,Marketing,Karachi,32,79981,nida.khan@example.com,2022-12-22
E3584,Omar Malik,Male,IT,Karachi,50,61175,hina.hussain@example.com,2020-11-14
E3585,Bilal Hussain,Female,Finance,,33,78959,sara.raza@example.com,2022-06-01
E3586,Sara Ahmed,Male,Marketing,,42,82186,hina.ahmed@example.com,2019-11-21
E3587,Fatima Hussain,Male,Finance,Faisalabad,43,75823,ali.hussain@example.com,2018-03-02
E3588,Hina Hussain,Male,Operations,Karachi,51,79362,hina.qureshi@example.com,2020-01-17
E3589,Fatima Ahmed,Female,,Islamabad,36,89970,ali.khan@example.com,2021-03-24
E3590,  Nida Ahmed  ,Female,HR,Islamabad,22,80586,ayesha.ahmed@example.com,2015-11-14
E3591,Ayesha Khan,Male,Sales,Lahore,28,81608,hina.iqbal@example.com,2017-10-31
E3592,Ali Khan,Male,Operations,Multan,54,43576,nida.ahmed@example.com,2018-08-18
E3593,Omar Qureshi,Male,,Multan,24,62027,zain.malik@example.com,2015-04-29
E3594,Bilal Malik,Male,IT,Faisalabad,55,55115,zain.hussain@example.com,2016-01-03
E3595,Ahmed Khan,Female,Marketing,Faisalabad,53,58336,sara.sheikh@example.com,2020-03-11
E3596,Hina Malik,Female,Marketing,Karachi,30,73769,bilal.malik@example.com,2018-05-12
E3597,Omar Ahmed,Female,Marketing,,43,71175,ali.malik@example.com,2015-06-16
E3598,Ali Malik,Male,Finance,,54,82344,ahmed.iqbal@example.com,2021-01-22
E3599,  Sara Qureshi  ,Female,HR,Karachi,41,60960,zain.sheikh@example.com,2022-06-29
E3600,Ali Hussain,Male,IT,Lahore,33,67391,fatimaiqbalexample.com,02/01/2021
E3601,Fatima Raza,Female,Sales,Multan,36,34770,sara.iqbal@example.com,2017-12-14
E3602,Nida Hussain,Male,,Faisalabad,23,48255,ayesha.hussain@example.com,2016-05-31
E3603,Sara Raza,Female,HR,Karachi,30,72949,nida.qureshi@example.com,2015-01-28
E3604,Fatima Khan,Male,Marketing,Faisalabad,32,44225,zain.sheikh@example.com,2016-09-12
E3605,  Nida Raza  ,Male,IT,,52,58397,nida.hussain@example.com,2021-10-30
E3606,Omar Malik,Female,Sales,Faisalabad,33,76357,hina.malik@example.com,2018-01-04
E3607,Nida Qureshi,Male,Operations,,53,60480,sara.hussain@example.com,2022-06-15
E3608,Sara Sheikh,Female,Marketing,Islamabad,45,62679,omar.qureshi@example.com,2022-05-23
E3609,Ayesha Malik,Male,Sales,Islamabad,32,73706,sara.qureshi@example.com,2015-07-15
E3610,Nida Raza,Female,HR,Faisalabad,29,68289,zain.khan@example.com,2015-07-28
E3611,Zain Raza,Male,,,44,50482,bilal.iqbal@example.com,2017-08-29
E3612,Ali Hussain,Male,HR,Lahore,32,64636,sara.malik@example.com,2017-05-29
E3613,Hina Khan,Female,Sales,Karachi,53,43256,nida.sheikh@example.com,2022-09-12
E3614,Ali Ahmed,Male,Marketing,Faisalabad,31,88216,ahmed.ahmed@example.com,2018-11-02
E3615,Omar Hussain,Female,Marketing,Islamabad,37,83520,zain.khan@example.com,2020-08-21
E3616,Bilal Qureshi,Male,Sales,Islamabad,26,34393,zain.khan@example.com,2022-01-01
E3617,Bilal Khan,Male,Marketing,Multan,29,37424,ayesha.ahmed@example.com,2020-11-16
E3618,Sara Khan,Male,Marketing,Lahore,39,67869,alirazaexample.com,2018-09-23
E3619,Omar Qureshi,Female,Finance,,36,73143,ali.iqbal@example.com,2020-03-09
E3620,Omar Raza,Female,HR,Faisalabad,40,71242,zain.iqbal@example.com,2022-09-25
E3621,Nida Khan,Male,IT,Multan,26,75634,ahmed.qureshi@example.com,2021-03-28
E3622,Sara Iqbal,Female,IT,Faisalabad,46,32532,ahmed.raza@example.com,2021-05-08
E3623,Sara Raza,Female,Operations,,46,59774,ali.hussain@example.com,2017-05-26
E3624,Zain Malik,Male,Marketing,Lahore,36,63309,fatima.iqbal@example.com,2016-10-16
E3625,Ahmed Khan,Male,IT,Faisalabad,32,39332,ayesha.iqbal@example.com,2022-10-15
E3626,Ali Ahmed,Female,Operations,,48,31891,ahmed.malik@example.com,2020-09-29
E3627,Sara Malik,Female,Sales,,51,53725,zain.malik@example.com,2015-09-30
E3628,Fatima Khan,Female,,Faisalabad,50,85225,ahmed.qureshi@example.com,2016-09-13
E3629,Bilal Raza,Female,Marketing,Lahore,45,56587,nida.khan@example.com,2019-02-09
E3630,Nida Qureshi,Female,Sales,Multan,50,75597,omar.raza@example.com,2016-09-24
E3631,Hina Malik,Female,Operations,,30,59812,ahmed.malik@example.com,2016-11-08
E3632,Ali Khan,Female,Finance,Karachi,51,48285,ali.malik@example.com,2022-01-23
E3633,Ahmed Sheikh,Female,Sales,Islamabad,50,74483,bilal.hussain@example.com,2022-06-05
E3634,Hina Khan,Male,Sales,Islamabad,51,36046,fatima.raza@example.com,2016-06-22
E3635,Omar Malik,Male,Operations,Faisalabad,29,60716,sara.malik@example.com,2021-09-21
E3636,Ali Khan,Male,,Faisalabad,54,67020,bilal.ahmed@example.com,2016-07-03
E3637,Omar Iqbal,Male,Sales,Karachi,39,48215,hina.malik@example.com,2022-06-09
E3638,Omar Raza,Female,Finance,Lahore,48,59295,nida.hussain@example.com,2015-01-10
E3639,Nida Khan,Male,Sales,Islamabad,23,36558,fatima.ahmed@example.com,2020-10-22
E3640,Hina Iqbal,Female,Sales,Islamabad,44,,sara.sheikh@example.com,2018-03-26
E3641,Nida Malik,Female,IT,Karachi,34,62203,sara.raza@example.com,2015-06-20
E3642,Ali Qureshi,Male,,,41,57263,ahmed.khan@example.com,2021-08-23
E3643,Nida Raza,Female,Marketing,Multan,47,66617,fatima.khan@example.com,2022-06-06
E3644,Ali Malik,Male,Marketing,Islamabad,43,82600,ayesha.sheikh@example.com,2022-02-05
E3645,Sara Sheikh,Male,Marketing,Lahore,50,83132,fatima.sheikh@example.com,2015-02-02
E3646,Zain Ahmed,Female,Finance,Karachi,40,31631,ayesha.iqbal@example.com,2017-06-09
E3647,Nida Qureshi,Male,IT,Karachi,25,72434,bilal.malik@example.com,2016-08-28
E3648,Ayesha Khan,Male,Finance,Faisalabad,46,86170,ahmed.sheikh@example.com,2017-03-18
E3649,Zain Iqbal,Male,IT,Multan,36,59652,zainrazaexample.com,2019-06-03
E3650,Fatima Hussain,Male,IT,Lahore,38,87021,zain.iqbal@example.com,2017-02-26
E3651,Bilal Sheikh,Male,HR,Karachi,49,73270,omar.hussain@example.com,2019-06-17
E3652,Zain Ahmed,Female,Marketing,Multan,54,66026,ahmed.raza@example.com,2020-12-31
E3653,Ali Sheikh,Female,Finance,Multan,53,80973,ayesha.khan@example.com,2022-08-11
E3654,Bilal Khan,Male,Finance,,28,77973,hinamalikexample.com,2017-05-22
E3655,Sara Raza,Female,Operations,Islamabad,49,59866,zain.sheikh@example.com,2020-10-11
E3656,Sara Malik,Male,Marketing,Multan,40,49647,fatima.sheikh@example.com,2017-10-14
E3657,Hina Qureshi,Female,Marketing,Lahore,47,Rs 62301,zain.malik@example.com,2019-07-10
E3658,Fatima Ahmed,Male,IT,Multan,32,85617,fatima.khan@example.com,2019-04-01
E3659,Omar Ahmed,Female,Sales,Lahore,30,85355,ahmed.sheikh@example.com,2018-03-01
E3660,Hina Khan,Female,HR,Multan,27,87971,ayesha.sheikh@example.com,2015-11-21
E3661,Ali Raza,Female,Marketing,Lahore,53,30690,zain.sheikh@example.com,2016-12-02
E3662,Hina Raza,Female,Operations,Islamabad,52,64005,bilal.hussain@example.com,2015-12-29
E3663,Fatima Iqbal,Female,HR,Islamabad,34,61807,omar.hussain@example.com,2021-09-05
E3664,Ayesha Khan,Female,HR,Karachi,46,79530,sara.malik@example.com,2022-09-06
E3665,  Ahmed Ahmed  ,Male,Sales,Karachi,23,83664,ahmed.khan@example.com,2018-12-22
E3666,Ahmed Sheikh,Male,,Multan,42,61549,bilal.qureshi@example.com,21/01/2022
E3667,  Sara Ahmed  ,Male,Sales,,37,80231,zain.iqbal@example.com,2022-08-03
E3668,Ali Raza,Male,HR,Lahore,22,74619,bilal.hussain@example.com,2022-12-23
E3669,Ayesha Raza,Female,Finance,Multan,26,39081,zain.raza@example.com,29/03/2018
E3670,Ayesha Ahmed,Male,IT,,27,35299,fatima.sheikh@example.com,23/05/2017
E3671,Sara Sheikh,Female,Finance,,22,51474,sara.iqbal@example.com,2022-06-23
E3672,Ayesha Hussain,Female,Marketing,Karachi,23,65784,ahmed.qureshi@example.com,2015-12-15
E3673,Ali Sheikh,Male,Operations,Multan,24,Rs 77239,ali.raza@example.com,2017-03-30
E3674,Ahmed Ahmed,Female,Finance,Multan,52,44049,nida.qureshi@example.com,2018-03-23
E3675,Zain Qureshi,Female,IT,Lahore,52,58914,ali.hussain@example.com,2016-05-24
E3676,Fatima Sheikh,Female,Marketing,Karachi,37,Rs 70035,bilal.ahmed@example.com,2021-11-01
E3677,Nida Iqbal,Female,Operations,Multan,29,81890,ahmed.qureshi@example.com,2021-05-24
E3678,Ahmed Malik,Female,IT,,55,52175,fatima.malik@example.com,2021-10-20
E3679,Ayesha Raza,Male,IT,Islamabad,32,61650,omar.ahmed@example.com,2016-04-28
E3680,Omar Ahmed,Female,Finance,Multan,48,44174,ali.qureshi@example.com,2018-09-23
E3681,Omar Raza,Male,Finance,Lahore,35,52603,bilal.sheikh@example.com,2022-08-04
E3682,Nida Raza,Female,IT,Multan,52,74173,zain.ahmed@example.com,26/06/2016
E3683,Zain Sheikh,Male,Finance,Faisalabad,38,85218,ahmed.malik@example.com,2018-10-24
E3684,Ali Hussain,Female,,Islamabad,26,89552,ayesha.ahmed@example.com,2022-02-02
E3685,Bilal Qureshi,Male,Finance,Karachi,53,32319,zain.iqbal@example.com,2019-10-03
E3686,Ahmed Qureshi,Male,,Lahore,25,84369,zain.malik@example.com,2021-01-30
E3687,Nida Malik,Female,IT,Karachi,35,47558,ayesha.iqbal@example.com,2019-08-03
E3688,Omar Ahmed,Male,Operations,Lahore,33,67269,ahmed.qureshi@example.com,2019-10-30
E3689,Hina Sheikh,Female,,Multan,33,71808,nida.raza@example.com,2022-12-24
E3690,Fatima Qureshi,Female,IT,Faisalabad,42,46243,bilal.ahmed@example.com,2019-03-24
E3691,Hina Qureshi,Female,IT,Faisalabad,25,65561,zain.sheikh@example.com,2016-01-26
E3692,Omar Khan,Female,Marketing,Islamabad,54,85708,ahmed.ahmed@example.com,2020-09-13
E3693,Sara Qureshi,Female,Finance,Lahore,27,32119,hina.khan@example.com,2016-01-09
E3694,Omar Raza,Male,Finance,,34,71521,sara.hussain@example.com,2020-12-12
E3695,Omar Sheikh,Female,Sales,,36,62996,omar.iqbal@example.com,2021-05-21
E3696,Fatima Hussain,Male,Operations,Multan,31,79192,ahmed.malik@example.com,2021-10-30
E3697,Ayesha Malik,Male,Sales,Faisalabad,32,86836,ayesha.qureshi@example.com,18/03/2016
E3698,Bilal Ahmed,Male,Marketing,Multan,52,56700,sara.malik@example.com,2021-07-13
E3699,Ali Qureshi,Male,Operations,Karachi,38,76598,hinahussainexample.com,2016-03-16
E3700,Fatima Iqbal,Male,IT,Faisalabad,40,50671,ayesha.malik@example.com,2022-12-16
E3701,Omar Iqbal,Female,Operations,Multan,45,46342,hina.raza@example.com,2019-11-10
E3702,Hina Ahmed,Male,Marketing,Multan,38,54857,bilal.malik@example.com,13/02/2018
E3703,Ali Sheikh,Male,Finance,Karachi,44,88948,fatima.ahmed@example.com,2017-01-12
E3704,Zain Malik,Male,IT,Lahore,40,63435,fatima.hussain@example.com,2022-10-20
E3705,Ahmed Hussain,Male,Marketing,Islamabad,40,56154,ahmed.qureshi@example.com,2018-02-05
E3706,Bilal Malik,Male,Marketing,Lahore,52,68041,omar.malik@example.com,2022-11-05
E3707,Sara Malik,Female,HR,Faisalabad,32,61832,ayeshasheikhexample.com,2021-12-27
E3708,Fatima Khan,Female,HR,Multan,50,50464,nida.sheikh@example.com,2016-04-03
E3709,Fatima Raza,Female,Finance,Karachi,55,63142,hinarazaexample.com,2018-11-08
E3710,Zain Hussain,Female,Sales,Faisalabad,53,84445,ayesha.sheikh@example.com,2018-01-04
E3711,Zain Raza,Female,Marketing,Karachi,33,43910,hina.khan@example.com,12/08/2020
E3712,  Ayesha Hussain  ,Male,Sales,Lahore,40,33502,zainsheikhexample.com,2015-11-14
E3713,Zain Hussain,Male,Marketing,Faisalabad,40,57705,ayesha.iqbal@example.com,2019-01-12
E3714,Omar Iqbal,Male,Sales,Lahore,50,46019,zain.iqbal@example.com,2018-02-20
E3715,Ali Qureshi,Female,Operations,,51,,hina.khan@example.com,2017-11-30
E3716,Ayesha Iqbal,Female,IT,Multan,26,49608,bilal.ahmed@example.com,2017-07-29
E3717,Sara Qureshi,Female,HR,Multan,51,46774,zain.malik@example.com,2022-03-07
E3718,Nida Qureshi,Male,IT,Faisalabad,41,86460,ali.raza@example.com,2016-01-28
E3719,Hina Ahmed,Female,Sales,,23,41923,fatima.raza@example.com,2017-11-17
E3720,Fatima Raza,Male,Finance,Multan,48,57179,ahmed.iqbal@example.com,2016-11-28
E3721,Omar Raza,Female,Marketing,Islamabad,47,73490,sara.khan@example.com,2015-03-06
E3722,Bilal Khan,Male,Operations,,46,84791,ali.sheikh@example.com,2017-04-08
E3723,Nida Sheikh,Male,HR,,50,46773,sara.qureshi@example.com,2016-06-20
E3724,Ali Qureshi,Female,Operations,Faisalabad,38,72242,hina.iqbal@example.com,2018-02-11
E3725,Fatima Ahmed,Female,Sales,Multan,30,50905,sara.malik@example.com,2015-09-24
E3726,Omar Iqbal,Male,,,22,51701,nida.sheikh@example.com,20/03/2017
E3727,Bilal Hussain,Male,,Islamabad,46,33640,hina.malik@example.com,2020-05-16
E3728,Ali Khan,Female,IT,Multan,29,,ali.raza@example.com,2021-02-14
E3729,Ayesha Ahmed,Female,Finance,Islamabad,35,71344,bilal.khan@example.com,2017-03-20
E3730,Nida Iqbal,Male,Marketing,Lahore,52,73724,nida.raza@example.com,2015-04-02
E3731,Sara Iqbal,Female,Finance,Lahore,49,30857,omar.hussain@example.com,2019-03-14
E3732,Omar Raza,Male,Marketing,Faisalabad,32,40232,omar.khan@example.com,2015-12-23
E3733,Fatima Qureshi,Female,Finance,Karachi,34,34047,ali.khan@example.com,2015-01-25
E3734,Zain Malik,Male,Operations,,50,83263,sara.ahmed@example.com,2020-10-21
E3735,  Bilal Sheikh  ,Female,Sales,Islamabad,46,51269,bilal.iqbal@example.com,2022-11-12
E3736,  Nida Qureshi  ,Female,HR,Islamabad,27,81375,zain.malik@example.com,2018-01-09
E3737,Sara Malik,Female,Operations,Karachi,30,64126,ayeshaqureshiexample.com,2017-06-22
E3738,Omar Hussain,Male,Marketing,Lahore,42,39554,sara.malik@example.com,2016-04-29
E3739,Zain Malik,Male,HR,Multan,35,33129,bilalrazaexample.com,2022-03-19
E3740,Fatima Khan,Male,HR,Islamabad,23,66218,sara.sheikh@example.com,21/02/2017
E3741,Omar Iqbal,Female,Operations,Islamabad,53,42731,ahmedmalikexample.com,2018-11-21
E3742,Ahmed Sheikh,Female,HR,Lahore,55,52679,sara.qureshi@example.com,2016-01-31
E3743,Hina Malik,Female,Finance,Islamabad,53,,ahmed.sheikh@example.com,2016-07-20
E3744,Sara Sheikh,Male,,Multan,23,56198,fatima.iqbal@example.com,2021-12-12
E3745,Zain Iqbal,Female,Marketing,Lahore,26,79322,omar.raza@example.com,2019-04-28
E3746,Hina Sheikh,Female,Marketing,Multan,33,84425,hina.sheikh@example.com,2022-04-19
E3747,Zain Raza,Female,,Lahore,54,53890,ahmed.sheikh@example.com,2016-02-16
E3748,Hina Hussain,Male,Sales,Islamabad,26,76089,sara.iqbal@example.com,2022-05-25
E3749,Ayesha Qureshi,Female,,,33,67099,nida.sheikh@example.com,2021-05-17
E3750,Omar Raza,Female,Marketing,Karachi,27,67900,fatima.iqbal@example.com,2017-11-06
E3751,Nida Qureshi,Male,Operations,Faisalabad,32,48556,bilal.iqbal@example.com,2019-09-29
E3752,Nida Khan,Female,,,47,37021,ahmed.hussain@example.com,2016-01-09
E3753,Zain Qureshi,Male,HR,Islamabad,35,34865,zain.qureshi@example.com,28/02/2018
E3754,Zain Iqbal,Male,IT,Lahore,42,59659,omar.sheikh@example.com,2019-12-11
E3755,Ayesha Iqbal,Male,,Karachi,29,59098,hina.iqbal@example.com,2018-11-03
E3756,Nida Iqbal,Male,Marketing,Faisalabad,45,73327,ali.malik@example.com,2021-09-23
E3757,Ayesha Malik,Male,HR,Multan,49,72844,zain.raza@example.com,2017-07-25
E3758,Ali Raza,Female,Sales,Karachi,52,,sara.raza@example.com,2017-02-25
E3759,Ayesha Hussain,Male,IT,Multan,26,Rs 71596,ali.hussain@example.com,2017-03-12
E3760,Bilal Hussain,Female,,Multan,24,49655,ali.qureshi@example.com,2016-01-06
E3761,Ahmed Raza,Female,HR,Islamabad,33,72427,ayesha.raza@example.com,2016-04-17
E3762,Omar Malik,Male,IT,Islamabad,46,69205,ayesha.sheikh@example.com,2020-05-10
E3763,Ahmed Malik,Male,,Islamabad,32,52570,omar.raza@example.com,2018-03-04
E3764,Fatima Iqbal,Female,HR,Multan,32,35732,ayesha.khan@example.com,2015-05-27
E3765,Zain Raza,Female,HR,Multan,42,89726,ayesha.ahmed@example.com,2015-10-04
E3766,Hina Khan,Female,HR,Faisalabad,28,46468,zain.hussain@example.com,2016-08-25
E3767,Hina Iqbal,Female,IT,,34,75917,ahmed.sheikh@example.com,2015-02-08
E3768,Omar Raza,Female,HR,Lahore,34,74273,omar.khan@example.com,2021-06-27
E3769,Ali Hussain,Female,Marketing,Faisalabad,42,74974,hina.raza@example.com,2017-12-22
E3770,Ayesha Ahmed,Male,Marketing,Islamabad,48,64900,omar.khan@example.com,2015-07-22
E3771,Hina Qureshi,Female,Sales,Lahore,30,81409,bilal.sheikh@example.com,2022-09-26
E3772,Ahmed Raza,Male,,Islamabad,54,82829,ali.khan@example.com,2016-03-26
E3773,Hina Sheikh,Male,Operations,Karachi,40,85136,hina.iqbal@example.com,2016-09-09
E3774,Zain Sheikh,Male,IT,Islamabad,40,89139,nida.iqbal@example.com,2015-03-23
E3775,Ali Malik,Male,,,36,72128,ahmed.hussain@example.com,2018-06-08
E3776,Ahmed Iqbal,Male,Sales,Lahore,53,68782,omar.malik@example.com,2018-01-22
E3777,Ali Hussain,Female,Sales,Faisalabad,33,31714,zain.sheikh@example.com,2015-04-06
E3778,Fatima Sheikh,Female,Sales,Islamabad,33,60125,nida.hussain@example.com,2018-05-04
E3779,Ali Raza,Female,Sales,Multan,54,52026,omar.qureshi@example.com,2019-11-14
E3780,Ali Malik,Male,Operations,Karachi,38,40546,omar.raza@example.com,2019-02-06
E3781,Zain Qureshi,Female,Finance,Multan,23,30584,sara.raza@example.com,2022-06-13
E3782,Ali Khan,Male,HR,,28,84240,nida.raza@example.com,2018-09-07
E3783,Sara Raza,Female,HR,,32,63525,bilal.sheikh@example.com,2020-08-29
E3784,Sara Raza,Male,HR,Lahore,44,76330,zain.iqbal@example.com,2020-09-10
E3785,Omar Khan,Male,Marketing,Karachi,30,75199,nida.raza@example.com,2020-06-07
E3786,Fatima Raza,Female,IT,Faisalabad,25,86315,sara.sheikh@example.com,2016-11-01
E3787,Ahmed Raza,Male,,Islamabad,24,47798,bilal.sheikh@example.com,2021-01-19
E3788,Ahmed Sheikh,Male,Sales,,38,57813,ali.malik@example.com,2022-03-16
E3789,Ali Iqbal,Male,,Islamabad,37,43883,fatima.khan@example.com,2016-08-21
E3790,Fatima Ahmed,Male,Marketing,Karachi,33,68427,fatimasheikhexample.com,2017-06-20
E3791,Sara Raza,Female,Finance,Faisalabad,24,52327,ahmediqbalexample.com,2021-05-03
E3792,Omar Iqbal,Female,Operations,Faisalabad,26,77352,ayesha.malik@example.com,02/09/2021
E3793,Sara Malik,Male,Operations,Karachi,32,60498,omar.ahmed@example.com,2018-05-03
E3794,Ayesha Khan,Male,,Karachi,54,66186,nida.iqbal@example.com,2020-01-19
E3795,Fatima Khan,Male,Marketing,Lahore,29,81732,omar.ahmed@example.com,2018-10-26
E3796,Hina Raza,Male,Operations,Karachi,31,77433,hina.sheikh@example.com,2017-03-18
E3797,  Zain Ahmed  ,Male,Sales,Karachi,40,42117,sara.malik@example.com,2020-01-09
E3798,Sara Iqbal,Female,,Faisalabad,52,63379,ahmed.sheikh@example.com,2018-07-15
E3799,Nida Qureshi,Female,,Faisalabad,47,Rs 55757,fatima.ahmed@example.com,2022-06-23
E3800,Ahmed Sheikh,Female,Operations,Multan,48,81328,zain.hussain@example.com,2020-06-10
E3801,Ahmed Ahmed,Female,Operations,Multan,49,34566,fatima.qureshi@example.com,03/08/2017
E3802,Omar Sheikh,Male,Finance,Faisalabad,51,61711,ayeshakhanexample.com,24/08/2017
E3803,Fatima Qureshi,Male,,Karachi,54,87738,aliahmedexample.com,2022-11-13
E3804,Ali Qureshi,Male,,Islamabad,35,38106,bilal.khan@example.com,2015-05-09
E3805,Sara Khan,Female,HR,Karachi,23,46749,bilal.ahmed@example.com,2019-10-30
E3806,Nida Malik,Male,Operations,Islamabad,34,67920,bilal.ahmed@example.com,2020-09-22
E3807,Omar Raza,Female,Sales,Faisalabad,28,89550,ahmed.ahmed@example.com,2016-05-02
E3808,Ali Sheikh,Female,Finance,,53,80444,nida.raza@example.com,2021-12-17
E3809,Zain Raza,Male,,,32,88868,ayesha.hussain@example.com,2018-04-03
E3810,Sara Khan,Male,Operations,,39,59355,bilal.hussain@example.com,2018-01-13
E3811,Nida Qureshi,Female,Finance,Islamabad,25,81424,sara.iqbal@example.com,2019-09-25
E3812,Fatima Sheikh,Male,Sales,Faisalabad,35,79964,ahmed.iqbal@example.com,2021-11-04
E3813,Ali Iqbal,Male,Operations,Faisalabad,52,84185,ahmed.khan@example.com,2016-05-02
E3814,Zain Khan,Male,Operations,Lahore,44,Rs 67013,zain.ahmed@example.com,2021-01-06
E3815,Fatima Ahmed,Male,IT,Faisalabad,27,65272,nida.ahmed@example.com,2015-09-28
E3816,Bilal Khan,Male,IT,Multan,35,61641,nida.malik@example.com,2020-10-22
E3817,Sara Raza,Female,IT,Multan,53,54534,hina.ahmed@example.com,2016-04-12
E3818,Omar Ahmed,Male,Marketing,Multan,48,59972,ahmed.ahmed@example.com,2016-05-21
E3819,Ali Malik,Male,Operations,Karachi,38,70896,hina.sheikh@example.com,2019-03-20
E3820,Ahmed Raza,Female,,Faisalabad,55,61521,hina.hussain@example.com,2017-07-19
E3821,Ayesha Raza,Male,Finance,Islamabad,29,35624,ali.sheikh@example.com,2016-07-13
E3822,Ayesha Raza,Male,HR,Faisalabad,41,45521,omar.qureshi@example.com,2019-02-25
E3823,Ahmed Iqbal,Female,Marketing,Multan,28,50922,fatima.hussain@example.com,21/09/2022
E3824,Zain Sheikh,Male,,,46,44384,bilal.ahmed@example.com,2020-08-22
E3825,Sara Iqbal,Male,Finance,,53,Rs 70966,bilal.khan@example.com,2021-07-07
E3826,Sara Hussain,Male,Finance,Faisalabad,28,79913,sara.hussain@example.com,2021-11-30
E3827,Hina Raza,Male,HR,Karachi,40,89304,omar.ahmed@example.com,2020-05-25
E3828,Hina Malik,Male,Marketing,Karachi,42,84756,bilal.sheikh@example.com,2019-06-23
E3829,Fatima Iqbal,Female,Marketing,Islamabad,26,52967,bilal.malik@example.com,2016-12-20
E3830,Hina Qureshi,Male,Sales,,31,65379,fatima.khan@example.com,2021-09-04
E3831,Nida Iqbal,Male,,,22,88524,bilal.ahmed@example.com,2016-04-09
E3832,Hina Khan,Female,,,54,33436,ali.sheikh@example.com,2019-12-15
E3833,Omar Malik,Male,Marketing,Islamabad,39,41123,nida.khan@example.com,2015-06-29
E3834,Zain Sheikh,Male,IT,Karachi,49,34218,hina.iqbal@example.com,2019-09-07
E3835,Ayesha Hussain,Male,HR,Multan,44,88173,bilal.sheikh@example.com,2015-11-17
E3836,Zain Qureshi,Male,HR,,37,54193,ali.qureshi@example.com,2017-02-27
E3837,Bilal Qureshi,Female,Operations,Multan,54,80908,hina.raza@example.com,2015-03-03
E3838,Ayesha Qureshi,Female,Marketing,Karachi,43,67336,omar.qureshi@example.com,2020-06-03
E3839,  Sara Khan  ,Female,HR,Multan,27,,bilal.khan@example.com,2020-06-03
E3840,Bilal Ahmed,Female,Operations,Multan,38,62557,fatima.iqbal@example.com,2019-11-27
E3841,Omar Iqbal,Male,IT,Karachi,24,85457,fatima.khan@example.com,2016-11-06
E3842,Fatima Iqbal,Female,Operations,Faisalabad,45,40295,sara.khan@example.com,2017-09-15
E3843,Nida Malik,Female,Operations,Multan,47,49879,ahmed.raza@example.com,2021-08-16
E3844,Ali Malik,Female,Marketing,Lahore,40,42188,ayesha.raza@example.com,26/04/2017
E3845,Nida Sheikh,Female,,Lahore,44,87944,alikhanexample.com,2019-12-11
E3846,Omar Hussain,Male,HR,Multan,35,68725,hina.raza@example.com,2019-01-27
E3847,Fatima Qureshi,Male,,Lahore,38,60363,omar.raza@example.com,2018-11-13
E3848,Fatima Khan,Female,HR,Multan,25,84717,nida.raza@example.com,2016-07-04
E3849,Omar Raza,Female,,Islamabad,28,46124,bilal.hussain@example.com,2019-12-20
E3850,Ali Ahmed,Female,Marketing,Karachi,25,75156,ahmed.hussain@example.com,2015-03-07
E3851,Ali Sheikh,Male,HR,,51,37751,ayesha.ahmed@example.com,2019-06-21
E3852,Hina Sheikh,Male,Finance,Islamabad,45,66193,zain.hussain@example.com,2016-08-01
E3853,  Nida Sheikh  ,Female,Operations,Faisalabad,33,50533,ahmed.sheikh@example.com,2021-12-26
E3854,Ahmed Iqbal,Male,Sales,Islamabad,50,37196,bilal.sheikh@example.com,19/01/2018
E3855,Nida Malik,Male,HR,Islamabad,52,74596,fatima.khan@example.com,2021-03-02
E3856,Sara Iqbal,Female,Operations,Karachi,32,44217,ayesha.qureshi@example.com,2018-12-31
E3857,Omar Hussain,Male,Finance,Faisalabad,30,66114,nida.hussain@example.com,2015-09-30
E3858,Bilal Iqbal,Male,Sales,Islamabad,43,87981,ali.iqbal@example.com,2022-12-12
E3859,Omar Malik,Male,HR,Islamabad,52,75989,bilal.raza@example.com,2020-08-26
E3860,Nida Ahmed,Female,HR,Lahore,42,52496,ali.raza@example.com,2015-09-19
E3861,Zain Raza,Female,Marketing,Multan,25,83175,nida.iqbal@example.com,2021-07-19
E3862,  Omar Hussain  ,Male,Sales,,30,47834,hina.iqbal@example.com,2020-07-08
E3863,  Ayesha Qureshi  ,Female,Finance,Faisalabad,33,79790,hina.malik@example.com,2017-04-27
E3864,Ahmed Iqbal,Male,Finance,Faisalabad,43,71149,sara.qureshi@example.com,21/05/2015
E3865,Zain Iqbal,Female,Marketing,Faisalabad,37,68183,ayeshasheikhexample.com,2015-08-23
E3866,Fatima Sheikh,Male,Marketing,Islamabad,29,32210,ali.qureshi@example.com,2015-08-10
E3867,Sara Qureshi,Female,,Faisalabad,32,63945,fatima.khan@example.com,2019-04-13
E3868,Ahmed Qureshi,Female,Sales,,33,41004,fatima.qureshi@example.com,2016-08-04
E3869,Sara Sheikh,Female,Finance,Karachi,52,84409,omariqbalexample.com,2020-12-10
E3870,Ayesha Raza,Female,Sales,Faisalabad,32,67532,nida.khan@example.com,2018-08-15
E3871,Omar Qureshi,Male,,Islamabad,45,54978,nida.khan@example.com,2022-12-28
E3872,Nida Malik,Female,IT,Faisalabad,39,51082,ahmed.sheikh@example.com,2016-02-14
E3873,Ayesha Malik,Female,Operations,Multan,40,Rs 57359,ahmediqbalexample.com,2020-12-16
E3874,Omar Malik,Male,Sales,Karachi,45,Rs 86055,zain.khan@example.com,2016-03-26
E3875,Fatima Khan,Male,,Lahore,42,52069,bilal.sheikh@example.com,2020-04-11
E3876,Hina Qureshi,Male,Operations,Faisalabad,22,53189,omar.ahmed@example.com,2015-07-28
E3877,Ahmed Khan,Male,Marketing,Faisalabad,37,89897,sara.malik@example.com,06/01/2019
E3878,Ali Khan,Female,Sales,,22,Rs 51231,bilal.raza@example.com,2019-02-23
E3879,Bilal Khan,Female,Finance,Multan,50,82528,sara.hussain@example.com,2018-12-29
E3880,Bilal Hussain,Female,Marketing,,42,74155,ahmed.malik@example.com,08/09/2020
E3881,Hina Ahmed,Female,Operations,Karachi,30,33358,ahmed.raza@example.com,2016-01-16
E3882,Fatima Ahmed,Female,Operations,Faisalabad,43,53297,nida.sheikh@example.com,2020-08-13
E3883,Fatima Ahmed,Female,Sales,Islamabad,38,79918,zain.iqbal@example.com,2016-12-09
E3884,Fatima Iqbal,Male,HR,Islamabad,49,42175,omarsheikhexample.com,2021-08-16
E3885,Ali Ahmed,Female,,,52,58593,omar.raza@example.com,2018-04-21
E3886,Ahmed Khan,Male,Sales,,50,Rs 65229,ahmed.ahmed@example.com,2020-07-15
E3887,  Omar Sheikh  ,Female,Finance,Islamabad,31,86143,ahmedhussainexample.com,2022-06-18
E3888,Ahmed Hussain,Female,Sales,Lahore,37,31596,nida.sheikh@example.com,2018-05-20
E3889,Sara Ahmed,Male,Marketing,Multan,46,46098,zain.qureshi@example.com,2022-08-28
E3890,Hina Iqbal,Female,Marketing,Faisalabad,50,45333,ayesha.raza@example.com,2015-10-14
E3891,  Ali Ahmed  ,Male,Operations,Karachi,53,85976,hina.raza@example.com,01/11/2017
E3892,Fatima Khan,Male,,,55,37475,fatima.qureshi@example.com,2018-12-16
E3893,Fatima Qureshi,Female,Sales,Faisalabad,34,Rs 74517,zain.hussain@example.com,2017-04-08
E3894,Hina Iqbal,Female,HR,Islamabad,22,73418,sara.qureshi@example.com,2021-03-03
E3895,Ahmed Ahmed,Female,HR,Karachi,50,87390,sara.malik@example.com,2015-09-25
E3896,Hina Malik,Female,Marketing,Lahore,42,55126,ahmed.khan@example.com,2015-02-27
E3897,Zain Raza,Male,HR,Islamabad,27,,fatimaiqbalexample.com,2015-03-31
E3898,Bilal Khan,Male,Finance,Faisalabad,48,37216,nida.malik@example.com,2017-03-27
E3899,Ahmed Hussain,Female,IT,,34,65623,fatima.hussain@example.com,2022-02-17
E3900,Bilal Qureshi,Male,Sales,Lahore,22,Rs 47681,nida.hussain@example.com,2017-02-09
E3901,Hina Malik,Female,Operations,Islamabad,47,51406,hina.qureshi@example.com,2021-10-31
E3902,Bilal Raza,Female,IT,Karachi,49,73643,ayesha.raza@example.com,2015-11-21
E3903,Ayesha Malik,Female,Sales,Lahore,33,Rs 70163,fatima.iqbal@example.com,2020-04-10
E3904,Ali Sheikh,Female,Finance,Islamabad,47,87434,ali.sheikh@example.com,2015-10-20
E3905,Fatima Iqbal,Female,Operations,Islamabad,52,88965,ahmed.iqbal@example.com,2021-11-07
E3906,Sara Hussain,Male,,Islamabad,41,77648,zain.qureshi@example.com,2021-09-18
E3907,Ahmed Sheikh,Female,IT,,22,73280,sara.iqbal@example.com,2020-11-07
E3908,Hina Malik,Female,IT,Lahore,24,37117,zain.iqbal@example.com,2015-07-24
E3909,Fatima Raza,Male,Operations,Faisalabad,51,64668,ali.ahmed@example.com,2017-09-05
E3910,Nida Malik,Male,Marketing,Multan,35,33733,omar.raza@example.com,2016-10-29
E3911,Omar Iqbal,Male,Sales,Multan,51,68627,zain.malik@example.com,2017-05-05
E3912,Bilal Iqbal,Male,Sales,Multan,30,44737,ali.ahmed@example.com,2017-12-24
E3913,Sara Hussain,Female,IT,Karachi,32,47353,bilal.iqbal@example.com,2015-01-24
E3914,Ahmed Malik,Female,Operations,Islamabad,29,42899,hina.qureshi@example.com,2016-04-20
E3915,Nida Raza,Female,IT,Karachi,53,80715,sara.sheikh@example.com,2019-12-01
E3916,Ahmed Ahmed,Female,Marketing,Faisalabad,46,35489,nida.malik@example.com,04/08/2019
E3917,Fatima Iqbal,Female,Sales,Islamabad,39,43048,omar.iqbal@example.com,2015-05-22
E3918,Ali Hussain,Female,IT,Multan,22,63774,ahmed.sheikh@example.com,2015-02-25
E3919,Bilal Raza,Female,Operations,Islamabad,35,46131,hina.raza@example.com,2020-09-27
E3920,Omar Ahmed,Female,Finance,Lahore,47,71220,bilal.iqbal@example.com,2020-04-10
E3921,Ayesha Raza,Female,HR,Islamabad,26,62199,zain.raza@example.com,2021-08-13
E3922,Ali Qureshi,Female,Sales,Lahore,40,30961,sara.qureshi@example.com,2017-07-16
E3923,Zain Raza,Male,Operations,Islamabad,44,74153,ayesha.ahmed@example.com,2015-03-16
E3924,Hina Sheikh,Female,HR,Karachi,41,47278,ayesha.hussain@example.com,2016-06-08
E3925,Ayesha Khan,Female,Operations,,38,86931,ali.raza@example.com,2017-10-29
E3926,Zain Malik,Male,Sales,,23,77249,fatima.raza@example.com,2021-04-15
E3927,Nida Qureshi,Male,Sales,,33,32009,zain.hussain@example.com,2021-04-11
E3928,Sara Qureshi,Male,Finance,Multan,27,71956,omar.raza@example.com,2015-06-10
E3929,Omar Khan,Female,,,45,,ahmed.iqbal@example.com,2016-12-12
E3930,Fatima Sheikh,Male,IT,,46,57473,hina.qureshi@example.com,2021-01-29
E3931,Sara Raza,Female,Operations,Multan,43,49984,omar.iqbal@example.com,2022-01-25
E3932,Ali Sheikh,Male,,Lahore,23,42980,hina.raza@example.com,2016-12-25
E3933,Omar Hussain,Female,,Karachi,42,77784,bilal.iqbal@example.com,14/08/2020
E3934,Ayesha Khan,Female,Finance,Islamabad,55,60145,bilal.iqbal@example.com,2018-01-04
E3935,Fatima Iqbal,Male,,Islamabad,39,32581,nida.qureshi@example.com,2018-05-21
E3936,Fatima Iqbal,Male,Finance,Multan,41,63255,sarasheikhexample.com,2016-10-09
E3937,Bilal Hussain,Female,HR,Multan,26,43055,ayesha.raza@example.com,2020-11-27
E3938,Sara Iqbal,Male,,Multan,39,86856,ayesha.iqbal@example.com,2021-04-20
E3939,Fatima Khan,Female,,Karachi,33,61510,hina.sheikh@example.com,2020-01-06
E3940,Zain Qureshi,Female,HR,Lahore,30,57628,omar.qureshi@example.com,2018-03-18
E3941,Nida Sheikh,Female,Marketing,Multan,36,Rs 33942,ayesha.raza@example.com,2022-08-30
E3942,Hina Hussain,Female,Sales,,42,54512,nida.khan@example.com,2015-03-27
E3943,Sara Raza,Female,Operations,Multan,47,82209,omar.malik@example.com,2021-03-31
E3944,Sara Khan,Female,Finance,Faisalabad,24,77651,bilal.malik@example.com,2018-05-14
E3945,Nida Malik,Female,HR,Faisalabad,30,79455,fatima.qureshi@example.com,2019-08-27
E3946,Ayesha Iqbal,Female,Operations,Multan,30,86840,zain.qureshi@example.com,2015-10-05
E3947,Omar Sheikh,Male,Finance,Islamabad,36,70971,nida.iqbal@example.com,2016-10-06
E3948,Ahmed Ahmed,Female,Operations,Lahore,44,87012,nida.khan@example.com,2020-06-02
E3949,Ayesha Khan,Female,Finance,,26,45802,nida.sheikh@example.com,2021-05-21
E3950,Bilal Ahmed,Male,IT,,27,Rs 47523,ali.raza@example.com,2020-05-11
E3951,Ayesha Iqbal,Male,Marketing,Lahore,53,58375,ali.sheikh@example.com,2017-07-18
E3952,Ahmed Raza,Female,Marketing,Faisalabad,41,,fatima.khan@example.com,2018-08-29
E3953,Zain Sheikh,Female,Operations,Lahore,54,38413,zain.iqbal@example.com,2016-04-12
E3954,Omar Malik,Female,Sales,Multan,47,38558,ali.raza@example.com,2016-03-15
E3955,Omar Hussain,Male,Sales,,34,71721,ahmed.iqbal@example.com,2015-08-12
E3956,  Hina Ahmed  ,Male,Operations,,48,42087,ayesha.sheikh@example.com,2016-02-10
E3957,Ahmed Malik,Female,,Islamabad,37,31065,ali.khan@example.com,09/11/2019
E3958,  Bilal Raza  ,Female,Sales,Lahore,24,35327,omar.malik@example.com,2017-04-18
E3959,Nida Qureshi,Male,Finance,Faisalabad,44,81047,nida.ahmed@example.com,2019-12-07
E3960,Ahmed Sheikh,Female,Finance,Islamabad,38,71312,zain.raza@example.com,2019-08-03
E3961,Omar Hussain,Male,,Lahore,47,30740,fatima.khan@example.com,2021-12-02
E3962,Ahmed Ahmed,Male,Operations,Multan,24,57057,zainiqbalexample.com,2017-02-01
E3963,Bilal Sheikh,Female,Finance,Karachi,52,85002,ahmed.ahmed@example.com,25/03/2022
E3964,Ali Iqbal,Female,IT,Karachi,22,71394,ahmed.iqbal@example.com,2018-09-24
E3965,Bilal Qureshi,Female,Operations,Islamabad,38,53261,hina.sheikh@example.com,2021-06-29
E3966,Nida Malik,Female,Sales,Multan,36,64336,nida.iqbal@example.com,2020-08-31
E3967,Sara Malik,Male,Sales,Lahore,43,58947,sara.khan@example.com,2015-05-05
E3968,  Nida Sheikh  ,Female,Operations,Islamabad,28,32471,bilal.raza@example.com,2022-07-04
E3969,Hina Ahmed,Female,Marketing,,53,39507,omar.hussain@example.com,2019-09-04
E3970,Ayesha Raza,Male,IT,Lahore,45,41384,ahmed.iqbal@example.com,2019-02-04
E3971,Ahmed Hussain,Male,Marketing,Islamabad,34,65705,hina.iqbal@example.com,2022-10-29
E3972,Ali Malik,Male,Marketing,Lahore,27,38375,hina.raza@example.com,2020-07-01
E3973,Bilal Hussain,Female,Operations,,50,84288,fatima.qureshi@example.com,23/06/2021
E3974,Bilal Sheikh,Male,Operations,,32,34017,hina.malik@example.com,2022-12-24
E3975,Ali Raza,Female,Operations,Lahore,49,40854,fatima.sheikh@example.com,2016-08-17
E3976,Bilal Hussain,Female,Sales,Multan,26,42444,ahmed.hussain@example.com,2017-05-30
E3977,Hina Sheikh,Female,Operations,Lahore,24,Rs 38456,nida.malik@example.com,13/10/2015
E3978,Fatima Ahmed,Male,HR,Faisalabad,38,68098,ali.khan@example.com,2022-04-22
E3979,Bilal Raza,Male,Sales,Karachi,42,72095,sara.khan@example.com,2016-10-06
E3980,  Ali Raza  ,Female,,Faisalabad,47,80448,ali.hussain@example.com,2022-07-24
E3981,Ayesha Hussain,Female,Marketing,Karachi,34,31300,zain.malik@example.com,2020-05-11
E3982,Sara Sheikh,Male,Marketing,Karachi,26,53409,ahmed.qureshi@example.com,2015-02-23
E3983,Sara Ahmed,Male,Finance,Lahore,38,63517,nida.raza@example.com,2022-06-19
E3984,Nida Iqbal,Female,Sales,Faisalabad,50,,bilal.raza@example.com,2019-01-16
E3985,Zain Hussain,Male,Operations,Karachi,47,71798,ali.khan@example.com,2015-08-21
E3986,Ayesha Iqbal,Female,Operations,Islamabad,28,64523,fatima.iqbal@example.com,2022-06-16
E3987,Zain Iqbal,Male,,Lahore,33,62338,nida.sheikh@example.com,2019-05-06
E3988,Ayesha Raza,Male,Marketing,,48,,sara.qureshi@example.com,2020-04-13
E3989,Zain Raza,Female,Operations,Karachi,43,57508,ali.iqbal@example.com,2020-12-05
E3990,Nida Sheikh,Female,Sales,Faisalabad,25,45482,ali.qureshi@example.com,2021-10-30
E3991,Ayesha Ahmed,Female,IT,Lahore,55,Rs 78215,nida.iqbal@example.com,2016-09-12
E3992,  Omar Iqbal  ,Female,Marketing,Lahore,53,55031,hina.sheikh@example.com,2017-01-05
E3993,Nida Raza,Male,Finance,Karachi,45,71587,ali.iqbal@example.com,2015-01-30
E3994,Ahmed Malik,Female,,Faisalabad,43,73048,bilal.hussain@example.com,2018-11-11
E3995,Omar Malik,Female,,,54,55280,ayesha.raza@example.com,2018-11-29
E3996,Ahmed Ahmed,Female,,Islamabad,42,66001,omar.raza@example.com,2016-08-03
E3997,Zain Sheikh,Female,Operations,Lahore,34,67888,omar.raza@example.com,2018-01-09
E3998,  Sara Hussain  ,Female,,Lahore,52,30514,bilalqureshiexample.com,09/12/2021
E3999,Omar Raza,Female,IT,,52,80831,ayesha.qureshi@example.com,2020-08-26
E4000,Ahmed Malik,Male,Finance,Lahore,54,34103,sara.qureshi@example.com,2022-04-26
E4001,Zain Qureshi,Male,Operations,Islamabad,27,84788,sara.ahmed@example.com,2019-09-10
E4002,Fatima Hussain,Female,,Multan,49,68620,bilal.iqbal@example.com,2018-01-15
E4003,Nida Malik,Male,Sales,Islamabad,48,66767,nida.malik@example.com,2016-05-23
E4004,Ayesha Ahmed,Male,HR,,54,54112,ayesha.ahmed@example.com,2015-05-13
E4005,Omar Sheikh,Female,IT,Multan,24,77225,fatima.hussain@example.com,2015-03-29
E4006,Bilal Iqbal,Female,,Karachi,47,68415,fatima.ahmed@example.com,2016-05-09
E4007,  Ayesha Hussain  ,Female,HR,Faisalabad,43,42281,nida.sheikh@example.com,26/10/2020
E4008,Bilal Sheikh,Female,Marketing,Faisalabad,26,81910,bilal.ahmed@example.com,2019-05-23
E4009,Ayesha Iqbal,Male,Marketing,Lahore,28,80018,sara.raza@example.com,2022-04-07
E4010,Zain Khan,Female,Operations,,54,54040,bilal.qureshi@example.com,2019-12-24
E4011,Fatima Raza,Male,,Islamabad,50,30530,hina.ahmed@example.com,2015-04-05
E4012,Omar Qureshi,Female,Operations,Islamabad,40,51996,zain.khan@example.com,2019-01-23
E4013,Fatima Qureshi,Male,,Islamabad,41,33347,zain.malik@example.com,2016-12-24
E4014,Zain Iqbal,Male,HR,Karachi,52,Rs 48798,fatima.raza@example.com,2015-02-12
E4015,Sara Hussain,Female,HR,Karachi,34,66321,omariqbalexample.com,2019-12-20
E4016,Ahmed Hussain,Male,HR,Multan,33,76471,fatima.raza@example.com,2017-12-24
E4017,Fatima Malik,Female,IT,Faisalabad,27,53065,bilal.sheikh@example.com,2017-06-26
E4018,Ahmed Raza,Male,IT,Karachi,52,65414,nida.malik@example.com,2020-04-12
E4019,Ayesha Khan,Male,Marketing,,50,42340,nidaahmedexample.com,2017-06-29
E4020,Zain Qureshi,Female,IT,Faisalabad,54,37934,hina.malik@example.com,2020-03-18
E4021,Ali Iqbal,Male,Sales,Lahore,42,,hina.ahmed@example.com,2015-09-17
E10432,Ayesha Qureshi,Female,Sales,Islamabad,40,77596,zain.sheikh@example.com,2020-01-27
E4023,Bilal Malik,Female,Finance,Faisalabad,42,66089,fatima.qureshi@example.com,2020-10-22
E4024,Nida Raza,Female,IT,Multan,51,81757,bilal.ahmed@example.com,2020-08-08
E4025,Ali Iqbal,Female,IT,Islamabad,40,70480,zain.sheikh@example.com,2018-03-13
E4026,Fatima Raza,Male,Finance,Multan,52,82475,nida.ahmed@example.com,2015-04-18
E4027,Bilal Khan,Male,IT,,51,75495,zain.iqbal@example.com,2018-10-11
E4028,Ayesha Raza,Female,IT,Islamabad,23,Rs 57890,ayesha.iqbal@example.com,2015-07-25
E4029,Fatima Sheikh,Male,Finance,Islamabad,47,71145,ahmed.malik@example.com,2019-06-04
E4030,Ali Iqbal,Male,HR,Multan,24,55169,sara.khan@example.com,2018-04-05
E4031,Ayesha Ahmed,Female,Marketing,Faisalabad,55,74894,bilal.raza@example.com,2015-12-18
E4032,Fatima Raza,Female,Operations,Islamabad,43,58103,ali.hussain@example.com,2017-08-23
E4033,Ahmed Hussain,Male,Sales,Islamabad,43,53916,bilal.ahmed@example.com,2021-07-25
E4034,Zain Hussain,Male,Finance,Karachi,54,38408,sara.iqbal@example.com,2016-09-07
E4035,Nida Iqbal,Male,HR,Multan,34,52151,fatima.malik@example.com,2021-04-24
E4036,Zain Khan,Female,Finance,Karachi,41,61442,ali.raza@example.com,2017-07-03
E4037,Nida Qureshi,Male,IT,Karachi,45,75131,fatima.raza@example.com,2019-04-19
E4038,Ali Qureshi,Female,Finance,Karachi,48,69000,fatima.iqbal@example.com,2022-06-25
E4039,  Fatima Malik  ,Male,Marketing,Karachi,40,88244,bilal.ahmed@example.com,2018-01-29
E4040,Ayesha Iqbal,Male,Sales,,36,87436,bilal.ahmed@example.com,2021-12-17
E4041,Ahmed Iqbal,Male,IT,Faisalabad,32,59476,ahmed.raza@example.com,2019-08-14
E4042,Ahmed Sheikh,Female,Sales,Faisalabad,51,33673,fatima.iqbal@example.com,2019-12-26
E4043,Hina Khan,Female,IT,Islamabad,45,49049,ayesha.sheikh@example.com,2016-02-16
E4044,Zain Raza,Male,Marketing,,41,57671,hina.sheikh@example.com,2022-02-03
E4045,Fatima Hussain,Male,,Multan,27,30310,omar.malik@example.com,2019-11-06
E4046,Ayesha Hussain,Male,HR,Islamabad,26,40281,sara.malik@example.com,2015-12-29
E4047,Hina Qureshi,Male,,Lahore,42,63243,zainsheikhexample.com,2021-05-22
E4048,  Fatima Iqbal  ,Female,,Faisalabad,49,31531,ayesha.hussain@example.com,13/12/2020
E4049,Sara Malik,Male,Finance,Lahore,45,79599,sara.qureshi@example.com,2016-02-24
E4050,Ali Sheikh,Male,Sales,Karachi,31,49416,omar.hussain@example.com,2022-11-20
E4051,Fatima Khan,Male,IT,,52,39490,bilal.hussain@example.com,2017-10-10
E4052,Sara Qureshi,Male,IT,Islamabad,51,53388,ali.khan@example.com,2015-10-26
E4053,Zain Malik,Female,HR,Faisalabad,25,66907,ali.raza@example.com,2020-08-11
E4054,Bilal Qureshi,Female,HR,Karachi,27,63416,ayesha.iqbal@example.com,2019-08-22
E4055,Ayesha Ahmed,Male,Sales,Lahore,44,65545,nida.raza@example.com,2017-10-28
E4056,Omar Iqbal,Male,Operations,Faisalabad,46,36468,ahmed.hussain@example.com,2015-11-26
E4057,Ahmed Khan,Male,Sales,Karachi,32,71661,omar.sheikh@example.com,2020-10-11
E4058,Fatima Khan,Male,Marketing,Islamabad,46,84438,bilal.sheikh@example.com,2018-04-23
E4059,Sara Khan,Male,IT,Lahore,47,34463,fatima.malik@example.com,2016-05-07
E4060,Fatima Iqbal,Female,IT,Karachi,27,41436,zain.iqbal@example.com,2019-11-04
E4061,Ali Iqbal,Male,IT,Lahore,25,33874,fatima.raza@example.com,2019-10-11
E4062,Zain Qureshi,Female,HR,Lahore,45,46361,ahmed.raza@example.com,2016-03-20
E4063,Omar Raza,Male,Sales,Multan,30,77900,zainhussainexample.com,2022-11-09
E4064,Bilal Sheikh,Male,,Lahore,50,78617,zain.qureshi@example.com,2021-03-26
E4065,Ahmed Hussain,Male,,Multan,31,39453,hina.ahmed@example.com,2016-03-08
E4066,Sara Iqbal,Male,,,23,58218,ayesha.ahmed@example.com,2015-12-06
E4067,Ahmed Sheikh,Female,IT,Islamabad,24,43886,omar.sheikh@example.com,2019-09-26
E4068,Nida Sheikh,Male,Operations,,42,56644,fatima.sheikh@example.com,2017-08-24
E4069,  Ayesha Iqbal  ,Male,Sales,,38,59761,sara.khan@example.com,2019-12-29
E4070,Sara Sheikh,Male,Finance,Islamabad,47,49052,ahmed.iqbal@example.com,2017-03-05
E4071,Nida Raza,Female,Sales,Faisalabad,37,44689,bilal.khan@example.com,2018-06-27
E4072,Ali Iqbal,Female,Operations,Lahore,28,72045,hina.iqbal@example.com,2022-03-17
E4073,Zain Raza,Female,Sales,Karachi,49,68649,hina.raza@example.com,28/10/2018
E4074,Omar Qureshi,Male,Marketing,Islamabad,39,88483,ahmed.raza@example.com,2022-02-06
E4075,Omar Khan,Female,Sales,,48,64190,bilal.hussain@example.com,2017-10-31
E4076,Zain Ahmed,Female,HR,,24,38581,ali.raza@example.com,2021-04-19
E4077,Fatima Iqbal,Female,Operations,Faisalabad,47,37455,nida.khan@example.com,14/06/2021
E4078,  Ali Sheikh  ,Female,Finance,Karachi,47,58407,sara.hussain@example.com,2018-02-25
E4079,Ali Ahmed,Male,,Islamabad,41,65210,ayesha.sheikh@example.com,2018-04-17
E4080,Hina Hussain,Female,Finance,Lahore,34,59150,fatima.ahmed@example.com,2017-01-02
E4081,Ahmed Iqbal,Male,Sales,Multan,32,80779,omar.malik@example.com,2019-11-05
E4082,Hina Ahmed,Male,Finance,,37,84675,bilal.qureshi@example.com,2022-06-26
E4083,Ahmed Malik,Male,Sales,Multan,53,45357,ayesha.raza@example.com,2016-05-27
E4084,Bilal Sheikh,Female,Sales,,43,73091,fatima.raza@example.com,2021-01-15
E4085,Fatima Ahmed,Male,HR,,43,50219,sara.raza@example.com,2020-07-31
E4086,Zain Raza,Male,Operations,Karachi,35,Rs 75351,nida.raza@example.com,2019-07-15
E4087,Ahmed Malik,Female,,Karachi,54,71284,nida.malik@example.com,2016-09-14
E4088,  Nida Malik  ,Male,Marketing,Islamabad,55,65296,ahmed.sheikh@example.com,2019-11-03
E4089,Sara Raza,Female,Operations,,34,31892,bilal.malik@example.com,2015-09-17
E4090,Ahmed Malik,Female,HR,,36,68485,bilal.sheikh@example.com,2015-12-31
E4091,Nida Ahmed,Female,IT,,36,70446,nida.raza@example.com,2017-01-28
E4092,Hina Raza,Female,,Karachi,27,48262,bilal.raza@example.com,2019-09-15
E4093,Ayesha Khan,Female,HR,,38,81168,fatima.qureshi@example.com,2015-11-07
E4094,Omar Hussain,Male,Marketing,,37,78030,zain.hussain@example.com,20/04/2016
E4095,Bilal Ahmed,Female,,Lahore,31,74396,omar.raza@example.com,16/04/2017
E4096,Hina Malik,Female,Operations,,44,74769,sara.ahmed@example.com,2015-01-09
E4097,Ahmed Qureshi,Female,Finance,Multan,40,83187,ali.raza@example.com,2019-08-14
E4098,Bilal Khan,Male,HR,Lahore,54,85715,omar.qureshi@example.com,2018-08-30
E4099,Zain Sheikh,Female,Operations,Faisalabad,42,52403,hina.iqbal@example.com,2021-01-05
E4100,Nida Khan,Female,Finance,,32,37680,omar.malik@example.com,2017-10-02
E4101,Sara Iqbal,Male,IT,Karachi,54,65511,ali.malik@example.com,2017-04-27
E4102,Bilal Malik,Male,Sales,Lahore,33,33709,zain.hussain@example.com,2022-06-15
E4103,Bilal Iqbal,Female,IT,,22,74075,ali.hussain@example.com,2019-12-20
E4104,Omar Iqbal,Female,Operations,Faisalabad,47,38319,omar.khan@example.com,2018-03-15
E4105,  Sara Sheikh  ,Female,Sales,Karachi,49,33929,hina.iqbal@example.com,2020-04-29
E4106,Nida Raza,Male,Finance,Lahore,49,34907,zain.hussain@example.com,07/06/2018
E4107,Ali Qureshi,Female,Sales,Multan,42,70698,bilal.khan@example.com,2020-04-08
E4108,Bilal Hussain,Female,Marketing,,35,38975,nida.raza@example.com,2015-05-06
E4109,Sara Hussain,Male,IT,Lahore,38,48525,nida.raza@example.com,24/05/2017
E4110,Bilal Malik,Female,Operations,Multan,53,46181,ahmed.raza@example.com,2016-02-10
E4111,Ali Raza,Female,,,50,87958,ahmed.khan@example.com,2019-11-21
E4112,Ayesha Hussain,Female,Operations,Karachi,27,57479,hina.malik@example.com,2016-06-23
E4113,Zain Khan,Female,Sales,Faisalabad,24,Rs 61613,nida.hussain@example.com,2021-10-16
E4114,Sara Raza,Male,,Karachi,23,48024,ahmed.ahmed@example.com,2017-11-11
E4115,Ali Ahmed,Female,Sales,Karachi,23,49101,omar.iqbal@example.com,24/08/2022
E4116,Fatima Ahmed,Female,IT,Lahore,31,70187,zain.hussain@example.com,2019-05-23
E4117,Bilal Hussain,Female,HR,Faisalabad,27,72146,fatima.iqbal@example.com,2017-10-29
E4118,Omar Hussain,Male,Operations,Multan,22,Rs 81171,ahmed.qureshi@example.com,2016-03-29
E4119,Ali Khan,Female,Marketing,Multan,24,41939,ali.iqbal@example.com,2016-07-07
E4120,Sara Hussain,Female,Finance,,23,60114,hina.khan@example.com,2018-01-12
E4121,Ali Malik,Female,Operations,,35,76808,ayesha.hussain@example.com,2021-03-12
E4122,Omar Hussain,Male,Operations,Faisalabad,32,75191,fatima.sheikh@example.com,2015-04-15
E4123,Nida Raza,Female,,Lahore,48,36897,ahmedrazaexample.com,2021-08-13
E4124,Sara Ahmed,Male,HR,,47,40656,fatima.qureshi@example.com,2018-10-03
E4125,Nida Iqbal,Male,Finance,Lahore,48,55783,bilal.khan@example.com,2018-03-08
E4126,Sara Iqbal,Female,IT,,27,Rs 31575,fatima.malik@example.com,2015-08-08
E4127,Hina Malik,Female,Finance,Lahore,51,85723,sara.hussain@example.com,2019-09-06
E4128,Hina Sheikh,Female,HR,Faisalabad,22,32491,ahmed.sheikh@example.com,2018-11-27
E5648,Ayesha Raza,Female,Operations,Lahore,54,89432,ahmed.ahmed@example.com,2020-03-24
E4130,  Ayesha Hussain  ,Female,HR,Karachi,54,Rs 59149,sara.raza@example.com,2021-02-09
E4131,Ayesha Sheikh,Male,,Karachi,47,67681,hina.qureshi@example.com,2018-03-12
E4132,Nida Raza,Male,HR,Faisalabad,38,53026,zain.qureshi@example.com,2022-08-21
E4133,Ahmed Iqbal,Female,Finance,Faisalabad,41,82020,zain.iqbal@example.com,2019-01-13
E4134,Omar Malik,Male,Marketing,Karachi,26,84304,sara.iqbal@example.com,2018-11-26
E4135,Ayesha Khan,Male,Sales,Multan,47,64270,ali.khan@example.com,2021-01-18
E4136,  Omar Iqbal  ,Female,Operations,Faisalabad,31,52611,ayesha.khan@example.com,2019-06-27
E4137,Ali Khan,Male,Finance,,53,75555,sara.malik@example.com,2020-07-01
E4138,Ahmed Hussain,Female,HR,Multan,53,45778,hina.qureshi@example.com,2022-02-27
E4139,Nida Khan,Female,Operations,Lahore,48,56122,ayesha.sheikh@example.com,2018-06-27
E4140,Ali Malik,Female,IT,,44,71650,bilal.khan@example.com,2015-01-06
E1031,Fatima Malik,Female,HR,Karachi,22,48638,zain.sheikh@example.com,2017-03-05
E4142,Hina Qureshi,Female,Sales,,31,55372,ahmed.iqbal@example.com,2020-07-11
E4143,Zain Ahmed,Male,Sales,Islamabad,40,Rs 78991,ali.qureshi@example.com,2022-11-24
E4144,Sara Khan,Male,Sales,Multan,32,63935,nida.ahmed@example.com,2019-01-24
E4145,  Zain Malik  ,Male,,Faisalabad,44,83630,zain.ahmed@example.com,2018-06-11
E4146,Ali Malik,Male,Marketing,Islamabad,25,61969,omar.raza@example.com,2016-06-05
E4147,Ahmed Iqbal,Male,IT,Karachi,27,66614,bilal.sheikh@example.com,2017-09-28
E4148,Sara Khan,Male,IT,Islamabad,31,60808,hina.qureshi@example.com,2021-08-12
E4149,Omar Sheikh,Male,IT,Multan,30,34829,nida.raza@example.com,04/01/2020
E4150,Zain Raza,Female,Finance,Islamabad,29,76377,bilal.hussain@example.com,2021-11-13
E4151,Omar Malik,Female,,Islamabad,45,48934,sara.raza@example.com,2020-10-11
E4152,Ahmed Raza,Female,Marketing,,34,45966,ayesha.hussain@example.com,2017-03-10
E4153,Zain Ahmed,Male,Operations,Lahore,45,39265,bilal.khan@example.com,2018-04-15
E4154,Fatima Malik,Male,Marketing,Lahore,34,33408,ali.malik@example.com,2017-04-30
E4155,Ahmed Khan,Male,HR,Faisalabad,51,50972,ali.raza@example.com,2016-05-03
E4156,Ayesha Iqbal,Male,Marketing,,42,64636,omar.malik@example.com,2019-05-10
E4157,Nida Sheikh,Female,HR,,32,82513,zain.qureshi@example.com,2021-11-20
E4158,Ayesha Hussain,Male,Sales,Karachi,52,84950,sara.sheikh@example.com,2018-03-27
E4159,Zain Ahmed,Male,,Islamabad,26,Rs 85607,ayesha.khan@example.com,2016-06-09
E4160,Zain Qureshi,Female,HR,Islamabad,51,35861,sara.raza@example.com,2019-12-19
E4161,Zain Malik,Female,Marketing,Multan,47,Rs 32618,nida.ahmed@example.com,2015-07-23
E4162,Ayesha Sheikh,Male,HR,,47,61108,zainmalikexample.com,2017-08-26
E4163,Omar Qureshi,Female,IT,Karachi,29,34651,zain.ahmed@example.com,2016-01-24
E4164,Hina Malik,Male,Sales,Faisalabad,46,30096,fatima.khan@example.com,2022-12-27
E4165,Omar Hussain,Male,Operations,Multan,32,58775,fatima.raza@example.com,2021-11-01
E4166,Fatima Sheikh,Female,Operations,Karachi,40,48519,hina.raza@example.com,2018-04-19
E4167,Omar Ahmed,Female,HR,Faisalabad,30,79784,ali.khan@example.com,2018-10-12
E4168,Omar Qureshi,Female,Operations,Faisalabad,34,Rs 79424,nida.khan@example.com,2018-10-06
E4169,Omar Ahmed,Female,Marketing,,35,85279,hina.qureshi@example.com,2021-09-14
E4170,Sara Iqbal,Female,Finance,Multan,55,30807,omar.ahmed@example.com,2020-09-21
E4171,Hina Qureshi,Male,Marketing,Karachi,23,55676,ali.hussain@example.com,2016-04-17
E4172,Sara Iqbal,Male,Operations,Islamabad,29,Rs 52559,omar.sheikh@example.com,2015-03-10
E4173,Omar Raza,Female,Finance,Lahore,25,44082,ali.raza@example.com,2015-01-04
E4174,  Sara Ahmed  ,Female,Finance,,52,32509,nida.ahmed@example.com,2015-03-20
E4175,Ali Ahmed,Female,Marketing,Karachi,24,73321,fatima.raza@example.com,2016-04-04
E4176,Ayesha Malik,Female,Marketing,Karachi,29,47402,ali.sheikh@example.com,2019-07-03
E4177,Fatima Ahmed,Female,Finance,Faisalabad,50,45958,nida.malik@example.com,2017-04-04
E4178,Ayesha Hussain,Female,Sales,,51,65774,ayesha.khan@example.com,2017-11-29
E4179,Bilal Iqbal,Female,Operations,Islamabad,40,72519,ali.sheikh@example.com,2017-09-15
E4180,Sara Khan,Female,Operations,Faisalabad,41,73326,ayesha.iqbal@example.com,2022-03-04
E4181,Ahmed Sheikh,Female,,Karachi,47,44946,ali.malik@example.com,2022-03-03
E4182,Ali Iqbal,Female,,Lahore,23,80185,omar.iqbal@example.com,2016-01-02
E4183,Ahmed Malik,Male,Finance,Karachi,36,80083,nida.sheikh@example.com,2019-04-13
E4184,  Nida Sheikh  ,Male,Finance,Lahore,40,69363,sara.khan@example.com,2019-10-07
E4185,Fatima Sheikh,Female,Marketing,Multan,46,85783,bilal.malik@example.com,2021-04-03
E4186,Ahmed Khan,Female,Sales,,38,35665,fatima.ahmed@example.com,2018-07-08
E4187,Omar Sheikh,Male,Marketing,Islamabad,29,,hina.iqbal@example.com,2021-09-06
E4188,Hina Sheikh,Male,Finance,Faisalabad,53,,sara.khan@example.com,2019-01-03
E4189,Zain Qureshi,Female,HR,Lahore,42,83399,bilalahmedexample.com,2015-12-19
E4190,Fatima Qureshi,Female,,Islamabad,22,81255,ali.malik@example.com,2019-10-25
E4191,Ali Hussain,Female,Marketing,Islamabad,51,73983,hina.iqbal@example.com,2015-02-02
E4192,Ali Khan,Female,IT,Lahore,34,60639,nida.sheikh@example.com,2020-02-22
E4193,  Ayesha Sheikh  ,Female,IT,Faisalabad,28,69068,nida.khan@example.com,2017-07-11
E4194,Omar Qureshi,Female,HR,Lahore,30,45822,hina.khan@example.com,2022-08-28
E4195,Zain Hussain,Male,Sales,Faisalabad,35,39583,ali.ahmed@example.com,2016-11-27
E4196,Omar Sheikh,Female,Operations,,36,41910,fatima.hussain@example.com,2016-03-13
E4197,Ahmed Iqbal,Male,Marketing,Lahore,29,37639,ali.iqbal@example.com,2019-07-08
E4198,Ayesha Raza,Male,HR,,42,69434,nida.iqbal@example.com,16/06/2020
E4199,Ali Raza,Female,Marketing,Karachi,36,66357,zain.raza@example.com,2018-11-23
E4200,Bilal Malik,Male,IT,Faisalabad,39,89221,ahmed.raza@example.com,2022-07-14
E4201,Hina Qureshi,Female,IT,,53,69461,nida.sheikh@example.com,2015-07-07
E4202,Omar Iqbal,Female,,Islamabad,46,70233,fatima.hussain@example.com,2017-12-07
E4203,Fatima Iqbal,Male,Operations,Multan,33,74020,nida.ahmed@example.com,2020-02-02
E4204,Ahmed Malik,Female,,Karachi,28,89251,bilal.sheikh@example.com,2022-02-28
E4205,  Nida Ahmed  ,Female,Operations,Faisalabad,53,,hina.sheikh@example.com,2019-07-18
E4206,Zain Sheikh,Female,Finance,Multan,40,30915,sarahussainexample.com,2018-08-15
E4207,Ahmed Raza,Male,Marketing,Faisalabad,26,88722,bilal.qureshi@example.com,2016-01-03
E4208,Zain Raza,Female,IT,Karachi,23,80694,fatima.qureshi@example.com,2016-06-18
E4209,Ali Raza,Female,IT,Faisalabad,36,43733,sara.qureshi@example.com,2015-04-25
E4210,Nida Khan,Male,Marketing,Islamabad,50,41974,nida.ahmed@example.com,2019-12-08
E4211,  Hina Khan  ,Male,Marketing,Karachi,44,50762,zain.iqbal@example.com,2019-01-26
E4212,  Ahmed Hussain  ,Male,Operations,Faisalabad,28,38906,nida.iqbal@example.com,2015-06-07
E4213,Fatima Hussain,Female,Sales,,41,70120,ahmed.raza@example.com,2018-12-20
E4214,Bilal Raza,Male,Finance,Lahore,28,31843,hina.raza@example.com,2016-11-22
E4215,Omar Ahmed,Male,Operations,Lahore,46,85928,nida.iqbal@example.com,2020-09-29
E4216,Ahmed Ahmed,Female,Operations,Multan,39,59116,ali.raza@example.com,2018-10-30
E4217,Bilal Malik,Female,Finance,,48,56308,bilal.qureshi@example.com,2020-02-12
E4218,Ayesha Khan,Female,IT,Multan,46,81845,ayesha.malik@example.com,2017-06-24
E4219,Omar Qureshi,Female,IT,Karachi,55,77687,sara.khan@example.com,2020-08-31
E4220,Ali Hussain,Male,IT,Karachi,33,89866,ahmed.malik@example.com,2019-01-05
E4221,Hina Malik,Female,Marketing,Karachi,34,42432,sara.khan@example.com,2018-02-08
E4222,Ahmed Raza,Male,,Faisalabad,51,46657,ahmed.sheikh@example.com,2019-12-28
E4223,Ayesha Sheikh,Male,,Karachi,34,69515,fatima.ahmed@example.com,2015-09-24
E4224,Bilal Ahmed,Male,Finance,Multan,30,,ali.malik@example.com,2016-09-09
E4225,Ayesha Ahmed,Female,Marketing,Multan,50,Rs 76085,nida.sheikh@example.com,29/03/2020
E4226,  Nida Iqbal  ,Male,IT,Islamabad,55,51928,omar.iqbal@example.com,2017-06-26
E4227,Omar Raza,Male,,Karachi,47,54638,zain.malik@example.com,01/03/2021
E4228,Nida Malik,Female,HR,Islamabad,24,80647,zain.sheikh@example.com,2015-11-28
E4229,Nida Qureshi,Male,,Faisalabad,32,45885,bilal.khan@example.com,2022-07-10
E4230,Ali Sheikh,Female,IT,,55,71875,ali.iqbal@example.com,2016-06-27
E4231,Zain Malik,Female,Sales,Lahore,40,Rs 79105,fatima.khan@example.com,2017-03-16
E4232,Hina Ahmed,Female,Sales,Karachi,48,78963,omar.hussain@example.com,08/05/2017
E4233,Zain Sheikh,Male,Sales,,35,30157,zain.ahmed@example.com,2019-01-26
E4234,Nida Ahmed,Male,Sales,Islamabad,45,77190,hina.ahmed@example.com,2022-02-18
E4235,Ahmed Sheikh,Male,HR,Faisalabad,45,46867,ayesha.raza@example.com,2022-02-20
E4236,Hina Hussain,Female,,Multan,44,30160,zain.qureshi@example.com,2021-07-03
E4237,Zain Qureshi,Female,Operations,Multan,23,34595,ahmed.hussain@example.com,2016-08-31
E4238,Ayesha Malik,Male,,Faisalabad,26,30681,hina.qureshi@example.com,2018-03-30
E4239,Hina Khan,Male,IT,Faisalabad,31,43762,ali.khan@example.com,2018-08-05
E4240,Zain Iqbal,Female,IT,Faisalabad,26,75056,nida.hussain@example.com,2020-01-05
E4241,Nida Sheikh,Male,Operations,,27,66355,sara.ahmed@example.com,2016-07-01
E4242,Bilal Ahmed,Male,Finance,Karachi,38,51519,saramalikexample.com,2018-07-20
E4243,Omar Qureshi,Male,IT,Karachi,44,89803,omar.iqbal@example.com,2021-01-17
E4244,Ali Khan,Female,Sales,Faisalabad,30,64122,bilal.malik@example.com,2021-01-29
E4245,Sara Khan,Female,Marketing,Islamabad,42,86600,zain.malik@example.com,2016-10-29
E4246,Ahmed Hussain,Female,Operations,Faisalabad,34,36425,ali.iqbal@example.com,2018-07-05
E4247,Nida Iqbal,Male,IT,Islamabad,43,42991,fatima.qureshi@example.com,2021-11-01
E4248,Sara Iqbal,Male,Finance,,45,74517,nida.sheikh@example.com,2019-03-31
E4249,Ahmed Ahmed,Female,IT,Islamabad,37,75902,ayesha.ahmed@example.com,2016-09-01
E4250,Bilal Qureshi,Male,Finance,,22,73714,omar.khan@example.com,2021-01-29
E4251,Ayesha Malik,Female,Marketing,Karachi,27,53994,nida.khan@example.com,2018-04-20
E4252,Omar Iqbal,Male,,Lahore,46,56674,ayesha.malik@example.com,2016-03-16
E4253,Fatima Malik,Male,Finance,Lahore,45,79593,ayesha.ahmed@example.com,2017-01-15
E4254,Nida Qureshi,Male,Operations,Lahore,39,79796,hina.hussain@example.com,2019-08-24
E4255,Hina Malik,Male,IT,,53,68122,ayesha.sheikh@example.com,2015-06-11
E4256,Ali Sheikh,Male,HR,Lahore,25,Rs 78564,nida.malik@example.com,2020-01-18
E4257,Ayesha Raza,Female,HR,,43,30472,zain.iqbal@example.com,2019-09-03
E4258,Ali Iqbal,Male,Marketing,,40,67575,ahmed.qureshi@example.com,2022-12-29
E4259,Fatima Iqbal,Male,,,38,66705,fatima.sheikh@example.com,2015-12-03
E4260,Sara Khan,Female,Sales,,45,78886,hina.raza@example.com,2019-02-03
E4261,Ali Iqbal,Male,HR,Islamabad,28,76871,omar.sheikh@example.com,2015-04-09
E4262,Ayesha Malik,Male,Sales,,38,50153,omarmalikexample.com,18/08/2017
E4263,Zain Iqbal,Female,IT,Islamabad,42,76645,ayesha.qureshi@example.com,2020-06-13
E4264,Hina Iqbal,Male,Operations,Islamabad,31,72544,sara.malik@example.com,2015-02-13
E4265,Zain Sheikh,Male,IT,Islamabad,26,71309,zain.hussain@example.com,12/01/2020
E4266,Ahmed Iqbal,Male,Sales,Faisalabad,22,66500,fatima.malik@example.com,2016-06-06
E4267,Zain Sheikh,Female,Finance,Islamabad,30,39331,ahmedmalikexample.com,2015-01-08
E4268,Omar Qureshi,Female,Marketing,Multan,24,87323,nida.khan@example.com,2015-10-01
E4269,Ayesha Iqbal,Female,Sales,Faisalabad,35,71286,fatima.raza@example.com,2021-06-03
E4270,Nida Iqbal,Female,Marketing,Karachi,54,33225,hina.khan@example.com,2015-10-17
E4271,Bilal Raza,Female,,Lahore,52,66212,nida.iqbal@example.com,28/05/2016
E4272,Nida Sheikh,Female,,Multan,22,74786,ahmed.qureshi@example.com,2018-07-27
E4273,Fatima Khan,Male,IT,Islamabad,50,Rs 76101,nida.sheikh@example.com,2015-06-22
E4274,Hina Sheikh,Female,,Lahore,26,32127,bilal.raza@example.com,2015-03-29
E4275,Fatima Malik,Male,Operations,Islamabad,37,83595,nida.raza@example.com,06/03/2022
E4276,Omar Hussain,Female,Marketing,Lahore,49,60247,zain.iqbal@example.com,2017-01-05
E4277,Ali Qureshi,Male,HR,,23,Rs 80052,ayesha.khan@example.com,2017-09-12
E4278,Ayesha Qureshi,Male,Sales,,40,35542,hina.raza@example.com,2020-02-07
E4279,  Nida Malik  ,Female,Operations,Faisalabad,30,39734,nida.qureshi@example.com,2015-02-12
E4280,Sara Iqbal,Female,Sales,Multan,26,31199,fatima.qureshi@example.com,2020-08-11
E4281,Ayesha Iqbal,Male,Operations,Lahore,31,51251,bilal.raza@example.com,2016-09-04
E4282,Sara Raza,Male,Finance,Karachi,28,87679,omar.qureshi@example.com,2022-04-21
E4283,Nida Khan,Female,Finance,,22,59081,omar.iqbal@example.com,2021-03-15
E4284,Fatima Khan,Male,Finance,Karachi,24,69686,hina.iqbal@example.com,2021-08-31
E4285,Zain Malik,Female,HR,Karachi,40,56126,hina.raza@example.com,2020-04-08
E4286,Hina Iqbal,Male,Operations,Lahore,48,Rs 53522,fatima.hussain@example.com,2017-08-18
E4287,Fatima Iqbal,Male,Marketing,,53,73519,ayeshahussainexample.com,2022-09-02
E4288,Fatima Malik,Female,IT,,52,54557,bilal.malik@example.com,2021-07-13
E4289,Hina Iqbal,Male,,Multan,44,37173,nidamalikexample.com,2020-04-08
E4290,Bilal Sheikh,Female,Finance,Multan,31,80147,bilal.ahmed@example.com,2017-04-23
E4291,Omar Hussain,Female,HR,Islamabad,27,50767,bilal.iqbal@example.com,2016-03-19
E4292,Omar Hussain,Female,,Faisalabad,24,53641,fatima.ahmed@example.com,2016-07-02
E4293,Ahmed Malik,Male,Operations,Faisalabad,25,56689,sara.ahmed@example.com,2022-07-29
E4294,Ahmed Malik,Male,Finance,Lahore,55,40592,sara.ahmed@example.com,2020-04-24
E4295,Nida Iqbal,Male,Operations,Karachi,40,46205,nida.sheikh@example.com,2017-01-31
E4296,Nida Malik,Female,Sales,Islamabad,49,66518,ali.qureshi@example.com,2022-11-14
E4297,Bilal Khan,Male,,Islamabad,42,81248,hina.iqbal@example.com,2016-09-27
E4298,Omar Raza,Male,Marketing,,41,44424,ayesha.qureshi@example.com,2018-05-22
E4299,Hina Iqbal,Male,Sales,,33,52615,bilal.hussain@example.com,2017-09-20
E4300,Hina Malik,Male,Marketing,Faisalabad,44,61675,omar.iqbal@example.com,2015-01-14
E4301,Hina Iqbal,Male,HR,Faisalabad,43,77028,sara.hussain@example.com,2021-01-02
E4302,Omar Khan,Female,IT,Karachi,49,38055,omar.sheikh@example.com,2020-09-22
E4303,Sara Hussain,Female,,Faisalabad,55,62406,hina.qureshi@example.com,2015-10-22
E4304,Zain Hussain,Female,Marketing,Lahore,46,53420,ahmedqureshiexample.com,2016-10-26
E4305,  Omar Raza  ,Female,Operations,Lahore,31,85661,hina.khan@example.com,2015-08-30
E4306,  Omar Khan  ,Male,HR,Karachi,33,31483,ahmed.khan@example.com,2022-09-26
E4307,Ayesha Ahmed,Female,,Karachi,32,52418,sara.hussain@example.com,2019-07-04
E4308,Bilal Ahmed,Male,Marketing,Lahore,25,59944,zain.sheikh@example.com,2020-10-06
E4309,Nida Iqbal,Female,Marketing,,42,60376,omar.hussain@example.com,2015-03-09
E4310,Omar Raza,Female,Sales,Islamabad,39,43879,ayesha.malik@example.com,2019-01-12
E4311,Omar Khan,Male,Operations,Lahore,40,Rs 40258,bilal.ahmed@example.com,2018-09-01
E4312,Nida Iqbal,Male,HR,,28,45175,ayesha.malik@example.com,2016-10-21
E4313,Omar Sheikh,Male,Finance,Lahore,51,71267,omar.hussain@example.com,2016-11-17
E4314,Fatima Sheikh,Female,HR,Karachi,27,81229,ali.khan@example.com,2021-07-20
E4315,Ahmed Sheikh,Male,,,23,74977,ali.qureshi@example.com,2015-12-17
E4316,Nida Iqbal,Male,HR,Multan,44,30011,bilal.iqbal@example.com,2021-09-11
E4317,Zain Sheikh,Male,,Karachi,46,48208,hina.sheikh@example.com,2018-05-21
E4318,Sara Malik,Female,HR,Faisalabad,53,74888,ali.ahmed@example.com,2017-09-23
E4319,Omar Khan,Female,,Lahore,35,73536,bilal.malik@example.com,2017-07-15
E4320,  Nida Sheikh  ,Male,HR,Lahore,31,32053,ali.malik@example.com,16/09/2021
E4321,Bilal Malik,Male,Finance,Karachi,35,42975,sara.ahmed@example.com,2020-12-03
E4322,Ali Sheikh,Male,Marketing,Faisalabad,48,54937,ali.hussain@example.com,2022-01-21
E4323,Fatima Sheikh,Female,IT,Multan,24,34649,hina.iqbal@example.com,2017-03-19
E4324,Sara Hussain,Female,Marketing,Karachi,51,Rs 76532,sara.qureshi@example.com,2016-05-05
E4325,Sara Iqbal,Female,Sales,Faisalabad,22,78863,omar.hussain@example.com,2018-02-02
E4326,Ali Hussain,Female,Operations,Islamabad,46,56260,nida.khan@example.com,2018-03-08
E4327,Ayesha Khan,Female,IT,Multan,38,36909,zain.sheikh@example.com,2018-05-09
E4328,Nida Malik,Male,,Islamabad,55,43475,ayesha.raza@example.com,2020-07-02
E4329,Nida Malik,Male,IT,Islamabad,53,87279,ali.sheikh@example.com,2022-10-07
E4330,Zain Hussain,Male,Sales,Lahore,31,55651,sara.raza@example.com,2015-03-11
E10176,Ahmed Malik,Male,,Karachi,37,41180,ali.sheikh@example.com,2020-04-30
E4332,Fatima Raza,Female,,Multan,43,35216,sara.sheikh@example.com,2020-12-30
E4333,Hina Khan,Male,IT,Karachi,55,61611,nida.malik@example.com,2019-12-24
E4334,Hina Malik,Female,Operations,Multan,34,58985,omar.qureshi@example.com,2019-02-09
E4335,Omar Iqbal,Female,,Lahore,43,49595,saramalikexample.com,2021-11-27
E4336,Hina Sheikh,Female,,,27,30749,ali.khan@example.com,2017-07-31
E4337,Ali Sheikh,Male,Marketing,Lahore,51,39202,omar.sheikh@example.com,2017-06-13
E4338,Nida Khan,Female,HR,Multan,45,32895,nida.hussain@example.com,2022-03-29
E4339,Fatima Ahmed,Male,,Faisalabad,30,62339,ali.ahmed@example.com,2022-06-20
E4340,Nida Khan,Female,HR,Multan,25,74936,nida.malik@example.com,2015-08-09
E4341,Zain Malik,Female,Sales,,41,68890,nida.ahmed@example.com,2015-10-25
E4342,Ali Khan,Female,HR,,51,Rs 69329,nida.raza@example.com,2022-12-29
E4343,Ayesha Raza,Female,Operations,Karachi,52,66892,bilal.iqbal@example.com,2019-08-12
E4344,  Ahmed Raza  ,Female,Finance,Karachi,23,87731,omar.khan@example.com,17/06/2016
E4345,Ayesha Raza,Male,Sales,,24,Rs 50198,bilal.iqbal@example.com,2017-03-02
E4346,Ayesha Hussain,Female,Finance,Lahore,41,60413,ahmed.sheikh@example.com,02/02/2022
E4347,Sara Malik,Female,IT,Karachi,55,31247,omar.ahmed@example.com,2020-11-16
E4348,Bilal Hussain,Male,Operations,Karachi,34,53515,bilal.sheikh@example.com,2020-06-13
E4349,Hina Iqbal,Male,HR,Islamabad,22,51050,ahmed.malik@example.com,2022-05-10
E4350,Omar Raza,Male,,Lahore,50,85478,fatima.malik@example.com,2020-10-16
E4351,Sara Hussain,Female,Operations,Multan,47,66532,ahmed.raza@example.com,2022-07-04
E4352,Ahmed Hussain,Female,,Multan,30,36256,fatimaqureshiexample.com,2015-07-27
E4353,Sara Qureshi,Male,Marketing,Multan,51,68837,fatima.hussain@example.com,29/04/2016
E4354,Hina Iqbal,Male,Finance,Multan,37,89999,ayesha.sheikh@example.com,2015-06-20
E4355,Zain Ahmed,Female,HR,Faisalabad,32,69176,zain.qureshi@example.com,2021-05-08
E4356,Nida Iqbal,Female,IT,Faisalabad,45,37204,fatima.khan@example.com,2021-11-10
E4357,Nida Ahmed,Male,Operations,Faisalabad,43,49079,nida.raza@example.com,2018-06-14
E4358,Ahmed Qureshi,Male,HR,Karachi,35,34621,sara.raza@example.com,23/12/2017
E4359,Ali Hussain,Male,Sales,Lahore,32,35398,omar.malik@example.com,2015-07-07
E4360,Zain Ahmed,Female,Finance,Karachi,51,,ali.qureshi@example.com,2015-08-16
E4361,Ahmed Sheikh,Female,Marketing,Multan,41,73854,omar.qureshi@example.com,2015-05-31
E4362,Omar Sheikh,Female,,Islamabad,35,51182,ayesha.ahmed@example.com,2017-04-23
E4363,Ahmed Raza,Male,Marketing,Multan,36,32908,omar.iqbal@example.com,2017-04-13
E4364,Fatima Sheikh,Female,IT,Karachi,31,70988,hina.malik@example.com,2016-07-22
E4365,Ahmed Khan,Male,Finance,Lahore,47,66908,hina.hussain@example.com,15/03/2021
E4366,Ali Ahmed,Female,Finance,Karachi,32,87529,fatima.khan@example.com,2018-01-21
E4367,Nida Ahmed,Female,Operations,Karachi,30,74805,ayeshahussainexample.com,2022-10-10
E4368,Bilal Malik,Male,IT,Islamabad,43,50644,ayeshamalikexample.com,2021-02-01
E4369,Nida Raza,Male,Marketing,Islamabad,25,31559,nida.sheikh@example.com,2020-07-15
E4370,Ahmed Hussain,Male,Operations,Faisalabad,49,74007,hina.khan@example.com,2022-05-20
E4371,Ahmed Iqbal,Male,IT,,35,79405,omar.iqbal@example.com,2020-03-23
E4372,Omar Ahmed,Male,,Islamabad,41,71541,ahmed.malik@example.com,2016-11-25
E4373,  Sara Raza  ,Female,Operations,Faisalabad,55,40288,ayesha.iqbal@example.com,2022-04-22
E4374,  Hina Qureshi  ,Female,Finance,Karachi,35,88641,ahmed.raza@example.com,2020-04-08
E4375,Zain Iqbal,Male,Operations,,51,73630,ayesha.hussain@example.com,2018-05-04
E4376,Hina Sheikh,Male,,Faisalabad,37,31410,zain.raza@example.com,2019-11-23
E4377,Nida Iqbal,Male,Marketing,Islamabad,30,80490,fatima.iqbal@example.com,2020-11-05
E4378,  Ali Hussain  ,Female,Sales,Multan,36,30874,bilal.hussain@example.com,2017-11-14
E4379,Nida Khan,Male,Operations,Islamabad,22,63437,ali.iqbal@example.com,06/03/2020
E4380,Zain Sheikh,Male,,Multan,26,66417,fatima.iqbal@example.com,2018-03-20
E4381,Omar Khan,Male,,Karachi,38,60697,bilal.hussain@example.com,2021-02-08
E4382,Bilal Khan,Male,Marketing,Lahore,48,59291,fatima.malik@example.com,2017-12-13
E4383,Ali Malik,Female,,Faisalabad,38,85059,nida.malik@example.com,2018-02-03
E4384,Omar Hussain,Female,Finance,Karachi,49,54720,bilal.sheikh@example.com,14/06/2018
E4385,Fatima Iqbal,Female,Finance,Faisalabad,52,43750,omar.qureshi@example.com,2017-04-30
E4386,Fatima Qureshi,Female,Marketing,,45,64371,bilalkhanexample.com,2015-10-18
E4387,Omar Hussain,Male,IT,Islamabad,23,,omar.iqbal@example.com,2019-01-18
E4388,Hina Qureshi,Female,Operations,Faisalabad,37,74038,hina.qureshi@example.com,2020-10-27
E4389,Ahmed Ahmed,Female,IT,Lahore,55,50911,ayeshamalikexample.com,2021-09-14
E4390,Ahmed Khan,Female,Marketing,Faisalabad,25,66951,ali.qureshi@example.com,2015-02-12
E4391,Ali Sheikh,Male,Sales,,42,55701,ayesha.malik@example.com,2022-02-16
E4392,Fatima Iqbal,Female,Finance,Faisalabad,40,41800,omar.khan@example.com,2022-01-12
E4393,Ahmed Raza,Female,HR,Islamabad,27,56698,ahmed.qureshi@example.com,2017-08-24
E4394,Fatima Khan,Male,HR,Islamabad,42,80046,zain.ahmed@example.com,2019-11-03
E4395,Ali Hussain,Male,Operations,Lahore,32,44335,ahmed.malik@example.com,2017-12-24
E4396,  Ali Malik  ,Male,Sales,Islamabad,25,34735,fatima.malik@example.com,2020-02-01
E4397,Zain Malik,Male,Finance,Multan,35,61785,bilal.hussain@example.com,2016-12-13
E4398,Nida Iqbal,Male,Operations,Islamabad,53,85885,hinaahmedexample.com,2018-11-17
E4399,Ayesha Sheikh,Male,Sales,Karachi,28,36751,ayesha.sheikh@example.com,2020-01-09
E4400,Ahmed Sheikh,Female,,Multan,24,61784,bilal.raza@example.com,2016-01-12
E4401,Ayesha Iqbal,Male,,Multan,29,87301,ahmed.iqbal@example.com,2017-12-18
E4402,Ahmed Raza,Female,Finance,Karachi,23,77813,ayesha.raza@example.com,2015-07-03
E4403,Hina Hussain,Female,IT,Multan,39,Rs 51151,nida.raza@example.com,2021-09-04
E4404,Hina Raza,Female,Marketing,Faisalabad,39,58493,ayesha.khan@example.com,2018-08-04
E4405,Zain Malik,Female,Finance,,35,62561,sara.sheikh@example.com,18/12/2021
E4406,Sara Raza,Female,,Karachi,35,69906,ali.khan@example.com,2016-12-20
E4407,Ahmed Qureshi,Male,Operations,Islamabad,24,70293,ahmed.sheikh@example.com,2017-11-23
E4408,Ali Raza,Male,HR,Multan,45,58019,hina.ahmed@example.com,2019-06-17
E4409,Omar Raza,Male,Marketing,Islamabad,24,73238,ayeshaqureshiexample.com,2015-10-30
E4410,Fatima Raza,Male,Sales,Faisalabad,25,85854,ali.hussain@example.com,2018-06-19
E4411,Bilal Ahmed,Female,Marketing,Islamabad,37,30874,hina.hussain@example.com,2018-11-29
E4412,Zain Qureshi,Male,IT,Faisalabad,38,79912,sara.khan@example.com,2016-12-22
E4413,Bilal Malik,Male,Finance,Multan,24,30877,zain.raza@example.com,2016-05-01
E4414,Sara Ahmed,Female,Operations,Islamabad,48,40019,ahmed.iqbal@example.com,2015-11-10
E4415,Hina Raza,Female,HR,Multan,23,37528,ali.qureshi@example.com,2020-08-22
E4416,Sara Malik,Male,Sales,Multan,25,60451,fatima.sheikh@example.com,2022-06-12
E4417,Ayesha Hussain,Female,,Multan,55,42165,fatima.raza@example.com,2021-01-03
E4418,Nida Malik,Male,Operations,Faisalabad,52,42805,ali.iqbal@example.com,2019-12-05
E4419,Ahmed Malik,Male,Sales,Islamabad,47,40310,sara.hussain@example.com,2017-11-01
E4420,Hina Sheikh,Male,Sales,,54,49739,nida.sheikh@example.com,2020-06-16
E4421,Hina Qureshi,Male,Operations,Islamabad,40,31888,ahmed.raza@example.com,2021-07-08
E4422,Ahmed Malik,Female,IT,,55,50090,hina.hussain@example.com,2022-06-28
E4423,Sara Sheikh,Female,Sales,Multan,47,63561,ali.sheikh@example.com,2017-08-15
E4424,Omar Ahmed,Female,,Multan,45,81972,zain.ahmed@example.com,2019-04-28
E4425,Zain Ahmed,Male,,,42,65084,ahmed.ahmed@example.com,2019-03-10
E4426,Omar Iqbal,Male,,Lahore,55,53761,zain.qureshi@example.com,2016-11-07
E4427,Sara Iqbal,Female,HR,Islamabad,41,73703,omar.iqbal@example.com,2021-04-02
E4428,Zain Qureshi,Male,IT,Lahore,31,50913,sara.malik@example.com,2017-07-13
E4429,Ahmed Khan,Male,Operations,Faisalabad,32,62585,omar.malik@example.com,2017-10-26
E4430,Ahmed Raza,Male,IT,Multan,44,37482,fatima.khan@example.com,2015-11-26
E4431,Ali Hussain,Female,Marketing,Islamabad,33,81145,fatima.hussain@example.com,2017-09-18
E4432,Bilal Malik,Female,Operations,Lahore,51,57103,ali.raza@example.com,2019-08-18
E4433,Nida Iqbal,Female,Sales,Multan,50,Rs 36957,fatima.malik@example.com,2020-07-23
E4434,Ahmed Raza,Female,Sales,Multan,46,45857,ahmed.ahmed@example.com,2021-04-25
E4435,Zain Qureshi,Male,Operations,Faisalabad,55,70850,hina.khan@example.com,2015-09-11
E4436,Sara Ahmed,Female,IT,,44,71789,ayesha.iqbal@example.com,2019-10-15
E4437,Nida Hussain,Male,,Faisalabad,51,36591,ayesha.qureshi@example.com,2022-03-02
E4438,Ahmed Sheikh,Male,,Multan,43,67530,ayesha.ahmed@example.com,2016-09-28
E4439,Nida Qureshi,Female,Operations,Islamabad,45,42596,sara.iqbal@example.com,2018-06-16
E4440,Sara Sheikh,Male,Marketing,Islamabad,49,Rs 61683,fatima.khan@example.com,26/07/2019
E4441,Ahmed Sheikh,Female,Finance,Lahore,40,56901,nida.raza@example.com,2015-07-30
E4442,Hina Sheikh,Female,Operations,Lahore,41,45972,fatima.ahmed@example.com,2022-11-10
E4443,Hina Iqbal,Male,Sales,Islamabad,31,47651,ali.qureshi@example.com,2017-11-11
E4444,Ayesha Hussain,Female,Operations,Faisalabad,33,44313,zain.qureshi@example.com,2018-10-18
E4445,Ayesha Khan,Female,Finance,,53,46195,fatima.sheikh@example.com,2021-12-26
E4446,Hina Khan,Male,IT,Lahore,53,78455,bilal.raza@example.com,2021-06-15
E4447,Sara Qureshi,Male,Sales,Islamabad,43,Rs 82618,zain.raza@example.com,2015-03-19
E4448,Ali Hussain,Male,HR,Faisalabad,23,77920,zain.qureshi@example.com,2016-10-23
E4449,Bilal Sheikh,Female,IT,Karachi,27,43204,omar.malik@example.com,2018-03-17
E4450,Ahmed Malik,Male,Operations,Islamabad,35,74062,zain.raza@example.com,2021-03-24
E4451,Fatima Qureshi,Female,,Multan,31,86499,bilal.raza@example.com,2018-07-30
E4452,Fatima Hussain,Female,Finance,Faisalabad,45,45597,ali.iqbal@example.com,03/08/2018
E4453,Zain Ahmed,Male,,Multan,30,64862,hina.hussain@example.com,2018-02-22
E4454,Fatima Hussain,Male,Marketing,Lahore,48,31713,zain.iqbal@example.com,2020-10-22
E4455,Bilal Qureshi,Male,Marketing,Islamabad,50,86528,hina.malik@example.com,2015-08-21
E4456,Bilal Khan,Female,Operations,Karachi,41,32255,nida.khan@example.com,2020-07-21
E4457,Omar Raza,Male,HR,Multan,39,64322,fatima.ahmed@example.com,2019-10-29
E4458,Ayesha Ahmed,Male,,Islamabad,30,79845,bilal.khan@example.com,2015-02-23
E4459,Sara Iqbal,Male,Sales,Multan,33,74217,hina.iqbal@example.com,2021-06-10
E4460,Ahmed Raza,Female,Marketing,Faisalabad,33,,sara.sheikh@example.com,2016-03-20
E4461,Omar Malik,Male,,Multan,27,53444,ali.malik@example.com,2022-10-21
E4462,Bilal Qureshi,Female,Finance,Faisalabad,49,79653,hina.iqbal@example.com,2020-05-20
E4463,Bilal Sheikh,Female,Operations,Islamabad,46,44742,zain.iqbal@example.com,2016-02-11
E4464,Fatima Ahmed,Female,Operations,Lahore,25,69913,omar.ahmed@example.com,2020-04-23
E4465,Omar Hussain,Male,Marketing,,44,83037,bilal.hussain@example.com,02/02/2021
E4466,Ali Ahmed,Female,IT,Faisalabad,33,63219,ahmed.hussain@example.com,2017-08-07
E4467,Ahmed Iqbal,Female,Sales,Lahore,34,,bilal.ahmed@example.com,2022-02-15
E4468,Nida Ahmed,Female,HR,Islamabad,54,66934,zain.khan@example.com,2018-11-24
E4469,Ali Qureshi,Female,Operations,,28,75722,nida.sheikh@example.com,2015-01-07
E4470,Ayesha Qureshi,Male,Marketing,Multan,39,Rs 67708,sara.iqbal@example.com,2017-11-13
E4471,Bilal Hussain,Female,HR,Multan,50,84873,ali.sheikh@example.com,2019-06-11
E4472,Ayesha Hussain,Male,Sales,Lahore,26,81655,bilal.ahmed@example.com,2019-08-28
E4473,  Ahmed Hussain  ,Female,Operations,,40,56501,ayesha.ahmed@example.com,2015-02-22
E4474,Ali Raza,Male,HR,,33,71525,omar.malik@example.com,2015-01-25
E4475,Nida Malik,Male,IT,Multan,23,58629,nida.ahmed@example.com,2019-08-01
E4476,Zain Khan,Male,Finance,Karachi,36,59522,ali.malik@example.com,2018-11-30
E4477,Ali Khan,Male,Sales,Faisalabad,42,48537,fatima.ahmed@example.com,2020-12-10
E4478,Fatima Hussain,Male,HR,,51,37101,bilal.raza@example.com,2022-01-26
E4479,Bilal Sheikh,Female,Operations,Karachi,53,59473,saraqureshiexample.com,2016-09-23
E4480,Zain Sheikh,Female,HR,Faisalabad,50,85333,zainmalikexample.com,2021-03-29
E4481,Sara Iqbal,Male,,Islamabad,36,88601,ayesha.raza@example.com,2020-01-16
E4482,Ahmed Hussain,Female,HR,Lahore,29,69322,omar.raza@example.com,2019-05-27
E4483,Hina Ahmed,Male,Finance,,33,64925,ali.raza@example.com,2016-12-07
E4484,Omar Iqbal,Male,HR,Islamabad,38,65303,hina.hussain@example.com,2020-03-03
E4485,Ahmed Hussain,Male,Operations,Lahore,25,30925,ayesha.qureshi@example.com,2019-05-28
E4486,Nida Hussain,Female,IT,Multan,40,70366,ahmed.hussain@example.com,2022-11-17
E4487,Omar Ahmed,Male,Marketing,Karachi,37,47875,hina.qureshi@example.com,2017-11-15
E4488,Ayesha Raza,Female,Marketing,Multan,55,42400,nidaiqbalexample.com,2016-05-06
E4489,Omar Raza,Female,Finance,Islamabad,46,32287,ali.malik@example.com,2016-09-12
E4490,Ahmed Hussain,Female,HR,Lahore,35,77173,ahmed.sheikh@example.com,2019-09-16
E4491,Hina Sheikh,Male,Marketing,,46,67417,hina.khan@example.com,2017-01-03
E4492,Omar Malik,Female,Sales,,31,47347,nida.raza@example.com,2021-12-02
E4493,Hina Ahmed,Female,IT,Karachi,36,39378,ali.sheikh@example.com,2015-11-19
E4494,Fatima Qureshi,Male,HR,Lahore,26,77740,ayesha.iqbal@example.com,2020-04-04
E4495,Hina Iqbal,Female,Sales,,53,51034,sara.iqbal@example.com,2016-09-16
E4496,Hina Khan,Female,Sales,Faisalabad,43,71522,ayesha.iqbal@example.com,2022-08-04
E4497,Ali Iqbal,Female,,Karachi,44,64612,bilal.hussain@example.com,2022-09-08
E4498,Ayesha Hussain,Female,Operations,Karachi,35,36500,ali.iqbal@example.com,2021-02-13
E4499,Nida Ahmed,Male,Sales,Islamabad,35,59549,sara.qureshi@example.com,2020-12-02
E4500,Bilal Hussain,Female,Marketing,Karachi,51,56567,ayesha.malik@example.com,2017-12-13
E4501,Omar Sheikh,Male,Marketing,Lahore,34,32132,fatima.raza@example.com,2017-09-10
E4502,Ali Qureshi,Female,HR,Karachi,41,32195,ahmed.sheikh@example.com,2020-09-04
E4503,Bilal Qureshi,Female,IT,Karachi,52,44305,ahmed.khan@example.com,2017-06-12
E4504,Ahmed Khan,Male,Marketing,Faisalabad,51,83583,sara.malik@example.com,2022-02-17
E4505,Ahmed Ahmed,Female,,Lahore,49,82939,ahmed.khan@example.com,2021-11-06
E4506,Zain Qureshi,Female,Marketing,Karachi,35,58841,zain.iqbal@example.com,2017-06-16
E4507,Ali Malik,Female,Operations,Faisalabad,25,36477,hina.khan@example.com,2015-10-09
E4508,Bilal Khan,Male,Marketing,,49,39913,hinakhanexample.com,2015-06-03
E4509,Bilal Sheikh,Female,Operations,,42,89633,ayesha.malik@example.com,2021-05-28
E4510,Hina Sheikh,Female,Marketing,Islamabad,44,61060,ali.khan@example.com,2020-09-20
E4511,Ayesha Hussain,Male,,Islamabad,54,40312,fatima.khan@example.com,2019-11-19
E4512,Ali Qureshi,Male,HR,,31,63244,bilal.sheikh@example.com,2018-03-28
E4513,Sara Malik,Female,HR,Multan,51,75776,ayesha.iqbal@example.com,2015-03-22
E4514,Ayesha Malik,Female,Operations,Karachi,49,61626,fatima.iqbal@example.com,2022-08-18
E4515,Sara Raza,Female,Sales,Multan,44,49093,ali.hussain@example.com,2020-06-02
E4516,Ali Qureshi,Male,HR,Multan,41,58997,bilalahmedexample.com,2019-12-16
E4517,Ahmed Hussain,Male,Operations,Karachi,46,86507,bilal.ahmed@example.com,2020-09-06
E4518,Ayesha Raza,Female,Sales,Islamabad,26,65049,sara.iqbal@example.com,06/08/2016
E4519,Bilal Hussain,Male,Finance,,44,56339,ahmed.qureshi@example.com,2015-10-20
E4520,Hina Malik,Male,Sales,Lahore,53,72778,sara.hussain@example.com,2015-01-04
E4521,Ali Sheikh,Female,HR,Islamabad,36,77829,bilal.raza@example.com,2021-11-14
E4522,Sara Sheikh,Male,,Faisalabad,23,37600,ahmed.hussain@example.com,2017-01-31
E4523,Bilal Raza,Male,HR,Multan,37,80261,bilal.khan@example.com,02/12/2015
E4524,Zain Hussain,Female,HR,Islamabad,53,58316,zain.qureshi@example.com,2019-10-11
E4525,Nida Qureshi,Male,Finance,Faisalabad,54,63319,bilalrazaexample.com,2019-12-22
E4526,Zain Iqbal,Male,Marketing,Multan,42,55574,saramalikexample.com,2022-10-12
E4527,Ahmed Qureshi,Female,Operations,,55,40031,ahmed.sheikh@example.com,2015-11-11
E4528,  Omar Sheikh  ,Male,Sales,Lahore,28,73608,hina.khan@example.com,2019-02-05
E4529,Hina Malik,Male,Sales,Islamabad,39,83312,zain.khan@example.com,2022-12-25
E4530,  Ali Hussain  ,Male,Marketing,,41,39742,bilal.ahmed@example.com,2017-05-03
E4531,  Nida Qureshi  ,Male,Marketing,Lahore,30,40534,omarqureshiexample.com,2017-12-22
E4532,Fatima Sheikh,Female,Operations,Karachi,55,72189,ayesha.malik@example.com,2020-08-16
E4533,  Hina Hussain  ,Male,Sales,,34,37837,zain.iqbal@example.com,2021-10-27
E4534,Ayesha Ahmed,Male,Marketing,Faisalabad,48,63546,zain.qureshi@example.com,2016-02-15
E4535,Bilal Raza,Female,Sales,Islamabad,51,36649,hina.iqbal@example.com,2022-04-22
E4536,Bilal Iqbal,Male,Marketing,Islamabad,48,48986,fatima.qureshi@example.com,2016-08-05
E4537,Ayesha Sheikh,Male,,Islamabad,29,72981,sara.iqbal@example.com,2020-04-14
E4538,Nida Ahmed,Female,Operations,Faisalabad,23,45084,ayeshaahmedexample.com,2017-06-09
E4539,Ayesha Hussain,Male,,Faisalabad,51,54486,bilal.hussain@example.com,2019-07-03
E4540,Zain Iqbal,Male,,Karachi,42,60339,ahmed.malik@example.com,2020-12-27
E4541,Hina Iqbal,Male,,,23,62740,sara.malik@example.com,2021-06-19
E4542,Nida Sheikh,Male,Marketing,Faisalabad,42,61656,zain.raza@example.com,2019-07-12
E4543,Bilal Hussain,Female,Sales,Islamabad,47,35234,sara.malik@example.com,2018-03-27
E4544,Fatima Ahmed,Female,Operations,Karachi,27,38167,zainmalikexample.com,2017-12-30
E4545,  Omar Malik  ,Male,Marketing,,28,63715,nida.ahmed@example.com,2019-04-23
E4546,Ayesha Raza,Male,Finance,Karachi,44,84434,ayesha.hussain@example.com,17/10/2016
E4547,Ahmed Qureshi,Female,Operations,Islamabad,44,68130,ahmed.qureshi@example.com,2015-02-12
E4548,Hina Ahmed,Female,Finance,Faisalabad,45,58460,sara.khan@example.com,2015-04-06
E4549,Sara Malik,Female,IT,,28,46789,zain.sheikh@example.com,2020-09-12
E4550,Ayesha Iqbal,Female,Operations,Islamabad,24,84313,ayesha.malik@example.com,2021-11-30
E4551,Omar Malik,Female,Marketing,Faisalabad,53,52169,ali.raza@example.com,2015-08-13
E4552,  Zain Malik  ,Male,Marketing,Faisalabad,41,83712,omar.khan@example.com,2022-05-03
E4553,Ahmed Qureshi,Male,Sales,,29,72813,omar.sheikh@example.com,2020-03-24
E4554,Nida Khan,Female,HR,Faisalabad,55,50450,hinahussainexample.com,2015-11-13
E4555,Fatima Malik,Female,,,47,52363,omar.hussain@example.com,2019-03-27
E4556,Omar Sheikh,Male,HR,Faisalabad,46,70410,ayesha.khan@example.com,15/12/2021
E4557,Nida Raza,Female,Sales,Lahore,28,49098,fatima.ahmed@example.com,2022-09-27
E4558,Hina Qureshi,Male,HR,Multan,27,57713,ayesha.khan@example.com,2015-11-23
E4559,Sara Raza,Male,Marketing,Faisalabad,45,49196,ayesha.hussain@example.com,2018-05-25
E4560,Omar Raza,Male,IT,Islamabad,55,51620,fatima.malik@example.com,2020-05-29
E4561,Ali Malik,Female,Sales,Karachi,23,57232,ahmed.hussain@example.com,24/11/2021
E4562,Ayesha Khan,Female,IT,Islamabad,26,45559,bilal.hussain@example.com,2015-07-07
E4563,Omar Malik,Female,HR,,53,41268,hina.khan@example.com,2015-04-11
E4564,Bilal Qureshi,Female,,,26,75561,ahmed.qureshi@example.com,2020-07-07
E4565,Sara Qureshi,Female,,Faisalabad,54,43946,ali.sheikh@example.com,2019-04-06
E4566,Fatima Sheikh,Male,,,50,39916,omar.khan@example.com,2020-05-01
E4567,Hina Iqbal,Female,Operations,Islamabad,30,37160,sara.hussain@example.com,2017-04-12
E4568,Ahmed Malik,Female,Finance,Karachi,51,31565,hina.iqbal@example.com,2018-04-12
E4569,Bilal Hussain,Male,Finance,Karachi,22,49544,bilal.hussain@example.com,2015-06-02
E4570,Hina Raza,Female,Finance,Faisalabad,27,74271,omar.sheikh@example.com,2018-09-25
E4571,  Bilal Ahmed  ,Female,HR,,33,68656,ali.ahmed@example.com,2016-05-18
E4572,Zain Hussain,Female,IT,Multan,48,30084,ali.iqbal@example.com,2021-12-10
E4573,Fatima Malik,Male,,,54,54678,ali.iqbal@example.com,2020-08-31
E4574,Ayesha Hussain,Male,Sales,,35,87844,omar.malik@example.com,2021-02-23
E4575,Nida Raza,Male,,Islamabad,29,75794,hina.raza@example.com,2017-10-28
E4576,Nida Hussain,Male,Marketing,Lahore,44,49916,zain.raza@example.com,2020-04-09
E4577,Ali Malik,Female,,Karachi,47,42111,hina.malik@example.com,2019-08-03
E4578,  Zain Khan  ,Male,Operations,Lahore,32,61098,ali.sheikh@example.com,2021-04-12
E4579,Omar Hussain,Male,Finance,Faisalabad,38,Rs 31077,sara.hussain@example.com,2022-06-25
E4580,Ali Sheikh,Female,HR,,33,82192,ali.hussain@example.com,2020-07-19
E4581,Fatima Khan,Female,Sales,Lahore,25,85914,ayesha.khan@example.com,2018-10-18
E4582,Ahmed Khan,Male,Operations,Lahore,46,87140,sara.malik@example.com,2019-05-04
E4583,Ahmed Iqbal,Female,Marketing,Faisalabad,25,36457,nida.raza@example.com,2020-04-14
E4584,Nida Malik,Female,Operations,Lahore,45,76474,nida.malik@example.com,2020-02-24
E4585,Hina Sheikh,Male,HR,Multan,26,77663,omar.raza@example.com,2015-04-15
E4586,  Ali Malik  ,Female,,,28,57058,ayesha.malik@example.com,2018-11-10
E4587,Bilal Raza,Male,Marketing,Islamabad,47,50420,bilal.malik@example.com,2016-08-31
E4588,Omar Qureshi,Male,,Faisalabad,52,34494,zainhussainexample.com,2016-05-18
E4589,Sara Khan,Female,HR,Multan,48,38226,nida.raza@example.com,2021-05-08
E4590,Ali Raza,Female,,Karachi,22,42554,omar.hussain@example.com,22/01/2022
E4591,Omar Khan,Male,Marketing,Lahore,43,32168,hina.sheikh@example.com,2015-07-28
E4592,Ali Iqbal,Female,,Lahore,39,Rs 36236,zain.hussain@example.com,29/12/2017
E4593,Ayesha Iqbal,Female,Sales,Lahore,37,70136,zain.iqbal@example.com,2018-07-17
E4594,Bilal Sheikh,Female,Finance,Islamabad,43,69959,hina.malik@example.com,13/04/2020
E4595,Ahmed Ahmed,Female,,Faisalabad,31,75520,ayesha.ahmed@example.com,12/01/2022
E4596,Fatima Iqbal,Female,,Multan,47,48590,omar.raza@example.com,2015-11-08
E4597,Sara Raza,Male,Marketing,Karachi,30,30642,hina.sheikh@example.com,2020-10-22
E4598,Ali Raza,Female,Finance,Karachi,26,45139,sara.malik@example.com,2020-03-07
E4599,Bilal Khan,Male,,Multan,41,45720,fatima.iqbal@example.com,2022-01-12
E4600,Ali Raza,Male,,Lahore,50,46634,omar.iqbal@example.com,2015-07-22
E4601,Ahmed Khan,Male,,Faisalabad,27,45438,zain.iqbal@example.com,2020-07-21
E4602,  Ayesha Hussain  ,Female,HR,Faisalabad,22,73647,nida.ahmed@example.com,2020-02-14
E4603,Fatima Raza,Female,Sales,Faisalabad,30,34085,zain.sheikh@example.com,2016-07-29
E4604,Ayesha Iqbal,Female,Finance,,37,34638,omar.iqbal@example.com,2020-05-21
E4605,Ahmed Malik,Female,,Lahore,33,64224,ali.ahmed@example.com,07/11/2016
E4606,Bilal Raza,Female,,Lahore,53,51189,nida.sheikh@example.com,2015-07-20
E4607,Fatima Raza,Female,Sales,Islamabad,28,69873,sara.raza@example.com,2022-01-08
E4608,Zain Ahmed,Female,Finance,,24,82044,ali.khan@example.com,2017-08-21
E4609,Zain Raza,Male,IT,Lahore,52,51190,nida.raza@example.com,13/02/2021
E4610,Zain Ahmed,Female,IT,Islamabad,37,71531,ahmed.ahmed@example.com,2019-12-05
E4611,Bilal Malik,Female,HR,,30,Rs 42103,zain.raza@example.com,2019-01-25
E4612,Omar Qureshi,Female,Marketing,Islamabad,43,66469,ayesha.malik@example.com,2018-04-17
E4613,Sara Sheikh,Male,Operations,Faisalabad,50,68819,ahmed.hussain@example.com,2015-09-16
E4614,Bilal Raza,Male,IT,Multan,45,81910,ayeshasheikhexample.com,2015-01-09
E4615,Bilal Raza,Female,HR,,30,59346,ali.qureshi@example.com,2022-05-30
E4616,Ayesha Khan,Female,Operations,Lahore,29,76715,bilal.qureshi@example.com,2021-02-24
E4617,Hina Qureshi,Female,,Faisalabad,33,87505,ahmed.iqbal@example.com,2019-11-22
E4618,Ali Qureshi,Male,Marketing,,37,82059,bilal.qureshi@example.com,2022-06-30
E4619,Zain Hussain,Male,Finance,Multan,24,86503,nida.raza@example.com,2017-06-07
E4620,Zain Malik,Female,IT,,34,39677,hina.raza@example.com,2021-06-25
E4621,Nida Iqbal,Male,Finance,Islamabad,41,40100,ayesha.khan@example.com,31/10/2017
E4622,Omar Iqbal,Male,HR,Lahore,54,39100,fatima.raza@example.com,2019-07-31
E4623,Sara Raza,Male,IT,Lahore,25,34820,sara.iqbal@example.com,2016-06-20
E4624,Omar Khan,Male,,,42,86292,zain.khan@example.com,2020-09-30
E4625,Ali Ahmed,Male,Operations,Islamabad,48,46814,hina.iqbal@example.com,2017-11-14
E4626,Nida Ahmed,Female,Marketing,Faisalabad,38,65510,fatimaiqbalexample.com,2018-12-22
E4627,Zain Raza,Female,HR,Multan,35,58314,zain.malik@example.com,2020-05-30
E4628,Fatima Iqbal,Female,Sales,Islamabad,27,64406,bilal.malik@example.com,2016-08-04
E4629,Ali Malik,Male,,Faisalabad,50,39755,sara.hussain@example.com,2020-12-28
E4630,Zain Qureshi,Male,HR,Karachi,30,89752,nida.hussain@example.com,2015-05-01
E4631,Nida Hussain,Female,Marketing,Islamabad,27,40805,bilal.ahmed@example.com,2020-06-13
E4632,Omar Qureshi,Female,HR,,25,36112,sara.raza@example.com,2021-06-26
E4633,Sara Sheikh,Male,,Islamabad,39,64421,hina.ahmed@example.com,2017-11-15
E4634,Zain Hussain,Male,,Islamabad,47,72904,ali.khan@example.com,2015-05-01
E4635,Sara Hussain,Female,HR,Faisalabad,35,66829,nida.ahmed@example.com,2021-05-28
E4636,Omar Khan,Male,Marketing,,26,35492,ahmed.hussain@example.com,2021-05-14
E4637,Fatima Hussain,Male,Marketing,Islamabad,26,72638,bilal.khan@example.com,2018-07-08
E4638,Nida Khan,Female,HR,Karachi,55,75467,ahmed.raza@example.com,2015-11-10
E4639,Nida Ahmed,Male,Marketing,Lahore,46,81551,sara.hussain@example.com,2018-12-05
E4640,Ayesha Qureshi,Male,IT,Lahore,51,66834,bilal.qureshi@example.com,2015-08-12
E4641,Hina Khan,Male,HR,,23,60999,sara.hussain@example.com,2022-03-13
E4642,Fatima Qureshi,Male,Finance,Islamabad,26,46540,nida.malik@example.com,2021-05-15
E4643,Bilal Raza,Male,Marketing,Karachi,53,89489,nida.raza@example.com,2019-03-16
E4644,Nida Malik,Female,,Lahore,35,60601,omar.qureshi@example.com,2019-09-29
E4645,Nida Ahmed,Male,,,44,70740,fatima.hussain@example.com,2016-08-02
E4646,Hina Sheikh,Male,Marketing,Faisalabad,23,51605,zain.ahmed@example.com,2020-06-19
E4647,Zain Hussain,Female,HR,Islamabad,42,60636,ayesha.iqbal@example.com,2015-08-07
E4648,Ayesha Raza,Female,Sales,Lahore,41,71535,ahmed.raza@example.com,2018-05-25
E4649,Ayesha Khan,Male,IT,Faisalabad,40,80262,bilal.qureshi@example.com,2022-10-19
E4650,Ali Sheikh,Female,HR,Karachi,45,81672,omar.khan@example.com,2015-03-26
E4651,  Hina Ahmed  ,Female,Sales,Faisalabad,34,34116,zain.malik@example.com,2019-07-26
E4652,Sara Khan,Male,HR,,28,89142,bilal.raza@example.com,2015-06-27
E4653,  Zain Hussain  ,Male,HR,Multan,28,58163,ahmed.malik@example.com,2018-03-02
E4654,Fatima Khan,Female,Marketing,Islamabad,36,75815,omar.hussain@example.com,2016-11-11
E4655,Fatima Malik,Female,Operations,Islamabad,28,77059,omar.raza@example.com,2017-09-13
E4656,Hina Malik,Male,,Faisalabad,31,32639,ahmed.sheikh@example.com,2019-06-21
E4657,Sara Raza,Female,IT,Lahore,44,61077,sara.malik@example.com,2020-02-27
E4658,Fatima Iqbal,Male,Operations,Multan,40,65196,nida.khan@example.com,07/08/2015
E4659,Omar Hussain,Male,,Faisalabad,50,30739,nida.sheikh@example.com,2019-09-21
E4660,Fatima Ahmed,Male,Operations,Multan,22,83108,ahmed.sheikh@example.com,2019-10-03
E4661,Omar Ahmed,Female,Marketing,Karachi,53,46216,zain.khan@example.com,2018-07-02
E4662,Zain Khan,Female,Marketing,Islamabad,34,46182,ahmed.khan@example.com,2021-01-15
E4663,Ali Hussain,Female,IT,Islamabad,38,33139,ali.malik@example.com,2020-02-20
E4664,Nida Khan,Female,Marketing,Lahore,28,Rs 61969,ayesha.ahmed@example.com,2022-05-27
E4665,Sara Ahmed,Male,Operations,,37,33892,ahmed.malik@example.com,2021-05-01
E4666,Bilal Ahmed,Male,Finance,Islamabad,44,81698,nida.khan@example.com,14/02/2022
E4667,Omar Khan,Male,HR,Islamabad,23,79698,hina.sheikh@example.com,2017-07-23
E4668,Ayesha Iqbal,Male,IT,Lahore,43,79567,hinakhanexample.com,2016-02-18
E4669,Ahmed Malik,Female,IT,Islamabad,39,82060,ahmed.ahmed@example.com,2016-11-15
E4670,Sara Iqbal,Male,Sales,Lahore,22,46178,ayesha.ahmed@example.com,2018-03-05
E4671,Ahmed Khan,Female,Marketing,Faisalabad,50,54972,ali.ahmed@example.com,2017-08-28
E4672,Bilal Qureshi,Female,Marketing,Lahore,48,65817,ali.raza@example.com,2016-01-22
E4673,Sara Hussain,Male,HR,Faisalabad,38,30969,fatima.ahmed@example.com,2022-05-22
E4674,Fatima Raza,Female,IT,Karachi,52,47986,ali.sheikh@example.com,2022-03-03
E4675,Fatima Raza,Male,IT,Multan,29,76402,saraiqbalexample.com,2018-04-03
E4676,Ahmed Raza,Male,Marketing,Islamabad,46,54498,ahmed.malik@example.com,2021-10-22
E4677,Omar Ahmed,Male,Operations,Multan,30,67063,sara.qureshi@example.com,2020-09-13
E4678,Bilal Malik,Male,HR,Multan,39,71286,zain.khan@example.com,2016-08-09
E4679,Hina Raza,Male,IT,Lahore,34,44164,ali.khan@example.com,2021-11-24
E4680,Omar Raza,Male,Marketing,Multan,48,38004,fatima.malik@example.com,2020-05-18
E4681,Ayesha Raza,Female,Sales,Faisalabad,29,75299,omar.iqbal@example.com,2020-01-23
E4682,Omar Sheikh,Female,IT,Multan,34,45614,hina.hussain@example.com,2015-06-05
E4683,Zain Ahmed,Female,Marketing,,27,45804,sara.qureshi@example.com,2019-03-31
E4684,Ahmed Iqbal,Female,,Lahore,40,86848,ahmed.khan@example.com,2020-06-30
E4685,Ayesha Qureshi,Male,HR,,43,54538,ayesha.ahmed@example.com,2022-02-17
E4686,Sara Sheikh,Male,,Multan,36,69132,zain.hussain@example.com,2021-06-15
E4687,Ali Sheikh,Female,Finance,Lahore,40,36797,bilal.qureshi@example.com,2016-01-08
E4688,Zain Qureshi,Female,Finance,,22,66099,ahmed.hussain@example.com,2017-05-09
E4689,Ayesha Khan,Female,IT,Multan,51,38358,ahmed.raza@example.com,2017-01-17
E4690,Ali Sheikh,Male,,Faisalabad,30,83514,ahmed.ahmed@example.com,2021-07-21
E4691,Ayesha Iqbal,Female,IT,Islamabad,23,70801,nida.malik@example.com,2017-05-07
E4692,Fatima Sheikh,Female,Finance,Lahore,50,81571,ayesha.malik@example.com,2017-03-04
E4693,Bilal Raza,Female,HR,Karachi,38,81096,bilal.hussain@example.com,2019-05-17
E4694,Ahmed Ahmed,Female,IT,Islamabad,44,82450,ahmed.iqbal@example.com,2021-11-26
E4695,Fatima Malik,Female,Operations,Lahore,55,37749,ahmedmalikexample.com,2021-05-28
E4696,Ali Malik,Male,,Karachi,39,41769,hina.ahmed@example.com,2018-04-18
E4697,Fatima Qureshi,Female,Marketing,Faisalabad,43,71742,nida.sheikh@example.com,22/12/2022
E4698,Hina Iqbal,Female,IT,Islamabad,41,63665,ahmed.khan@example.com,2016-05-09
E4699,Hina Sheikh,Male,IT,Faisalabad,25,64507,sara.iqbal@example.com,2016-11-02
E4700,Nida Malik,Male,Sales,Karachi,33,32301,hina.malik@example.com,23/10/2016
E4701,Ali Ahmed,Male,Operations,Multan,30,,nida.raza@example.com,2018-12-06
E4702,Hina Iqbal,Female,Marketing,Faisalabad,32,69992,ahmed.qureshi@example.com,2018-08-22
E4703,Ayesha Hussain,Male,Marketing,Islamabad,50,33486,sara.khan@example.com,2017-02-08
E4704,Ahmed Raza,Female,,Islamabad,52,67533,fatima.sheikh@example.com,2018-01-10
E4705,Fatima Khan,Female,IT,Faisalabad,46,79833,ali.sheikh@example.com,2017-04-09
E4706,Bilal Iqbal,Male,IT,Islamabad,22,30430,zain.iqbal@example.com,2018-08-30
E4707,Omar Ahmed,Female,IT,Faisalabad,30,59696,omar.raza@example.com,2018-08-01
E4708,Ayesha Khan,Male,IT,Karachi,28,63481,hina.raza@example.com,2021-08-07
E4709,Sara Iqbal,Male,Finance,Multan,25,34743,omar.sheikh@example.com,2018-07-14
E4710,Nida Ahmed,Male,Sales,Multan,49,80785,ahmed.iqbal@example.com,2022-08-05
E4711,Zain Sheikh,Female,,,49,68738,ayesha.hussain@example.com,2016-08-30
E4712,Zain Qureshi,Female,Finance,Lahore,53,37368,ahmed.qureshi@example.com,2019-08-08
E4713,Ayesha Hussain,Female,Marketing,,30,Rs 42214,sara.sheikh@example.com,2020-04-22
E4714,Zain Malik,Male,Sales,Multan,43,30196,zain.khan@example.com,2016-06-08
E4715,Zain Sheikh,Male,IT,Faisalabad,33,40496,sara.hussain@example.com,2022-07-17
E4716,  Bilal Sheikh  ,Female,Marketing,Faisalabad,50,75086,sara.ahmed@example.com,2021-05-09
E4717,  Ali Raza  ,Male,IT,Karachi,34,79671,sara.raza@example.com,2022-03-12
E4718,Ali Ahmed,Male,Operations,Karachi,40,34227,fatima.iqbal@example.com,2017-09-04
E4719,Nida Iqbal,Female,Marketing,Multan,38,62015,bilal.malik@example.com,2015-06-05
E4720,Bilal Sheikh,Male,IT,Faisalabad,39,86481,ayesharazaexample.com,2017-03-02
E4721,Zain Malik,Male,Operations,,44,,nida.sheikh@example.com,2018-03-27
E4722,Ahmed Qureshi,Female,Marketing,Lahore,29,36616,hina.iqbal@example.com,2016-04-13
E4723,Hina Hussain,Female,Finance,Islamabad,24,68262,ahmed.khan@example.com,29/05/2015
E4724,Ayesha Hussain,Female,Marketing,Multan,47,85062,ali.qureshi@example.com,2019-03-01
E4725,Ahmed Ahmed,Female,Sales,Faisalabad,50,87495,ayesha.hussain@example.com,2016-03-19
E4726,Sara Malik,Female,IT,,53,45212,nida.khan@example.com,11/12/2015
E4727,Bilal Ahmed,Male,Finance,,41,82908,omar.raza@example.com,2017-06-01
E4728,Bilal Malik,Female,Operations,Islamabad,31,43236,nida.iqbal@example.com,2021-09-08
E4729,Fatima Khan,Male,Finance,Faisalabad,26,Rs 52900,sara.sheikh@example.com,2021-01-15
E4730,Bilal Ahmed,Male,HR,Lahore,22,54487,sara.sheikh@example.com,2016-12-23
E4731,Bilal Khan,Male,,Multan,34,67043,ahmed.malik@example.com,2022-12-27
E4732,Ali Raza,Female,,Lahore,22,44450,bilal.raza@example.com,2022-01-24
E4733,Omar Raza,Female,HR,Faisalabad,48,37779,ahmed.qureshi@example.com,2018-05-01
E4734,Zain Qureshi,Female,IT,,35,87598,zainrazaexample.com,2017-02-27
E4735,Ayesha Qureshi,Male,Operations,Karachi,39,78152,hina.malik@example.com,2015-10-22
E4736,Sara Malik,Female,Marketing,Multan,40,73197,nida.malik@example.com,2021-08-25
E4737,Sara Khan,Female,HR,Multan,34,66421,omar.ahmed@example.com,2019-06-04
E4738,Hina Raza,Male,Sales,Lahore,53,83555,hina.hussain@example.com,2018-01-02
E4739,Ali Iqbal,Female,Sales,Lahore,28,44390,bilal.khan@example.com,2020-09-10
E4740,Nida Iqbal,Female,Marketing,Lahore,23,40195,nida.qureshi@example.com,2016-03-23
E4741,Sara Ahmed,Male,,Karachi,55,33203,ahmed.iqbal@example.com,2016-07-22
E4742,Ayesha Hussain,Female,Sales,,38,41009,nida.sheikh@example.com,2015-10-19
E4743,Zain Qureshi,Female,IT,Karachi,32,85620,ali.ahmed@example.com,2022-07-11
E4744,Omar Ahmed,Male,Sales,Islamabad,43,50095,nida.raza@example.com,2017-10-22
E4745,Zain Malik,Male,HR,Lahore,50,64532,nida.hussain@example.com,2022-10-16
E4746,Zain Iqbal,Male,HR,,44,67204,omar.khan@example.com,2015-12-20
E4747,Fatima Raza,Male,,Karachi,39,66100,ahmed.malik@example.com,2020-09-04
E4748,Ahmed Sheikh,Female,Finance,Lahore,33,45068,nida.ahmed@example.com,2022-08-27
E4749,Fatima Malik,Male,,Faisalabad,36,53033,bilal.ahmed@example.com,2022-01-11
E4750,Omar Sheikh,Female,,Islamabad,51,59607,ali.khan@example.com,2017-05-21
E4751,Hina Qureshi,Female,,Islamabad,37,86830,omar.qureshi@example.com,2018-06-06
E4752,Sara Khan,Female,Finance,Faisalabad,43,89541,hina.raza@example.com,2019-01-29
E4753,Bilal Raza,Male,Marketing,,35,Rs 62390,omar.sheikh@example.com,2021-04-07
E4754,Omar Khan,Female,Marketing,Multan,38,36561,bilal.malik@example.com,2018-11-06
E4755,Fatima Hussain,Female,,Faisalabad,51,88578,hina.qureshi@example.com,2022-05-31
E4756,Omar Iqbal,Male,Finance,Lahore,30,44670,ali.malik@example.com,2021-01-01
E4757,Omar Iqbal,Male,Operations,Islamabad,41,58532,bilal.qureshi@example.com,2022-10-16
E4758,Ali Hussain,Male,Operations,Multan,55,78380,hina.hussain@example.com,2018-08-13
E4759,Sara Ahmed,Male,HR,Karachi,48,73480,omar.malik@example.com,12/10/2020
E4760,Ali Hussain,Male,HR,,55,31954,omar.sheikh@example.com,2022-11-02
E4761,Sara Sheikh,Female,,Islamabad,54,50737,bilal.qureshi@example.com,2015-04-20
E4762,Ahmed Ahmed,Male,Sales,Faisalabad,34,65413,zain.qureshi@example.com,2015-08-24
E4763,Bilal Khan,Male,Marketing,Islamabad,32,84461,ayesha.malik@example.com,2016-07-25
E4764,Ali Iqbal,Male,Marketing,Karachi,32,64661,bilal.sheikh@example.com,2021-04-28
E4765,Fatima Ahmed,Male,,Faisalabad,43,64988,ahmed.sheikh@example.com,2017-05-15
E4766,Bilal Malik,Female,Operations,Islamabad,36,68499,bilal.ahmed@example.com,2021-04-13
E4767,Bilal Raza,Female,IT,,43,34811,ali.malik@example.com,01/10/2015
E4768,Sara Sheikh,Female,HR,,23,74920,omar.khan@example.com,2019-10-24
E4769,Omar Raza,Male,Sales,Multan,33,67670,sara.sheikh@example.com,2022-07-19
E4770,Ayesha Ahmed,Female,HR,Karachi,33,75566,bilalhussainexample.com,2018-10-11
E4771,Sara Raza,Male,IT,Karachi,50,78779,nida.malik@example.com,2015-07-24
E4772,Ali Khan,Male,Finance,Multan,50,79007,ali.sheikh@example.com,2018-05-30
E4773,Bilal Malik,Male,IT,Islamabad,38,48270,fatima.khan@example.com,2018-11-02
E4774,Hina Khan,Female,Finance,Faisalabad,47,82804,bilal.sheikh@example.com,2017-02-24
E4775,Zain Khan,Female,Sales,Faisalabad,22,84899,hina.iqbal@example.com,2018-09-09
E4776,Sara Khan,Male,,,34,36894,sara.ahmed@example.com,2019-02-25
E4777,Ahmed Iqbal,Male,,,36,30443,ayesha.iqbal@example.com,2022-05-23
E4778,Ayesha Hussain,Female,Marketing,Islamabad,55,34631,ahmed.raza@example.com,2016-10-14
E4779,Ahmed Malik,Female,Sales,Faisalabad,38,78432,zain.malik@example.com,18/06/2018
E4780,  Omar Khan  ,Female,IT,,53,70210,omar.iqbal@example.com,2018-09-23
E4781,Bilal Sheikh,Female,Operations,Lahore,29,73086,nida.khan@example.com,2020-09-12
E4782,Nida Iqbal,Male,,Karachi,36,64622,nida.ahmed@example.com,2018-05-26
E4783,Nida Hussain,Male,,,52,70179,ahmed.iqbal@example.com,2017-01-01
E4784,Omar Khan,Female,,Faisalabad,22,Rs 46031,alihussainexample.com,2017-07-01
E4785,Hina Raza,Female,,,43,35237,ali.sheikh@example.com,2017-07-28
E4786,Nida Qureshi,Male,,Multan,55,39639,hina.qureshi@example.com,2015-04-18
E4787,Omar Malik,Female,HR,,53,83087,omar.iqbal@example.com,2018-02-03
E4788,Omar Hussain,Male,Operations,Faisalabad,53,,zain.ahmed@example.com,2017-01-30
E4789,Bilal Raza,Female,Finance,Multan,43,48831,sarakhanexample.com,2021-11-23
E4790,Hina Iqbal,Female,Marketing,Lahore,30,31368,zainqureshiexample.com,2019-08-26
E4791,Bilal Malik,Female,HR,Lahore,32,81120,ahmed.hussain@example.com,29/10/2022
E4792,Nida Khan,Female,Marketing,Faisalabad,33,73859,ahmed.iqbal@example.com,2020-04-08
E4793,Sara Qureshi,Female,,Faisalabad,27,31199,zain.hussain@example.com,2018-01-04
E4794,Nida Malik,Male,Sales,Lahore,32,62406,sara.ahmed@example.com,2019-04-12
E4795,Fatima Sheikh,Male,HR,,24,55286,zain.sheikh@example.com,2019-09-16
E4796,Ahmed Malik,Male,IT,,24,72431,hina.khan@example.com,2016-01-19
E4797,Sara Qureshi,Male,Sales,,41,52165,bilal.hussain@example.com,2021-08-23
E4798,Ahmed Sheikh,Male,Operations,,22,44562,fatima.khan@example.com,2022-06-07
E4799,Hina Raza,Female,Operations,,31,45226,hina.raza@example.com,2015-02-06
E4800,Hina Hussain,Female,Finance,Lahore,35,63902,ahmed.sheikh@example.com,2018-05-24
E4801,  Fatima Sheikh  ,Female,Operations,Lahore,39,43620,nida.malik@example.com,2021-03-28
E4802,Nida Iqbal,Male,,,30,56310,zain.qureshi@example.com,2021-03-26
E4803,Zain Raza,Male,,Karachi,25,61345,bilal.ahmed@example.com,2022-11-11
E4804,Hina Qureshi,Male,Finance,Karachi,34,84747,sara.malik@example.com,2020-07-17
E4805,Sara Ahmed,Female,Operations,Multan,36,84857,ayesha.hussain@example.com,2022-02-02
E4806,Hina Malik,Male,HR,Faisalabad,52,79992,hina.khan@example.com,2017-08-11
E4807,Omar Malik,Female,Sales,Islamabad,35,57565,bilal.malik@example.com,2019-12-21
E4808,Ali Sheikh,Male,IT,,41,59086,fatima.hussain@example.com,2017-04-04
E4809,Ahmed Sheikh,Female,Marketing,Karachi,45,58978,ahmed.malik@example.com,2017-09-05
E4810,Ahmed Khan,Male,Operations,Karachi,35,30358,omar.hussain@example.com,2021-10-01
E4811,Hina Sheikh,Female,Finance,Karachi,44,74262,ali.qureshi@example.com,2020-09-01
E4812,Bilal Qureshi,Male,Marketing,Lahore,24,,omar.qureshi@example.com,2018-08-24
E4813,Bilal Iqbal,Female,IT,Islamabad,25,89135,fatima.qureshi@example.com,2018-01-24
E4814,Zain Malik,Female,HR,Karachi,30,Rs 87998,ahmedsheikhexample.com,2021-12-26
E4815,Zain Hussain,Female,,Karachi,28,53268,sara.ahmed@example.com,2017-06-27
E4816,Nida Ahmed,Male,Finance,Islamabad,42,30603,zain.sheikh@example.com,2020-07-17
E4817,Ayesha Sheikh,Female,HR,Lahore,48,87206,nida.sheikh@example.com,2015-11-06
E4818,Sara Ahmed,Female,Operations,,37,73963,nida.iqbal@example.com,2019-12-03
E4819,Zain Qureshi,Female,,Multan,34,57687,fatima.sheikh@example.com,2019-12-08
E4820,Fatima Sheikh,Male,IT,Lahore,47,39566,fatima.qureshi@example.com,2022-04-27
E4821,Hina Khan,Male,HR,,46,76344,ahmed.raza@example.com,2018-05-31
E4822,Ayesha Sheikh,Female,Sales,Multan,48,67887,ayesha.qureshi@example.com,2019-10-23
E4823,Ali Hussain,Male,HR,Lahore,39,71690,hina.sheikh@example.com,2020-03-04
E4824,Sara Malik,Male,IT,Karachi,34,58534,nida.khan@example.com,2018-02-04
E4825,Fatima Malik,Male,Operations,Multan,48,68443,fatima.hussain@example.com,2019-12-27
E4826,Hina Sheikh,Male,HR,Faisalabad,43,78266,sara.raza@example.com,2022-02-14
E4827,Bilal Raza,Female,Operations,Multan,54,44335,nida.hussain@example.com,2019-02-16
E4828,Ali Raza,Female,Finance,Faisalabad,46,30817,ayesha.raza@example.com,2019-05-20
E4829,Omar Hussain,Male,Marketing,Multan,41,39052,sara.iqbal@example.com,2016-09-14
E4830,Omar Hussain,Female,,Karachi,26,81257,omar.khan@example.com,2020-12-19
E4831,Sara Malik,Male,IT,Karachi,52,49696,hina.raza@example.com,2016-05-24
E4832,Ahmed Raza,Female,,,42,31530,zain.malik@example.com,2022-10-12
E4833,Zain Malik,Male,HR,Faisalabad,29,72599,zain.qureshi@example.com,2017-10-23
E4834,Bilal Iqbal,Male,HR,Multan,36,Rs 57944,sara.ahmed@example.com,2016-02-11
E4835,Nida Hussain,Female,Sales,Faisalabad,41,79114,zain.iqbal@example.com,2015-10-30
E4836,Nida Qureshi,Male,Marketing,,40,31238,omar.raza@example.com,14/11/2018
E4837,Ali Raza,Male,IT,Lahore,42,84939,ahmediqbalexample.com,2022-07-19
E4838,Ahmed Sheikh,Male,HR,Faisalabad,42,85747,bilal.khan@example.com,2022-10-13
E4839,Hina Khan,Male,Sales,,37,36161,ali.qureshi@example.com,2015-05-18
E4840,Ali Sheikh,Male,Marketing,Lahore,32,75509,omar.ahmed@example.com,2015-02-15
E4841,Hina Iqbal,Female,Operations,Karachi,46,38985,sara.raza@example.com,2021-09-27
E4842,Fatima Hussain,Male,Sales,,53,81812,zain.hussain@example.com,2020-12-01
E4843,Ahmed Raza,Female,Sales,Karachi,53,38299,fatima.khan@example.com,2017-05-31
E4844,Omar Iqbal,Female,IT,Karachi,34,49445,zain.sheikh@example.com,2019-08-17
E4845,Fatima Hussain,Female,Sales,,53,87390,ahmed.khan@example.com,2022-10-29
E4846,Fatima Malik,Male,HR,Lahore,42,Rs 50322,nida.qureshi@example.com,2019-04-06
E4847,Sara Sheikh,Female,,Faisalabad,41,83594,ahmed.hussain@example.com,2019-04-01
E4848,Zain Sheikh,Male,Sales,Karachi,31,87140,hina.raza@example.com,2019-01-09
E4849,Bilal Qureshi,Female,Operations,Karachi,35,61973,fatima.qureshi@example.com,2017-04-05
E4850,Zain Malik,Female,,Lahore,27,47563,ali.malik@example.com,2017-01-04
E4851,Omar Ahmed,Female,IT,Islamabad,54,Rs 33431,ayesha.iqbal@example.com,2021-07-22
E4852,Fatima Qureshi,Male,HR,Islamabad,55,Rs 30240,sarakhanexample.com,2017-10-13
E4853,Fatima Iqbal,Female,Sales,Faisalabad,47,64763,ahmed.sheikh@example.com,2018-12-24
E4854,Bilal Raza,Female,HR,Islamabad,28,61696,bilal.khan@example.com,2020-10-16
E4855,Ayesha Khan,Male,IT,,47,77398,ayeshasheikhexample.com,2019-12-07
E4856,  Fatima Raza  ,Male,,,48,89676,fatimaahmedexample.com,2020-10-06
E4857,Zain Ahmed,Male,Finance,Karachi,47,38804,fatima.iqbal@example.com,2022-06-20
E4858,Fatima Hussain,Male,IT,Islamabad,36,37536,bilal.qureshi@example.com,2016-08-01
E4859,  Ali Hussain  ,Female,Sales,Lahore,37,84418,fatima.hussain@example.com,2018-03-03
E4860,Zain Qureshi,Female,Finance,Faisalabad,41,41131,omar.malik@example.com,2016-09-21
E4861,Zain Hussain,Female,Marketing,Multan,33,61892,ayesha.malik@example.com,2021-06-05
E4862,Nida Khan,Male,IT,Faisalabad,54,83302,bilal.sheikh@example.com,2022-04-14
E4863,Hina Qureshi,Male,IT,Faisalabad,24,62769,bilal.malik@example.com,2015-10-26
E4864,  Hina Malik  ,Female,HR,Lahore,27,58342,ahmed.qureshi@example.com,2021-04-09
E4865,Ali Sheikh,Male,,Multan,28,53648,ali.khan@example.com,2022-01-04
E4866,Ayesha Sheikh,Female,Operations,Islamabad,43,88391,ahmed.raza@example.com,2018-08-08
E4867,Ahmed Khan,Female,Operations,Faisalabad,38,50700,omar.sheikh@example.com,2021-03-10
E4868,Ali Ahmed,Female,HR,Islamabad,29,56389,sara.hussain@example.com,2020-12-29
E4869,Bilal Hussain,Male,IT,Multan,46,Rs 75103,omar.iqbal@example.com,2022-06-05
E4870,Sara Khan,Female,Operations,Lahore,54,65844,ayesha.khan@example.com,2022-09-30
E4871,Fatima Sheikh,Male,Finance,Lahore,33,64738,ali.sheikh@example.com,2017-02-02
E4872,Nida Ahmed,Female,Marketing,Islamabad,40,35068,bilal.khan@example.com,2022-07-17
E4873,Omar Iqbal,Female,,Karachi,51,60110,ali.qureshi@example.com,2021-06-05
E4874,Ali Malik,Male,,,51,54328,nidaahmedexample.com,2020-12-09
E4875,Bilal Sheikh,Male,IT,Islamabad,22,67360,bilal.qureshi@example.com,2021-10-26
E4876,Ahmed Sheikh,Female,IT,Faisalabad,44,83699,sara.raza@example.com,2016-06-23
E4877,Zain Raza,Male,HR,Faisalabad,38,Rs 33736,nida.ahmed@example.com,2016-07-25
E4878,Omar Sheikh,Female,HR,Lahore,29,,bilal.khan@example.com,09/03/2021
E4879,Ali Hussain,Male,IT,Lahore,26,63980,zain.raza@example.com,19/08/2022
E4880,Fatima Malik,Male,IT,,38,33376,ayesha.sheikh@example.com,2021-08-29
E4881,Nida Malik,Male,,,24,67879,bilal.malik@example.com,2020-03-16
E4882,Hina Malik,Male,Marketing,Karachi,49,61368,ayesha.iqbal@example.com,2021-06-09
E4883,Ahmed Sheikh,Male,Operations,Faisalabad,45,45374,ayesha.ahmed@example.com,2019-05-10
E4884,Ayesha Ahmed,Female,HR,Islamabad,39,83861,omar.sheikh@example.com,2021-03-27
E4885,Ali Sheikh,Male,Operations,Karachi,53,69202,bilal.iqbal@example.com,2022-03-30
E4886,Sara Ahmed,Female,Marketing,Karachi,47,77197,bilal.qureshi@example.com,2021-04-25
E4887,Sara Hussain,Male,,Islamabad,44,40405,ahmed.ahmed@example.com,2017-06-30
E4888,Sara Sheikh,Female,IT,Lahore,28,45891,ahmed.khan@example.com,2015-07-05
E4889,Omar Hussain,Male,HR,Multan,33,32422,ali.malik@example.com,2017-04-30
E4890,Ayesha Ahmed,Female,,Lahore,49,48753,sara.ahmed@example.com,2019-10-20
E4891,Sara Hussain,Male,Sales,,52,77675,ayesha.malik@example.com,2020-04-09
E4892,Ayesha Hussain,Male,Sales,Lahore,39,43504,zain.khan@example.com,2016-08-16
E4893,Hina Hussain,Male,,Faisalabad,23,70239,sara.raza@example.com,2021-09-29
E4894,Fatima Ahmed,Female,HR,,51,38915,ayesha.qureshi@example.com,2019-06-02
E4895,Bilal Qureshi,Female,Marketing,Karachi,44,66197,omar.malik@example.com,2018-11-20
E4896,Ayesha Khan,Male,Operations,,36,79655,sara.qureshi@example.com,2017-01-03
E4897,Nida Iqbal,Male,Marketing,Lahore,44,35152,nida.iqbal@example.com,2017-03-03
E4898,Nida Raza,Female,,Karachi,28,51745,hinaqureshiexample.com,2022-08-12
E4899,Omar Ahmed,Male,Operations,Multan,34,39415,zain.malik@example.com,2018-07-11
E4900,Zain Raza,Female,Marketing,Multan,54,42903,fatima.iqbal@example.com,2020-06-30
E4901,Bilal Hussain,Female,HR,,37,Rs 76346,zain.qureshi@example.com,2020-03-01
E4902,Sara Hussain,Male,HR,Islamabad,38,78804,ahmed.raza@example.com,2016-09-22
E4903,Zain Khan,Male,Marketing,Karachi,45,49088,hina.sheikh@example.com,2018-04-08
E4904,Bilal Sheikh,Male,,Islamabad,48,47606,omar.raza@example.com,2021-04-30
E4905,Hina Ahmed,Male,Marketing,Lahore,32,72263,ali.khan@example.com,2020-03-18
E4906,Omar Khan,Male,Operations,Karachi,35,70813,fatima.malik@example.com,2021-11-03
E4907,Ahmed Ahmed,Male,Finance,Lahore,36,58996,sara.malik@example.com,2016-08-01
E4908,Ali Sheikh,Female,,Islamabad,41,Rs 64212,nida.iqbal@example.com,2017-03-04
E4909,Fatima Ahmed,Female,IT,,42,47186,omar.raza@example.com,2021-05-29
E4910,Ahmed Sheikh,Male,Sales,,49,Rs 82580,omar.ahmed@example.com,2018-02-11
E4911,Zain Sheikh,Male,Finance,Multan,43,68686,sara.hussain@example.com,2019-03-03
E4912,Ayesha Khan,Male,HR,Faisalabad,28,61315,hina.raza@example.com,2018-10-26
E4913,Nida Qureshi,Female,Marketing,Karachi,43,35629,omar.sheikh@example.com,2015-12-10
E4914,Omar Iqbal,Female,,Islamabad,31,79898,zain.sheikh@example.com,2018-03-13
E4915,Sara Hussain,Female,Marketing,,31,59277,ayesha.iqbal@example.com,10/01/2015
E4916,Nida Ahmed,Female,HR,,35,80019,ali.iqbal@example.com,2016-03-13
E4917,  Omar Hussain  ,Female,IT,Lahore,25,35441,fatima.raza@example.com,2021-07-23
E4918,Sara Malik,Female,HR,Multan,41,36341,fatima.qureshi@example.com,2018-07-13
E4919,Zain Iqbal,Female,Sales,Karachi,53,52327,ayeshahussainexample.com,30/08/2016
E4920,Ayesha Sheikh,Male,Operations,Karachi,47,67691,hina.raza@example.com,2016-07-08
E4921,Nida Raza,Male,IT,Karachi,24,61149,fatima.sheikh@example.com,2017-05-05
E4922,Nida Sheikh,Female,Operations,Islamabad,43,63530,bilal.ahmed@example.com,2020-04-03
E4923,Fatima Khan,Male,Sales,Faisalabad,49,69991,fatima.khan@example.com,2020-08-12
E4924,Zain Sheikh,Male,IT,Lahore,50,Rs 52941,nida.sheikh@example.com,2018-04-25
E4925,Hina Iqbal,Male,Finance,Karachi,48,,ali.iqbal@example.com,2019-01-16
E4926,Ali Sheikh,Female,Sales,Multan,45,42761,sara.raza@example.com,2019-09-09
E4927,Ayesha Hussain,Female,Operations,Faisalabad,49,54252,omar.qureshi@example.com,2017-01-30
E4928,Ayesha Raza,Female,HR,Karachi,27,77438,ahmed.khan@example.com,2017-01-24
E4929,Omar Malik,Male,Sales,Karachi,32,41865,bilal.ahmed@example.com,2022-10-06
E4930,  Ayesha Ahmed  ,Female,IT,Lahore,39,Rs 87902,hina.qureshi@example.com,2018-11-25
E4931,Ayesha Ahmed,Female,Operations,Lahore,35,51267,ayesha.malik@example.com,2015-03-14
E4932,Bilal Iqbal,Female,Marketing,,36,,omar.sheikh@example.com,2015-03-06
E4933,Hina Iqbal,Male,Marketing,Islamabad,41,49256,ayesharazaexample.com,2018-05-17
E4934,Sara Malik,Female,Operations,Karachi,38,,bilal.khan@example.com,2016-11-19
E4935,Fatima Sheikh,Male,Operations,Faisalabad,28,53749,sara.ahmed@example.com,2022-05-01
E4936,Fatima Hussain,Male,IT,,41,70510,bilal.qureshi@example.com,2016-01-11
E4937,Omar Iqbal,Male,Operations,Multan,46,33101,ayesha.malik@example.com,22/07/2016
E4938,Fatima Qureshi,Male,Sales,Faisalabad,53,89504,sara.iqbal@example.com,2015-12-29
E4939,Nida Khan,Male,Operations,Multan,46,82863,omar.iqbal@example.com,2019-02-13
E4940,Nida Sheikh,Male,Marketing,Faisalabad,35,Rs 36535,fatima.hussain@example.com,2019-04-04
E4941,Fatima Ahmed,Male,Finance,Islamabad,54,45243,ayesha.hussain@example.com,2016-04-30
E4942,Ali Iqbal,Male,Sales,Islamabad,31,,sara.ahmed@example.com,2016-12-01
E4943,Sara Sheikh,Female,HR,Multan,45,73651,bilal.hussain@example.com,2017-10-18
E4944,Ali Raza,Male,HR,Karachi,32,49974,ahmed.ahmed@example.com,2020-04-11
E4945,Ahmed Ahmed,Male,Finance,Lahore,28,77235,zain.malik@example.com,2020-01-22
E4946,Ayesha Iqbal,Male,HR,Lahore,40,83632,hina.khan@example.com,2022-02-08
E4947,Zain Iqbal,Female,Finance,Multan,36,56156,zain.malik@example.com,2020-05-26
E4948,Hina Khan,Female,HR,Multan,52,Rs 39011,zain.ahmed@example.com,2016-03-21
E4949,Omar Sheikh,Male,Sales,Lahore,35,87819,zain.ahmed@example.com,2019-12-09
E4950,Bilal Malik,Male,HR,,43,85615,sara.ahmed@example.com,16/12/2020
E4951,Ahmed Ahmed,Female,Operations,Lahore,32,40832,omar.iqbal@example.com,2016-08-23
E4952,Ahmed Iqbal,Male,,Multan,25,55083,hina.sheikh@example.com,2021-09-25
E4953,Ali Sheikh,Female,IT,Karachi,55,44868,ayesha.ahmed@example.com,2019-09-29
E4954,Nida Iqbal,Male,,Lahore,36,39378,ayesha.iqbal@example.com,2021-12-20
E4955,Ali Qureshi,Male,Marketing,Faisalabad,27,83524,bilal.ahmed@example.com,2016-06-04
E4956,Omar Iqbal,Male,HR,Karachi,27,77414,omar.sheikh@example.com,2015-10-20
E4957,Zain Iqbal,Female,Marketing,Lahore,47,69143,fatima.iqbal@example.com,2018-12-16
E4958,Ahmed Qureshi,Female,Sales,Karachi,54,33552,bilalmalikexample.com,2020-12-05
E4959,Hina Ahmed,Male,IT,Islamabad,48,68044,fatima.qureshi@example.com,2017-08-31
E4960,Fatima Malik,Female,IT,Lahore,50,,bilalkhanexample.com,2020-11-07
E4961,Omar Iqbal,Female,IT,Multan,38,32021,fatima.raza@example.com,2017-11-18
E4962,  Ahmed Sheikh  ,Male,Marketing,,38,86571,nida.iqbal@example.com,2019-05-13
E4963,Nida Hussain,Male,Finance,Multan,50,84250,hina.iqbal@example.com,2015-07-09
E4964,Nida Qureshi,Male,,Multan,55,83988,zain.raza@example.com,2016-04-21
E4965,  Hina Hussain  ,Male,Finance,Islamabad,49,52374,ali.qureshi@example.com,2017-05-10
E4966,Hina Qureshi,Male,Operations,,55,53728,bilal.sheikh@example.com,2016-07-06
E4967,Nida Ahmed,Female,Sales,,50,53935,zain.qureshi@example.com,2016-10-19
E4968,Fatima Hussain,Male,IT,,34,85882,zain.ahmed@example.com,29/10/2017
E4969,Ali Hussain,Female,Sales,Islamabad,30,41183,bilal.ahmed@example.com,2019-12-31
E4970,  Fatima Iqbal  ,Male,Operations,,22,45571,hina.malik@example.com,2018-06-15
E4971,Fatima Hussain,Male,Marketing,Karachi,51,71907,omar.hussain@example.com,2015-10-26
E4972,Nida Malik,Female,Marketing,Multan,26,,nida.hussain@example.com,2021-11-01
E4973,Ali Iqbal,Female,Sales,Karachi,27,41166,nida.sheikh@example.com,2017-03-04
E4974,Ahmed Malik,Male,Operations,Faisalabad,28,30954,fatima.malik@example.com,2015-03-31
E4975,Ayesha Qureshi,Female,HR,Karachi,47,47237,omar.malik@example.com,2017-02-25
E4976,Zain Ahmed,Female,IT,Lahore,38,38005,sara.hussain@example.com,2016-11-30
E4977,Nida Raza,Female,Sales,,38,73124,omar.iqbal@example.com,2020-06-06
E4978,  Bilal Qureshi  ,Male,IT,Karachi,29,43872,ahmed.sheikh@example.com,2015-01-18
E4979,  Fatima Ahmed  ,Female,,,31,47568,bilal.malik@example.com,2017-02-02
E4980,Nida Malik,Male,Sales,Islamabad,47,56230,ali.qureshi@example.com,2019-07-18
E4981,Ahmed Ahmed,Male,,Lahore,53,41168,ahmed.khan@example.com,26/09/2015
E4982,Zain Iqbal,Female,IT,,27,58407,bilal.hussain@example.com,2020-04-10
E4983,Ayesha Hussain,Female,Finance,Lahore,54,72605,bilal.sheikh@example.com,2019-09-10
E4984,Ahmed Iqbal,Female,Finance,Lahore,51,30710,hina.hussain@example.com,2017-07-06
E4985,Sara Hussain,Female,Sales,Karachi,25,54719,fatima.sheikh@example.com,2017-05-16
E4986,Nida Raza,Female,HR,Islamabad,29,84505,ayesha.ahmed@example.com,2017-04-02
E4987,Ali Ahmed,Male,IT,Islamabad,43,59233,ayesha.ahmed@example.com,2020-04-26
E4988,Sara Iqbal,Female,IT,Faisalabad,36,81814,sara.khan@example.com,2018-12-14
E4989,Ayesha Hussain,Female,HR,Multan,51,47825,sara.khan@example.com,2022-11-19
E4990,Ali Iqbal,Male,HR,Faisalabad,39,41686,sara.sheikh@example.com,2019-07-13
E4991,  Zain Hussain  ,Male,HR,,23,63718,bilal.qureshi@example.com,2016-08-26
E4992,Sara Khan,Male,Finance,Faisalabad,44,53822,fatima.hussain@example.com,2020-05-16
E4993,Ayesha Hussain,Female,,Islamabad,39,55905,omar.sheikh@example.com,2016-04-30
E4994,Nida Ahmed,Female,,Lahore,26,68931,ali.iqbal@example.com,2020-05-21
E4995,Sara Khan,Male,,Faisalabad,26,41925,fatima.sheikh@example.com,2018-03-24
E4996,Sara Malik,Female,Marketing,Karachi,41,60053,hina.malik@example.com,2022-06-05
E4997,Nida Qureshi,Male,Finance,Faisalabad,42,58426,sara.ahmed@example.com,2021-06-16
E4998,Nida Ahmed,Male,Finance,Lahore,29,55824,hina.ahmed@example.com,2015-12-07
E4999,Hina Khan,Male,Sales,Faisalabad,29,38462,sara.ahmed@example.com,2019-06-17
E5000,Fatima Ahmed,Male,IT,Islamabad,52,56897,nida.iqbal@example.com,2022-10-28
E5001,Ayesha Qureshi,Male,,Faisalabad,40,76655,sara.malik@example.com,2022-06-09
E5002,Hina Raza,Female,Finance,Faisalabad,32,49388,ahmed.qureshi@example.com,2022-05-09
E5003,Ayesha Iqbal,Male,Finance,Faisalabad,46,,hina.ahmed@example.com,07/05/2017
E5004,Ali Malik,Male,Marketing,Islamabad,27,88905,zain.khan@example.com,2021-05-10
E5005,Bilal Ahmed,Female,,Islamabad,41,30264,omar.khan@example.com,29/06/2017
E5006,Bilal Ahmed,Male,Marketing,Islamabad,30,37481,ayesha.khan@example.com,2021-12-20
E5007,Fatima Qureshi,Female,Operations,,31,61479,nida.qureshi@example.com,2017-08-17
E5008,Ali Sheikh,Female,,,50,54818,ayesha.ahmed@example.com,2022-12-23
E5009,Ayesha Ahmed,Male,Marketing,Faisalabad,41,83825,omar.sheikh@example.com,2016-04-15
E5010,Omar Khan,Female,HR,Islamabad,23,Rs 84011,zain.khan@example.com,2018-03-13
E5011,Zain Qureshi,Female,IT,,40,65627,sara.iqbal@example.com,2019-03-28
E5012,Omar Sheikh,Male,Sales,Faisalabad,44,56494,omar.khan@example.com,2018-01-22
E5013,Ahmed Malik,Female,IT,Multan,27,64809,hina.hussain@example.com,2020-11-03
E5014,Sara Malik,Female,Sales,Karachi,32,68899,ali.qureshi@example.com,2018-08-29
E5015,Ayesha Sheikh,Female,,Islamabad,32,76042,hina.khan@example.com,2020-09-11
E5016,Omar Iqbal,Male,Operations,Islamabad,55,38483,ali.khan@example.com,2022-02-04
E5017,Sara Iqbal,Female,Finance,Multan,43,51259,ahmed.malik@example.com,2021-08-12
E5018,Zain Ahmed,Male,Marketing,Karachi,54,83254,ayesha.qureshi@example.com,2021-04-25
E5019,Ahmed Ahmed,Male,IT,,35,83112,omar.malik@example.com,2020-06-30
E5020,Bilal Iqbal,Female,Finance,Lahore,51,72449,omar.qureshi@example.com,03/07/2019
E5021,Omar Qureshi,Female,Finance,Islamabad,23,66019,sara.raza@example.com,04/09/2021
E5022,Zain Qureshi,Male,IT,Multan,29,34278,fatima.iqbal@example.com,2021-02-24
E5023,Ayesha Iqbal,Female,Operations,Islamabad,25,77405,bilal.malik@example.com,2022-05-10
E5024,Bilal Ahmed,Male,Operations,Islamabad,37,44548,ayesha.hussain@example.com,2015-10-02
E5025,Ayesha Malik,Male,Sales,Karachi,44,30570,fatimaahmedexample.com,2017-06-16
E5026,Omar Iqbal,Male,Operations,,50,87962,fatima.iqbal@example.com,2020-02-04
E5027,Ali Raza,Male,Sales,Lahore,39,71599,sara.khan@example.com,2017-08-01
E5028,Nida Malik,Male,Sales,Multan,36,Rs 72505,hina.qureshi@example.com,2020-07-28
E5029,Omar Khan,Female,Finance,Islamabad,27,64785,zain.malik@example.com,2021-06-18
E5030,Sara Sheikh,Male,Operations,Multan,29,56678,hina.raza@example.com,2021-01-10
E5031,Hina Malik,Male,Sales,Karachi,24,79640,ayesha.hussain@example.com,2018-10-24
E5032,Ali Iqbal,Female,Sales,Faisalabad,23,38705,omar.hussain@example.com,2015-06-06
E5033,Sara Sheikh,Female,IT,Islamabad,41,88277,ahmed.qureshi@example.com,2015-12-12
E5034,Sara Sheikh,Male,,Faisalabad,33,Rs 67317,ahmed.raza@example.com,2022-05-20
E5035,Sara Ahmed,Female,Finance,Lahore,38,38912,bilal.iqbal@example.com,2021-09-07
E5036,Ahmed Khan,Male,HR,Islamabad,47,31341,ali.ahmed@example.com,2021-02-22
E5037,Hina Qureshi,Female,Finance,Multan,24,41815,fatima.sheikh@example.com,2015-09-10
E5038,Nida Qureshi,Male,IT,Islamabad,29,56919,ayesha.malik@example.com,2021-08-16
E5039,Ayesha Qureshi,Male,Operations,Lahore,31,32478,bilal.malik@example.com,2015-02-15
E5040,Ahmed Ahmed,Female,HR,Islamabad,44,89373,ahmed.sheikh@example.com,2022-12-06
E5041,Ayesha Raza,Female,HR,Islamabad,38,51736,sara.raza@example.com,2020-02-02
E5042,Ahmed Khan,Male,HR,Islamabad,51,68133,nida.hussain@example.com,2018-05-01
E5043,Omar Qureshi,Male,Sales,Islamabad,33,45468,nida.hussain@example.com,2020-05-28
E5044,Ahmed Iqbal,Female,Operations,Multan,47,31978,ali.khan@example.com,31/03/2018
E5045,Bilal Malik,Male,,,36,82522,bilal.ahmed@example.com,2020-04-27
E5046,Nida Khan,Male,Sales,Islamabad,28,55602,ahmed.ahmed@example.com,2020-09-20
E5047,Ali Hussain,Male,Marketing,Multan,43,49411,hinaahmedexample.com,2018-05-01
E5048,Ali Ahmed,Female,Marketing,Islamabad,25,50710,zain.malik@example.com,2016-05-06
E5049,Bilal Qureshi,Male,IT,Faisalabad,54,Rs 61049,aliahmedexample.com,2015-06-12
E5050,Ahmed Malik,Male,Sales,Lahore,26,65883,bilal.raza@example.com,2015-05-19
E5051,Zain Malik,Male,,Islamabad,22,70714,omar.sheikh@example.com,2016-12-06
E5052,Fatima Iqbal,Female,HR,,49,53709,sara.iqbal@example.com,2022-07-08
E5053,Ayesha Raza,Male,Operations,Islamabad,49,73849,hina.sheikh@example.com,2017-09-04
E5054,Sara Hussain,Female,Sales,Karachi,50,67358,omar.raza@example.com,2022-02-26
E5055,Ahmed Qureshi,Female,,Islamabad,25,89989,hina.iqbal@example.com,2015-06-25
E5056,Hina Raza,Male,HR,Karachi,39,89609,ali.sheikh@example.com,2022-04-16
E5057,Fatima Hussain,Female,Finance,,30,72268,nida.khan@example.com,2017-03-25
E5058,Fatima Qureshi,Male,IT,Faisalabad,44,46236,fatima.sheikh@example.com,2016-09-29
E5059,Nida Hussain,Female,IT,Faisalabad,50,77160,bilal.sheikh@example.com,2018-06-19
E5060,Ayesha Sheikh,Male,,Faisalabad,23,,ahmed.sheikh@example.com,2019-08-14
E5061,Ali Raza,Female,Sales,,35,49020,omar.raza@example.com,2016-10-03
E5062,Nida Ahmed,Female,Sales,Multan,42,77928,hina.iqbal@example.com,2018-05-24
E5063,Zain Sheikh,Female,,Islamabad,39,51229,omar.iqbal@example.com,2018-03-26
E5064,Zain Qureshi,Male,Finance,Multan,24,35860,zain.khan@example.com,2015-11-08
E5065,Zain Sheikh,Female,Finance,Islamabad,46,65630,hina.khan@example.com,2017-12-05
E5066,Ayesha Sheikh,Female,Finance,Lahore,39,Rs 81473,bilal.qureshi@example.com,2016-01-26
E5067,Omar Hussain,Female,Marketing,Faisalabad,31,50267,sara.qureshi@example.com,2021-05-11
E5068,Ali Raza,Male,Sales,Faisalabad,55,56650,omar.malik@example.com,2020-07-02
E5069,Ayesha Khan,Female,HR,Karachi,32,75198,ahmed.raza@example.com,2015-07-07
E5070,Bilal Iqbal,Female,IT,Lahore,36,41184,ayeshaqureshiexample.com,2017-05-31
E5071,Ayesha Ahmed,Female,,Islamabad,45,53376,ali.qureshi@example.com,2020-04-28
E5072,Nida Ahmed,Female,Finance,Karachi,54,61472,sara.sheikh@example.com,2022-05-16
E5073,Omar Qureshi,Female,IT,Lahore,39,36246,nida.qureshi@example.com,2022-01-06
E5074,Bilal Qureshi,Male,Marketing,Multan,54,57595,ahmed.iqbal@example.com,2022-05-17
E5075,Omar Khan,Male,Finance,Faisalabad,53,44835,sara.hussain@example.com,2018-05-31
E5076,Ahmed Ahmed,Male,HR,Islamabad,47,77485,hina.ahmed@example.com,2022-05-16
E5077,Sara Raza,Male,Marketing,Karachi,27,72903,ali.khan@example.com,2020-04-18
E5078,Nida Malik,Female,Sales,Lahore,48,50172,ayesha.malik@example.com,2019-09-22
E5079,Fatima Qureshi,Female,Finance,Karachi,40,36810,omar.qureshi@example.com,2016-08-16
E5080,Ali Raza,Male,,Faisalabad,55,84849,ali.iqbal@example.com,2021-05-06
E5081,Fatima Khan,Female,Sales,Lahore,40,75767,omar.khan@example.com,2020-06-13
E5082,Ahmed Ahmed,Female,Finance,Karachi,26,50050,ayesha.sheikh@example.com,2015-10-17
E5083,Zain Malik,Female,Operations,Multan,33,38188,nidaqureshiexample.com,2016-11-01
E5084,Ali Qureshi,Female,Operations,,27,41149,nida.ahmed@example.com,2022-07-07
E5085,Sara Raza,Male,Finance,Faisalabad,31,63731,ali.malik@example.com,2019-11-25
E5086,Ayesha Raza,Male,Finance,Faisalabad,37,35554,zain.khan@example.com,2015-03-28
E6784,  Hina Sheikh  ,Female,Sales,Multan,40,73994,ali.malik@example.com,2017-05-12
E5088,Nida Hussain,Female,Finance,Islamabad,46,32276,bilal.qureshi@example.com,05/06/2015
E5089,Ahmed Raza,Female,Sales,Islamabad,24,78052,ali.malik@example.com,2020-08-30
E5090,Ahmed Sheikh,Male,Operations,Faisalabad,44,57502,omar.qureshi@example.com,2021-11-02
E5091,Ali Raza,Male,Finance,Karachi,35,75088,bilal.malik@example.com,2018-02-17
E5092,Nida Qureshi,Male,HR,Faisalabad,53,78997,ayesha.raza@example.com,2016-08-18
E5093,Bilal Khan,Male,Operations,Karachi,24,78113,ali.raza@example.com,2018-02-15
E5094,Ahmed Raza,Female,Finance,Multan,47,51726,saramalikexample.com,2018-06-08
E5095,Hina Malik,Male,IT,Multan,31,81252,sara.ahmed@example.com,2017-07-13
E5096,Ahmed Raza,Female,Sales,Multan,51,76460,zain.malik@example.com,2017-12-04
E5097,Zain Khan,Female,,Karachi,31,54376,ahmed.ahmed@example.com,2015-05-20
E5098,Ahmed Qureshi,Male,Operations,,36,62380,hinaqureshiexample.com,2019-09-23
E5099,Sara Qureshi,Female,Marketing,Multan,43,77115,sara.raza@example.com,2022-01-12
E5100,Zain Iqbal,Male,,,30,86144,ahmed.sheikh@example.com,2018-05-04
E5101,Hina Sheikh,Female,IT,Lahore,47,38715,hina.sheikh@example.com,2021-10-26
E5102,Hina Hussain,Male,Marketing,Islamabad,39,37934,sara.malik@example.com,2022-07-17
E5103,Zain Hussain,Male,Sales,Islamabad,35,31469,sara.malik@example.com,2022-02-20
E5104,Sara Ahmed,Male,Marketing,Karachi,46,49775,ali.hussain@example.com,2021-05-26
E5105,Bilal Hussain,Female,Finance,Karachi,27,60034,bilal.iqbal@example.com,2021-02-08
E5106,Ahmed Sheikh,Female,IT,Islamabad,29,37952,nida.raza@example.com,2018-06-09
E5107,Fatima Qureshi,Female,HR,Lahore,37,67947,zain.ahmed@example.com,2017-07-23
E5108,Ayesha Malik,Female,Marketing,Karachi,55,58804,bilal.ahmed@example.com,2016-04-03
E5109,Zain Malik,Male,Finance,Islamabad,52,53676,sara.hussain@example.com,2016-02-09
E5110,Hina Ahmed,Male,Finance,Lahore,25,86078,ali.qureshi@example.com,2021-05-24
E5111,Bilal Sheikh,Female,Sales,,42,74566,fatima.iqbal@example.com,2022-09-22
E5112,Ahmed Raza,Male,HR,Karachi,52,55096,bilal.raza@example.com,15/10/2020
E5113,Bilal Hussain,Female,HR,Faisalabad,28,36039,nida.sheikh@example.com,2021-11-09
E5114,Bilal Qureshi,Female,Marketing,,49,53478,ahmed.sheikh@example.com,2018-05-09
E5115,Zain Raza,Male,Operations,Karachi,32,69761,sara.khan@example.com,2016-09-09
E5116,Ayesha Ahmed,Female,Sales,Islamabad,54,66621,nida.hussain@example.com,2020-04-10
E5117,Omar Sheikh,Male,,Lahore,39,67644,ahmed.sheikh@example.com,2017-03-25
E5118,Nida Sheikh,Female,Operations,Karachi,53,71784,ahmed.iqbal@example.com,2017-02-21
E5119,Bilal Qureshi,Male,Sales,Islamabad,45,78622,sara.raza@example.com,2015-05-09
E5120,Omar Hussain,Female,,Multan,41,52280,nida.qureshi@example.com,2020-07-26
E5121,Zain Qureshi,Male,Sales,Karachi,54,70992,ali.ahmed@example.com,2018-01-29
E5122,Zain Ahmed,Female,Operations,Karachi,53,53223,bilal.iqbal@example.com,2016-04-24
E5123,Fatima Ahmed,Male,IT,Karachi,24,81094,fatima.iqbal@example.com,2019-02-12
E5124,Fatima Qureshi,Male,HR,Multan,25,78550,fatima.raza@example.com,2019-08-20
E5125,Nida Iqbal,Male,Sales,Karachi,49,60919,ayesha.raza@example.com,2016-02-09
E5126,Ali Iqbal,Female,,Lahore,38,64362,fatima.qureshi@example.com,2017-12-20
E5127,Omar Ahmed,Male,IT,Multan,48,73654,fatima.khan@example.com,2019-03-29
E5128,Ayesha Qureshi,Female,Finance,Islamabad,29,52023,zain.hussain@example.com,2017-04-17
E5129,Ali Raza,Female,IT,Lahore,39,59096,omarrazaexample.com,2021-02-26
E5130,Zain Hussain,Female,Sales,Faisalabad,46,46129,hina.qureshi@example.com,2015-06-08
E5131,Ali Ahmed,Male,HR,Multan,39,36765,ayesha.raza@example.com,2022-03-30
E5132,Omar Ahmed,Male,Marketing,Islamabad,54,56737,ayesha.qureshi@example.com,2020-09-21
E5133,Sara Raza,Male,,Karachi,37,41865,ali.sheikh@example.com,2015-02-15
E5134,Hina Hussain,Male,Operations,Multan,54,33211,zain.hussain@example.com,2019-08-06
E5135,Sara Sheikh,Male,IT,Lahore,44,75161,sara.qureshi@example.com,2017-09-26
E5136,Hina Qureshi,Male,Finance,,47,56034,ayesha.qureshi@example.com,2021-07-16
E5137,Ali Iqbal,Male,IT,Lahore,24,60184,ali.malik@example.com,2021-04-09
E5138,Hina Raza,Female,Marketing,Multan,29,54284,fatima.ahmed@example.com,2020-10-13
E5139,Nida Iqbal,Male,Finance,Karachi,49,50684,ali.ahmed@example.com,2020-10-12
E5140,Ali Ahmed,Male,Sales,Karachi,49,Rs 88866,hina.iqbal@example.com,2021-05-11
E5141,Fatima Qureshi,Female,Operations,Karachi,54,51162,sara.khan@example.com,2019-02-15
E5142,Ahmed Qureshi,Female,Sales,Faisalabad,43,48194,bilal.malik@example.com,2022-07-03
E5143,Ahmed Ahmed,Female,IT,Faisalabad,48,59217,hina.qureshi@example.com,2020-05-23
E5144,Omar Sheikh,Female,Marketing,Faisalabad,51,38689,ayesha.khan@example.com,2015-08-15
E5145,Nida Hussain,Male,Operations,,50,41558,ali.iqbal@example.com,2016-03-06
E5146,Bilal Malik,Male,Finance,,55,53700,ayesha.qureshi@example.com,2017-04-22
E5147,Fatima Hussain,Male,IT,Faisalabad,43,63988,omar.qureshi@example.com,2016-11-14
E5148,Zain Khan,Male,Finance,Multan,36,70869,nida.iqbal@example.com,11/02/2019
E5149,Ahmed Ahmed,Female,,Multan,30,81504,saraiqbalexample.com,2018-02-25
E5150,Fatima Qureshi,Female,Operations,Karachi,41,68743,fatima.raza@example.com,2019-10-24
E5151,Sara Sheikh,Female,Operations,Karachi,50,60897,zain.sheikh@example.com,2022-05-24
E5152,Sara Qureshi,Male,Marketing,Islamabad,43,82529,omar.qureshi@example.com,2019-08-03
E5153,Sara Hussain,Female,HR,Karachi,35,57702,omar.qureshi@example.com,2020-07-15
E5154,Ali Sheikh,Male,,Lahore,35,75144,ahmed.iqbal@example.com,2022-11-10
E5155,Omar Iqbal,Male,Marketing,Lahore,24,55851,ahmed.hussain@example.com,2022-07-08
E5156,Hina Khan,Male,,Faisalabad,36,52034,omar.malik@example.com,19/07/2017
E5157,  Ali Ahmed  ,Female,Finance,Islamabad,47,58328,sara.raza@example.com,2015-05-08
E5158,Omar Khan,Male,Operations,Faisalabad,26,Rs 66473,ayesha.iqbal@example.com,2016-08-27
E5159,Fatima Qureshi,Male,Operations,Karachi,35,Rs 48623,nida.malik@example.com,2016-03-17
E5160,Fatima Malik,Male,Sales,,30,65106,bilal.raza@example.com,2017-03-02
E5161,Nida Malik,Male,,Multan,46,79874,bilal.ahmed@example.com,2019-01-12
E5162,Ahmed Sheikh,Female,IT,Islamabad,23,73859,zain.sheikh@example.com,2021-12-27
E5163,Ahmed Qureshi,Male,Marketing,Islamabad,37,77319,fatima.hussain@example.com,2021-11-05
E5164,Sara Malik,Male,Operations,,47,46144,ayesha.ahmed@example.com,2019-12-04
E5165,Omar Hussain,Male,Finance,Faisalabad,29,79721,ahmed.iqbal@example.com,2022-05-15
E5166,Ayesha Ahmed,Female,Marketing,Karachi,45,32065,omar.raza@example.com,2019-06-29
E5167,Nida Ahmed,Female,HR,Multan,50,71724,ayesha.raza@example.com,2020-05-13
E5168,Omar Khan,Female,IT,Karachi,40,40157,ahmed.qureshi@example.com,2019-06-24
E5169,Zain Khan,Male,HR,Karachi,30,40082,fatima.malik@example.com,2019-10-25
E5170,  Omar Khan  ,Male,Sales,Lahore,34,65220,zain.malik@example.com,2015-06-02
E5171,Fatima Iqbal,Male,Sales,Faisalabad,47,33876,omar.qureshi@example.com,2017-06-02
E5172,Sara Ahmed,Male,IT,Faisalabad,34,81753,sara.raza@example.com,2016-12-15
E5173,Sara Ahmed,Male,Finance,Islamabad,50,79459,ahmed.iqbal@example.com,2015-01-19
E5174,Nida Sheikh,Male,,Islamabad,55,62211,hina.sheikh@example.com,2017-03-07
E5175,Ayesha Raza,Female,Operations,Lahore,22,42379,zain.ahmed@example.com,2017-10-17
E5176,Ahmed Khan,Female,Finance,,35,87634,ayesha.qureshi@example.com,2017-10-22
E5177,Ali Sheikh,Female,Marketing,Lahore,50,31167,hina.malik@example.com,2017-06-19
E5178,Ahmed Ahmed,Male,Finance,Faisalabad,27,Rs 40579,sarasheikhexample.com,2022-01-22
E5179,Sara Raza,Male,,Faisalabad,51,87260,sara.malik@example.com,2022-07-14
E5180,Ayesha Iqbal,Male,Finance,Islamabad,26,74803,saramalikexample.com,2016-11-15
E5181,Sara Raza,Male,Operations,Faisalabad,49,83959,sara.qureshi@example.com,2015-05-27
E5182,Ali Sheikh,Male,Operations,Faisalabad,42,46882,sara.iqbal@example.com,2016-11-17
E5183,Hina Malik,Male,HR,,23,39862,ahmed.raza@example.com,2022-02-17
E5184,Omar Khan,Female,Marketing,,51,65044,sara.malik@example.com,2015-03-09
E5185,  Sara Iqbal  ,Male,Marketing,Faisalabad,40,73770,nida.malik@example.com,2017-08-10
E5186,Hina Iqbal,Female,Sales,Faisalabad,47,79183,sara.raza@example.com,2015-06-14
E5187,Omar Malik,Male,,,29,42776,bilal.raza@example.com,2020-10-10
E5188,Ayesha Malik,Male,HR,,31,82114,fatima.khan@example.com,2019-11-06
E5189,Sara Malik,Female,HR,Lahore,24,50554,bilal.ahmed@example.com,08/12/2020
E5190,Nida Ahmed,Male,HR,Faisalabad,38,85452,hina.qureshi@example.com,2015-07-29
E5191,Fatima Iqbal,Male,Sales,Lahore,48,41407,sara.sheikh@example.com,2019-03-15
E5192,Ahmed Ahmed,Female,Finance,Lahore,43,60543,ali.qureshi@example.com,2019-01-21
E5193,Bilal Malik,Female,,Faisalabad,41,87404,omar.khan@example.com,2022-02-04
E5194,Ali Khan,Male,Finance,Faisalabad,42,76844,ayesha.iqbal@example.com,2018-11-06
E5195,Omar Iqbal,Female,Operations,Islamabad,46,42426,zain.raza@example.com,2017-11-27
E5196,Ahmed Ahmed,Female,Marketing,Karachi,42,87730,zain.khan@example.com,2022-12-29
E5197,Zain Malik,Female,Operations,Faisalabad,49,65814,ali.hussain@example.com,2016-02-14
E5198,Zain Raza,Male,HR,Lahore,46,34588,nida.raza@example.com,2015-03-04
E5199,Ahmed Iqbal,Male,,Multan,36,62959,sara.iqbal@example.com,2017-05-06
E5200,Ali Hussain,Male,Finance,,46,73904,fatima.raza@example.com,2022-07-21
E5201,Fatima Khan,Female,,Faisalabad,35,46173,ahmed.khan@example.com,2022-03-10
E5202,Sara Sheikh,Female,Sales,Karachi,47,56195,fatima.malik@example.com,2019-06-29
E5203,Ayesha Sheikh,Male,,Islamabad,34,75508,sara.hussain@example.com,2020-09-29
E5204,Hina Khan,Male,HR,Karachi,29,80466,ali.qureshi@example.com,2015-09-16
E5205,Sara Hussain,Male,,,35,76378,bilal.sheikh@example.com,2018-12-08
E5206,Omar Sheikh,Male,,Lahore,31,30123,ahmed.hussain@example.com,2022-03-23
E5207,Ayesha Sheikh,Female,Sales,Multan,30,45156,nida.khan@example.com,2021-11-13
E5208,Ayesha Ahmed,Male,Marketing,Islamabad,33,81096,omar.malik@example.com,2019-06-21
E5209,  Ahmed Sheikh  ,Female,Marketing,Karachi,35,61744,sara.raza@example.com,2016-03-08
E5210,Sara Hussain,Female,Sales,Karachi,25,,nida.iqbal@example.com,2019-08-13
E5211,Fatima Hussain,Female,,,40,69110,sara.raza@example.com,2021-09-19
E5212,Ali Khan,Male,Marketing,Faisalabad,33,61359,ayesha.ahmed@example.com,2018-07-24
E5213,Hina Khan,Male,,,28,81962,nida.qureshi@example.com,2022-01-05
E5214,  Ayesha Iqbal  ,Female,Operations,,25,35486,nida.khan@example.com,2019-06-12
E5215,Omar Sheikh,Female,IT,Islamabad,36,42142,ayesha.raza@example.com,2020-05-06
E5216,Ali Ahmed,Male,IT,Islamabad,53,52911,zain.hussain@example.com,2018-06-01
E5217,Ahmed Iqbal,Male,Operations,Karachi,33,51508,ali.khan@example.com,2019-12-21
E5218,Ahmed Qureshi,Male,Operations,Islamabad,23,Rs 65560,alirazaexample.com,18/07/2019
E5219,Omar Qureshi,Female,Marketing,Karachi,41,31011,ali.iqbal@example.com,2016-04-04
E5220,Nida Khan,Female,Finance,Karachi,50,,bilal.iqbal@example.com,2018-06-02
E5221,Hina Hussain,Male,Operations,Islamabad,35,46078,nida.sheikh@example.com,2015-05-24
E5222,Bilal Ahmed,Male,Marketing,Faisalabad,53,32587,ayesha.hussain@example.com,2016-04-20
E5223,Ahmed Qureshi,Male,HR,,24,Rs 86275,bilal.malik@example.com,2016-07-04
E5224,Nida Raza,Female,Finance,Multan,27,59373,omar.khan@example.com,2015-02-07
E5225,Bilal Sheikh,Female,Marketing,,33,47835,ahmed.hussain@example.com,2020-03-04
E5226,Ayesha Raza,Male,IT,Lahore,36,50005,ali.iqbal@example.com,2021-03-14
E5227,Ahmed Iqbal,Male,IT,Faisalabad,34,Rs 43920,fatima.iqbal@example.com,2019-08-06
E5228,Nida Malik,Male,IT,Multan,43,30056,nida.malik@example.com,2021-08-06
E5229,Zain Sheikh,Female,Marketing,Karachi,50,87074,ali.ahmed@example.com,2015-07-03
E5230,Zain Ahmed,Male,HR,,35,83533,hina.ahmed@example.com,2020-03-09
E5231,Hina Hussain,Male,IT,Lahore,53,68988,hina.sheikh@example.com,2018-10-23
E5232,Ayesha Ahmed,Male,HR,Islamabad,52,50605,hina.khan@example.com,2020-11-12
E5233,Ayesha Khan,Male,,Lahore,44,85291,ayesha.sheikh@example.com,2019-07-20
E5234,Omar Khan,Female,,Faisalabad,22,41103,nida.qureshi@example.com,2016-04-28
E5235,Ayesha Khan,Female,Operations,,27,46525,bilal.hussain@example.com,2017-08-31
E5236,Ali Raza,Female,,Karachi,33,68632,ahmed.khan@example.com,2018-10-25
E5237,Fatima Khan,Female,Sales,Karachi,30,43599,ahmed.qureshi@example.com,2018-06-08
E5238,Hina Ahmed,Female,Finance,Islamabad,30,79778,bilal.khan@example.com,2020-10-20
E5239,Nida Iqbal,Male,IT,Karachi,31,51258,fatima.malik@example.com,2017-08-12
E5240,Sara Qureshi,Male,Finance,Islamabad,23,77725,zain.ahmed@example.com,2016-03-24
E5241,Bilal Qureshi,Female,IT,Karachi,26,,fatima.raza@example.com,2015-01-04
E5242,Zain Ahmed,Male,IT,,36,47987,nida.malik@example.com,2019-02-28
E5243,Ayesha Hussain,Male,IT,Lahore,35,82625,ali.raza@example.com,2018-12-27
E5244,Hina Qureshi,Male,Operations,Lahore,50,44162,saramalikexample.com,2016-03-20
E5245,Fatima Hussain,Female,HR,Faisalabad,22,85312,fatima.malik@example.com,2018-12-06
E5246,Fatima Iqbal,Female,,,40,55161,hina.raza@example.com,2022-11-05
E5247,Bilal Sheikh,Female,Finance,Lahore,42,80786,sara.qureshi@example.com,2018-11-14
E5248,Hina Malik,Male,Operations,,52,41341,hina.malik@example.com,2020-11-19
E5249,Zain Sheikh,Male,Finance,,39,34187,nidasheikhexample.com,2020-07-10
E5250,Zain Qureshi,Female,Operations,Multan,22,56911,bilal.ahmed@example.com,2021-07-22
E5251,Ahmed Sheikh,Female,,Karachi,42,51468,fatima.hussain@example.com,2020-12-13
E5252,Bilal Raza,Male,,Lahore,25,66548,fatima.khan@example.com,2017-09-14
E5253,Sara Khan,Female,Finance,Multan,52,52229,bilalmalikexample.com,2021-05-22
E5254,Fatima Sheikh,Female,Operations,Karachi,40,34637,hina.ahmed@example.com,2016-08-30
E5255,Bilal Khan,Female,,Karachi,27,71995,sara.qureshi@example.com,2021-07-02
E5256,Fatima Raza,Female,IT,Karachi,27,87263,nida.raza@example.com,2016-10-01
E5257,Bilal Sheikh,Female,Marketing,Islamabad,36,69300,bilal.raza@example.com,2016-11-26
E5258,Ahmed Sheikh,Female,,,31,Rs 63721,nidakhanexample.com,2020-09-11
E5259,Nida Raza,Female,,Karachi,30,43062,sara.qureshi@example.com,2015-06-29
E5260,Ayesha Iqbal,Male,Sales,Lahore,34,83317,ali.raza@example.com,2016-10-08
E5261,Zain Khan,Male,Marketing,,48,64542,bilal.raza@example.com,2018-02-05
E5262,Omar Hussain,Female,Operations,Faisalabad,49,60938,sara.sheikh@example.com,2017-03-14
E5263,Bilal Iqbal,Female,Operations,,41,65721,ali.raza@example.com,2019-10-30
E5264,Hina Ahmed,Male,Sales,,37,55717,sara.sheikh@example.com,2022-09-03
E5265,Zain Khan,Male,,Multan,31,53739,fatima.raza@example.com,2016-03-01
E5266,Bilal Hussain,Male,Finance,Karachi,49,42931,ali.hussain@example.com,2022-12-26
E5267,Nida Malik,Male,,Islamabad,36,81157,ahmedkhanexample.com,2019-11-26
E5268,Omar Sheikh,Male,Operations,Islamabad,27,60894,nida.malik@example.com,2017-04-03
E5269,Ayesha Raza,Female,Marketing,Multan,37,86114,fatima.sheikh@example.com,2018-12-20
E5270,Ayesha Iqbal,Male,,Faisalabad,22,31481,ali.iqbal@example.com,2021-02-07
E5271,Sara Raza,Male,,Karachi,23,78708,ali.iqbal@example.com,2017-06-18
E5272,Ahmed Raza,Female,Marketing,Faisalabad,35,58995,ayesha.qureshi@example.com,2015-12-28
E5273,Zain Sheikh,Female,Sales,,37,47101,fatima.hussain@example.com,2019-11-23
E5274,Ahmed Sheikh,Male,,Lahore,34,71248,ahmed.hussain@example.com,2017-08-28
E5275,Ayesha Hussain,Male,Sales,Multan,37,39786,ayeshaqureshiexample.com,22/12/2021
E5276,Ali Malik,Female,Sales,Lahore,49,33841,ayesha.sheikh@example.com,2021-12-18
E5277,Bilal Malik,Female,HR,Karachi,51,32783,fatima.qureshi@example.com,2020-04-16
E5278,Nida Qureshi,Male,Finance,Lahore,34,54348,ayesha.iqbal@example.com,2022-08-02
E5279,Hina Hussain,Female,Operations,Karachi,47,80891,nida.khan@example.com,2017-01-07
E5280,Bilal Qureshi,Female,Sales,Islamabad,26,71152,hina.iqbal@example.com,2018-03-16
E5281,Fatima Hussain,Female,Marketing,Multan,41,41421,ahmed.iqbal@example.com,29/07/2020
E5282,Ali Iqbal,Female,Finance,Faisalabad,25,39762,bilal.khan@example.com,2019-08-03
E5283,Zain Malik,Male,Finance,Faisalabad,40,58417,bilal.malik@example.com,2021-11-14
E5284,Omar Sheikh,Female,Finance,Faisalabad,53,85269,ayesha.iqbal@example.com,2022-06-18
E5285,Hina Hussain,Male,HR,Multan,48,44894,fatima.ahmed@example.com,2020-09-13
E5286,Ahmed Malik,Female,IT,Faisalabad,26,47146,bilal.malik@example.com,2017-01-04
E5287,Nida Ahmed,Male,Operations,Lahore,40,58209,sara.malik@example.com,2020-07-25
E5288,Hina Iqbal,Male,Finance,Lahore,45,81507,ayesha.sheikh@example.com,2016-01-01
E5289,Ahmed Hussain,Female,,Karachi,48,51751,ahmed.qureshi@example.com,2021-04-29
E5290,Zain Hussain,Female,Sales,Islamabad,27,64879,hina.raza@example.com,2019-02-02
E5291,Fatima Iqbal,Female,,Lahore,42,45539,fatima.ahmed@example.com,2019-09-01
E5292,Zain Ahmed,Male,Marketing,Faisalabad,28,83599,zain.malik@example.com,2021-09-14
E5293,Ahmed Qureshi,Male,,Faisalabad,54,30857,sara.malik@example.com,2018-01-20
E5294,Hina Raza,Male,Sales,,29,80816,zain.iqbal@example.com,2017-09-29
E5295,Zain Malik,Female,Operations,Karachi,26,36322,ahmed.raza@example.com,04/08/2021
E5296,Hina Iqbal,Female,Sales,Multan,22,31420,zain.sheikh@example.com,2016-01-04
E5297,Omar Khan,Female,,Karachi,47,31330,fatima.sheikh@example.com,2020-11-02
E5298,Nida Malik,Female,Finance,Islamabad,40,60462,hina.khan@example.com,2017-02-16
E5299,Ahmed Raza,Male,IT,Islamabad,31,Rs 63156,hina.raza@example.com,2015-05-16
E5300,Nida Iqbal,Male,IT,,33,61672,sara.sheikh@example.com,2017-01-25
E5301,Ali Ahmed,Female,Operations,Faisalabad,32,81817,ayesha.sheikh@example.com,2016-01-06
E5302,Hina Qureshi,Male,Operations,Islamabad,37,73438,sara.khan@example.com,2016-11-05
E5303,Bilal Khan,Female,Marketing,Karachi,26,59340,hina.iqbal@example.com,2020-12-20
E5304,Omar Khan,Male,HR,Lahore,53,36136,hina.sheikh@example.com,2017-06-12
E5305,Ayesha Khan,Male,Finance,Multan,54,78327,zain.hussain@example.com,2020-09-29
E5306,Fatima Malik,Female,IT,Multan,43,78568,hina.sheikh@example.com,2018-08-14
E5307,Omar Khan,Female,HR,Faisalabad,55,67384,ali.raza@example.com,2020-09-17
E5308,Zain Ahmed,Female,Marketing,Faisalabad,35,63228,ahmed.hussain@example.com,2022-12-22
E5309,Fatima Ahmed,Male,HR,,31,34018,bilal.iqbal@example.com,2019-06-30
E5310,Sara Hussain,Male,IT,Lahore,24,38412,hina.ahmed@example.com,2018-05-21
E5311,Ali Ahmed,Male,Operations,Islamabad,26,36773,zain.khan@example.com,2022-05-12
E5312,Zain Sheikh,Female,Marketing,Karachi,24,86165,omar.malik@example.com,2022-11-23
E5313,Bilal Ahmed,Male,HR,Faisalabad,55,48707,omar.sheikh@example.com,2015-07-29
E5314,Fatima Sheikh,Female,Operations,Karachi,26,50919,hina.ahmed@example.com,2021-09-23
E5315,Ahmed Ahmed,Female,Marketing,Lahore,22,43199,zain.raza@example.com,2018-05-15
E5316,Bilal Raza,Male,IT,Lahore,52,36974,bilalsheikhexample.com,2020-06-10
E5317,Zain Malik,Female,IT,Faisalabad,32,55177,ayesha.ahmed@example.com,2015-05-05
E5318,Ahmed Iqbal,Male,,Multan,36,41946,zain.raza@example.com,2016-01-29
E5319,Hina Sheikh,Female,Operations,Multan,31,38702,omar.hussain@example.com,2016-07-26
E5320,Sara Hussain,Female,Finance,Faisalabad,31,48156,bilaliqbalexample.com,2021-04-14
E5321,Hina Ahmed,Female,IT,Faisalabad,53,Rs 70627,ali.hussain@example.com,2020-10-21
E5322,Hina Ahmed,Male,IT,Islamabad,41,54008,zain.iqbal@example.com,2017-08-11
E5323,  Ayesha Ahmed  ,Male,Sales,Lahore,50,30329,saraqureshiexample.com,2020-02-22
E5324,Sara Hussain,Male,Sales,Multan,55,49547,bilal.khan@example.com,2022-07-30
E5325,Bilal Hussain,Female,HR,Multan,37,45884,ali.hussain@example.com,2021-10-20
E5326,Bilal Sheikh,Male,HR,Islamabad,24,43769,fatima.khan@example.com,2021-03-02
E5327,Ahmed Raza,Female,Marketing,Lahore,27,71622,hina.raza@example.com,2015-08-18
E5328,Nida Iqbal,Male,Operations,Lahore,41,39465,sara.sheikh@example.com,2022-08-10
E5329,Ayesha Ahmed,Female,,Faisalabad,39,68177,zainsheikhexample.com,2018-09-08
E5330,Omar Sheikh,Female,IT,Lahore,29,78220,omar.iqbal@example.com,2015-11-18
E5331,Ahmed Hussain,Male,Finance,Lahore,22,79516,zainsheikhexample.com,2016-10-14
E5332,Ahmed Ahmed,Male,IT,Islamabad,54,43000,omar.ahmed@example.com,2015-03-07
E5333,Hina Khan,Female,Operations,Islamabad,35,73647,ayesha.ahmed@example.com,2018-07-16
E5334,  Ayesha Hussain  ,Female,Finance,Islamabad,41,52388,hina.qureshi@example.com,2019-12-31
E5335,Sara Raza,Female,IT,Lahore,39,59000,sara.malik@example.com,2020-12-08
E5336,Sara Qureshi,Female,Finance,Karachi,38,33899,zain.malik@example.com,2022-07-08
E5337,  Sara Sheikh  ,Male,HR,Multan,31,89060,ayesha.qureshi@example.com,2020-04-12
E5338,Sara Khan,Female,Marketing,Multan,43,47109,fatima.qureshi@example.com,2017-12-25
E5339,Hina Qureshi,Female,Finance,Multan,37,79465,nida.raza@example.com,2021-10-30
E5340,Bilal Raza,Female,IT,Lahore,53,70182,bilal.hussain@example.com,2020-03-14
E5341,Bilal Iqbal,Male,IT,Lahore,40,36053,bilal.sheikh@example.com,2022-09-22
E5342,Omar Hussain,Female,Operations,,30,83301,fatima.iqbal@example.com,2018-03-08
E5343,Fatima Hussain,Female,Marketing,Karachi,39,49108,ahmed.qureshi@example.com,2018-05-15
E5344,Fatima Raza,Female,HR,Karachi,41,42056,ayesha.qureshi@example.com,2017-12-09
E5345,Fatima Malik,Female,Sales,Lahore,27,40491,bilal.malik@example.com,2019-03-09
E5346,Ayesha Ahmed,Male,Operations,Multan,53,77938,ali.malik@example.com,2017-07-29
E5347,Sara Sheikh,Male,Finance,Karachi,54,81362,bilal.sheikh@example.com,2018-10-03
E5348,Bilal Qureshi,Male,Marketing,Islamabad,43,52920,ali.sheikh@example.com,2018-06-30
E5349,Ahmed Raza,Male,IT,Multan,38,32871,ali.qureshi@example.com,2017-09-22
E5350,Bilal Raza,Male,Sales,Islamabad,52,48505,nida.ahmed@example.com,2021-05-02
E5351,Nida Khan,Female,Operations,Lahore,53,36119,ahmed.ahmed@example.com,2019-08-04
E5352,Hina Qureshi,Male,Marketing,Lahore,24,53492,omar.raza@example.com,2021-08-03
E5353,  Ahmed Sheikh  ,Male,,Lahore,31,42601,ayesha.ahmed@example.com,2020-09-07
E5354,Hina Khan,Female,,Lahore,35,49136,sara.hussain@example.com,2018-03-24
E5355,Hina Sheikh,Male,HR,Karachi,30,42025,ali.ahmed@example.com,2015-05-07
E5356,Fatima Malik,Female,,Multan,54,63714,bilal.qureshi@example.com,2015-01-05
E5357,Zain Hussain,Female,HR,Multan,34,83545,ali.malik@example.com,2016-01-23
E5358,Ali Qureshi,Male,Finance,Faisalabad,27,Rs 77438,zain.iqbal@example.com,25/12/2018
E5359,Ayesha Iqbal,Male,Marketing,Islamabad,25,68252,ahmed.sheikh@example.com,2018-12-05
E5360,Hina Hussain,Male,Operations,Multan,26,76555,sarasheikhexample.com,2015-04-10
E5361,Zain Ahmed,Female,Finance,Islamabad,45,78772,sara.malik@example.com,2017-01-08
E5362,Bilal Iqbal,Female,Operations,Karachi,50,56563,hina.raza@example.com,2016-07-02
E5363,Bilal Ahmed,Male,HR,Faisalabad,26,45995,bilal.khan@example.com,2018-02-24
E5364,Nida Khan,Female,Sales,Multan,27,56336,ayesha.sheikh@example.com,2015-09-01
E5365,Fatima Malik,Female,Marketing,,22,78353,bilal.iqbal@example.com,2021-05-23
E5366,Ahmed Malik,Female,IT,Karachi,40,63620,ayesha.sheikh@example.com,2019-02-27
E5367,Ayesha Raza,Male,Sales,Faisalabad,37,44307,ali.khan@example.com,2017-07-14
E5368,Nida Sheikh,Female,Operations,Islamabad,50,57802,ahmedmalikexample.com,2015-08-05
E5369,Ali Qureshi,Male,Operations,Multan,33,48708,ayesha.iqbal@example.com,2022-10-26
E5370,Fatima Malik,Male,,,37,73994,fatima.hussain@example.com,2021-02-26
E5371,Omar Iqbal,Female,Marketing,Lahore,41,Rs 70328,zain.iqbal@example.com,2021-06-02
E5372,Omar Qureshi,Female,Finance,,27,48145,omar.malik@example.com,2022-06-14
E5373,Fatima Sheikh,Female,Sales,,23,82029,zain.qureshi@example.com,2017-07-30
E5374,Fatima Sheikh,Female,Operations,Faisalabad,31,37892,nida.ahmed@example.com,2022-08-31
E5375,Zain Qureshi,Male,HR,Islamabad,41,77086,nida.raza@example.com,2020-08-28
E5376,Zain Iqbal,Female,Operations,Islamabad,31,87052,zain.sheikh@example.com,2020-04-21
E5377,Fatima Malik,Female,IT,Faisalabad,44,Rs 55954,zainkhanexample.com,2017-02-11
E5378,  Ahmed Hussain  ,Female,Marketing,Lahore,24,57405,bilal.qureshi@example.com,2020-01-13
E5379,Nida Khan,Male,IT,Multan,42,87592,nida.malik@example.com,2017-09-15
E5380,Ali Ahmed,Female,Sales,Karachi,46,67571,ayesha.khan@example.com,2020-03-08
E5381,  Ali Khan  ,Male,HR,Lahore,35,74810,ayesha.ahmed@example.com,2022-10-17
E5382,  Omar Hussain  ,Female,Finance,Karachi,28,55381,sara.iqbal@example.com,2015-07-14
E5383,Nida Ahmed,Female,Finance,Lahore,25,53973,bilal.khan@example.com,2020-10-23
E5384,Ayesha Raza,Female,Sales,Karachi,46,56646,saramalikexample.com,2017-07-10
E5385,Hina Sheikh,Male,Finance,Faisalabad,32,43206,ayesha.malik@example.com,2020-07-27
E5386,Fatima Malik,Female,IT,Lahore,49,50731,ali.iqbal@example.com,2020-03-21
E5387,Ayesha Ahmed,Female,IT,Faisalabad,40,Rs 89911,ayesha.khan@example.com,15/01/2020
E5388,Hina Sheikh,Female,IT,Karachi,40,71533,zain.qureshi@example.com,2017-02-04
E5389,Hina Khan,Male,IT,Karachi,26,52819,ahmed.raza@example.com,2015-01-18
E5390,Bilal Malik,Male,IT,Multan,51,30623,fatima.sheikh@example.com,2017-08-15
E5391,Zain Hussain,Male,Operations,Karachi,51,75367,hina.iqbal@example.com,2018-03-18
E5392,Ayesha Sheikh,Male,,Multan,49,31308,omar.hussain@example.com,2021-12-24
E5393,Hina Raza,Female,,Karachi,48,67296,sara.khan@example.com,2017-06-26
E5394,Nida Ahmed,Female,HR,Islamabad,27,Rs 33310,ahmed.raza@example.com,2019-08-08
E5395,Bilal Iqbal,Male,Operations,Lahore,52,76220,hina.ahmed@example.com,2016-02-08
E5396,Ahmed Malik,Male,IT,Lahore,49,45453,sara.raza@example.com,2019-11-28
E5397,Fatima Sheikh,Male,IT,Karachi,50,53241,sara.iqbal@example.com,2018-11-17
E5398,Hina Raza,Male,,Faisalabad,33,39902,ali.ahmed@example.com,2016-06-11
E5399,Ali Ahmed,Female,,,48,86631,ali.hussain@example.com,2017-06-30
E5400,Hina Malik,Female,IT,Faisalabad,30,34982,zain.khan@example.com,2018-10-10
E5401,Ahmed Ahmed,Male,Marketing,Lahore,23,88310,zain.hussain@example.com,2019-09-29
E5402,Nida Iqbal,Female,,,41,65534,ahmed.khan@example.com,2018-11-18
E5403,Sara Hussain,Female,HR,Karachi,32,55420,bilal.raza@example.com,2021-05-26
E5404,Hina Raza,Male,IT,,53,81628,fatima.ahmed@example.com,2017-02-02
E5405,Omar Iqbal,Male,HR,Lahore,45,55933,nida.khan@example.com,2018-06-05
E5406,  Ahmed Qureshi  ,Female,HR,Lahore,27,86829,ali.khan@example.com,24/08/2016
E5407,Ahmed Ahmed,Male,HR,Karachi,25,36402,nida.ahmed@example.com,2020-07-31
E5408,Nida Iqbal,Male,Marketing,Multan,27,88374,ayesha.iqbal@example.com,2022-08-17
E5409,Zain Khan,Female,HR,Karachi,41,66131,ali.ahmed@example.com,2018-09-22
E5410,Ali Raza,Female,Sales,Karachi,26,68841,omar.sheikh@example.com,2020-12-06
E5411,Zain Sheikh,Female,IT,Multan,25,78419,bilal.raza@example.com,2018-09-30
E5412,  Ali Khan  ,Female,Operations,Lahore,23,31072,nida.ahmed@example.com,2022-01-26
E5413,Zain Iqbal,Female,Finance,Islamabad,55,73798,omar.raza@example.com,2022-06-15
E5414,Bilal Khan,Male,Finance,Lahore,31,49440,zain.raza@example.com,2019-04-08
E5415,Omar Sheikh,Male,Operations,Multan,44,73300,ali.ahmed@example.com,2018-07-23
E5416,Ali Raza,Male,Marketing,Multan,33,59022,bilal.khan@example.com,2015-03-25
E5417,Ayesha Raza,Female,HR,,35,37920,sara.qureshi@example.com,2020-11-23
E5418,Ahmed Raza,Male,Finance,Islamabad,25,55891,fatima.khan@example.com,08/10/2019
E5419,  Nida Khan  ,Male,,Faisalabad,46,57399,bilal.raza@example.com,2019-03-15
E5420,Omar Raza,Female,Marketing,,44,31735,sara.hussain@example.com,2022-10-03
E5421,  Ahmed Hussain  ,Female,IT,Karachi,28,38259,bilal.raza@example.com,2022-04-23
E5422,Sara Ahmed,Male,HR,,29,79620,zainrazaexample.com,2018-09-25
E5423,Omar Raza,Female,IT,Islamabad,52,86553,hina.malik@example.com,2022-11-01
E5424,Omar Khan,Female,Operations,Karachi,48,84090,bilal.hussain@example.com,2021-05-02
E5425,Nida Raza,Male,Sales,Karachi,32,64456,zain.raza@example.com,2019-08-13
E5426,Zain Iqbal,Female,IT,Faisalabad,42,31715,sara.qureshi@example.com,2019-12-18
E5427,Zain Raza,Female,Operations,Karachi,29,60495,zain.sheikh@example.com,2020-05-30
E5428,Zain Iqbal,Male,IT,Islamabad,42,52597,ali.sheikh@example.com,2018-12-15
E5429,Omar Iqbal,Female,Sales,Islamabad,31,74668,bilal.sheikh@example.com,2021-03-01
E5430,Sara Qureshi,Male,Sales,Multan,54,71162,ali.hussain@example.com,2020-08-22
E5431,  Ali Iqbal  ,Male,,Islamabad,54,38910,bilal.raza@example.com,2022-10-20
E5432,Hina Sheikh,Male,,,23,43706,ahmed.raza@example.com,2015-12-22
E5433,Sara Malik,Male,Sales,,24,65154,sara.malik@example.com,2022-01-15
E5434,Ahmed Sheikh,Male,Finance,Islamabad,41,35885,ahmed.khan@example.com,2021-12-15
E5435,Hina Malik,Female,,Multan,48,60454,hina.ahmed@example.com,2017-04-28
E5436,Fatima Sheikh,Female,,Multan,23,72635,hina.iqbal@example.com,2019-02-06
E5437,Zain Iqbal,Male,Marketing,Karachi,45,57553,bilal.hussain@example.com,2021-02-20
E5438,Zain Hussain,Male,Finance,Lahore,39,54120,bilal.malik@example.com,2015-02-14
E5439,Zain Malik,Male,,Multan,48,52265,fatima.iqbal@example.com,2016-11-19
E5440,Omar Raza,Male,HR,Faisalabad,23,51856,nida.hussain@example.com,2017-05-29
E5441,Bilal Qureshi,Female,,Lahore,45,77955,ahmed.qureshi@example.com,2020-10-14
E5442,Bilal Khan,Female,Finance,Islamabad,24,72191,ayesha.iqbal@example.com,2020-08-09
E5443,Ahmed Malik,Female,Finance,Islamabad,54,47847,ali.sheikh@example.com,2015-12-10
E5444,Omar Sheikh,Female,Marketing,Islamabad,41,43540,fatima.malik@example.com,2020-05-27
E5445,Ahmed Raza,Male,,Faisalabad,43,54379,nida.sheikh@example.com,2016-08-27
E5446,Fatima Qureshi,Male,,Lahore,27,80683,sara.malik@example.com,2022-06-23
E5447,Hina Khan,Male,Operations,Karachi,52,36015,hina.hussain@example.com,2017-02-20
E5448,Bilal Raza,Female,Operations,Multan,22,76840,nida.ahmed@example.com,2016-03-03
E5449,Fatima Khan,Female,Marketing,Islamabad,38,44499,ahmed.qureshi@example.com,2016-01-11
E5450,Ayesha Ahmed,Male,Marketing,Karachi,30,87145,bilal.sheikh@example.com,2016-01-11
E5451,Zain Sheikh,Female,,Islamabad,25,72403,ayesha.qureshi@example.com,2020-03-18
E5452,Sara Khan,Male,Marketing,,40,Rs 62730,bilal.sheikh@example.com,2015-10-30
E5453,Ayesha Hussain,Male,Finance,Islamabad,52,64906,nida.qureshi@example.com,2018-09-17
E5454,Sara Sheikh,Male,,Karachi,35,57499,zain.malik@example.com,2022-11-11
E5455,  Fatima Qureshi  ,Female,IT,Karachi,23,32768,hina.raza@example.com,2016-03-25
E5456,Hina Malik,Male,,Multan,55,46326,hinaqureshiexample.com,2019-06-19
E5457,Nida Hussain,Female,Finance,Karachi,50,50714,hina.ahmed@example.com,2021-07-26
E5458,Ayesha Ahmed,Female,,Islamabad,50,66438,zain.khan@example.com,2019-04-12
E5459,Ahmed Iqbal,Male,HR,Multan,43,86734,bilal.ahmed@example.com,2019-07-18
E5460,Ali Sheikh,Male,Operations,Multan,30,,fatima.sheikh@example.com,05/09/2017
E5461,  Fatima Ahmed  ,Female,IT,Multan,46,38265,ayesha.hussain@example.com,2019-01-26
E5462,  Ahmed Raza  ,Female,HR,Multan,36,49197,fatimahussainexample.com,2022-05-26
E5463,Ali Khan,Female,Operations,,32,33164,omar.sheikh@example.com,2016-12-22
E5464,Nida Malik,Female,IT,Karachi,32,88582,hina.hussain@example.com,2017-01-24
E5465,  Ali Malik  ,Male,HR,Karachi,55,36080,bilal.malik@example.com,2018-08-01
E5466,Hina Iqbal,Female,,Multan,38,71338,nidaiqbalexample.com,2020-02-25
E5467,Nida Iqbal,Male,Sales,,40,74860,omar.khan@example.com,2015-12-24
E5468,Sara Qureshi,Female,Finance,Multan,29,58944,fatima.iqbal@example.com,2017-07-31
E5469,Fatima Qureshi,Male,IT,Multan,36,54302,ahmed.iqbal@example.com,2018-09-20
E5470,Ayesha Qureshi,Female,Sales,Lahore,36,79469,fatima.qureshi@example.com,2016-02-03
E5471,Fatima Raza,Male,Operations,Multan,34,47480,nida.iqbal@example.com,2021-07-28
E5472,Ayesha Iqbal,Male,Finance,Islamabad,42,86119,bilal.hussain@example.com,2020-07-15
E5473,Ayesha Ahmed,Male,HR,,25,Rs 53645,ali.malik@example.com,2021-11-20
E5474,Omar Hussain,Male,,Multan,33,64341,fatima.khan@example.com,29/04/2019
E5475,Hina Iqbal,Male,IT,Faisalabad,26,64599,ayesha.raza@example.com,2017-10-19
E5476,Bilal Raza,Female,Marketing,Lahore,25,81233,bilal.raza@example.com,2016-05-09
E5477,Ayesha Ahmed,Female,IT,Islamabad,35,,ayesha.iqbal@example.com,2016-10-29
E5478,Omar Iqbal,Male,Marketing,Islamabad,52,40433,fatima.raza@example.com,2022-07-16
E5479,Hina Qureshi,Male,Sales,Islamabad,52,69415,omar.ahmed@example.com,2019-02-16
E5480,Omar Qureshi,Male,,Karachi,22,64294,nida.raza@example.com,2019-10-12
E5481,Fatima Iqbal,Male,Marketing,Karachi,23,36852,ahmed.qureshi@example.com,2020-07-16
E5482,Bilal Raza,Male,IT,Islamabad,31,75780,ali.khan@example.com,2021-12-14
E5483,Sara Raza,Male,Operations,,37,62857,nida.malik@example.com,2019-03-08
E5484,Nida Ahmed,Female,,Karachi,35,32832,zain.iqbal@example.com,2019-08-31
E5485,Bilal Iqbal,Male,Sales,,42,62110,ali.khan@example.com,2017-04-20
E5486,Zain Raza,Female,Finance,Lahore,30,51440,omar.malik@example.com,2017-11-27
E5487,Hina Malik,Male,HR,Islamabad,34,88192,zain.sheikh@example.com,2020-12-08
E5488,Hina Hussain,Male,IT,Faisalabad,43,49430,ali.sheikh@example.com,2015-06-29
E5489,Nida Iqbal,Female,HR,Multan,23,48917,omar.malik@example.com,2019-03-05
E5490,Sara Ahmed,Male,IT,Islamabad,49,60979,bilal.malik@example.com,2017-11-12
E5491,Ayesha Iqbal,Male,,Karachi,33,56495,sara.malik@example.com,2017-11-03
E5492,Omar Sheikh,Male,HR,Islamabad,51,41515,zain.raza@example.com,2018-12-12
E5493,Ali Raza,Female,HR,Islamabad,41,38981,zain.qureshi@example.com,2018-10-19
E5494,Ayesha Hussain,Male,,Faisalabad,27,80144,fatima.malik@example.com,2015-09-07
E5495,Nida Sheikh,Male,IT,Multan,45,89378,sara.malik@example.com,2016-05-03
E5496,Nida Raza,Male,,Faisalabad,52,53656,sara.malik@example.com,26/08/2019
E5497,Fatima Qureshi,Female,Operations,Lahore,25,34271,bilal.iqbal@example.com,2021-06-14
E5498,Ayesha Qureshi,Female,Marketing,Multan,54,68974,zain.khan@example.com,2019-01-31
E5499,Nida Khan,Male,Sales,Islamabad,55,44995,zain.ahmed@example.com,2016-01-10
E5500,  Ahmed Malik  ,Female,Marketing,Karachi,34,87278,zain.ahmed@example.com,2017-09-24
E5501,Ali Ahmed,Female,Finance,Multan,32,72388,zain.hussain@example.com,2022-12-29
E5502,Fatima Ahmed,Male,IT,Lahore,54,46295,sara.khan@example.com,2017-12-23
E5503,Ayesha Raza,Female,HR,Faisalabad,47,Rs 73558,ayesha.ahmed@example.com,2022-10-02
E5504,Ahmed Ahmed,Male,Operations,,24,80205,zain.khan@example.com,2016-12-26
E5505,Fatima Qureshi,Female,Operations,Multan,38,43678,nida.malik@example.com,25/11/2021
E5506,Ayesha Hussain,Male,Finance,Lahore,28,66814,hina.qureshi@example.com,2015-03-18
E5507,Bilal Sheikh,Female,HR,,46,Rs 62731,fatima.ahmed@example.com,2021-10-21
E5508,Ayesha Sheikh,Female,HR,,28,48654,fatima.iqbal@example.com,2019-08-04
E5509,Bilal Iqbal,Male,Finance,Karachi,41,63644,hina.hussain@example.com,2019-01-17
E5510,Bilal Qureshi,Male,Marketing,Islamabad,36,60558,zain.khan@example.com,2019-08-29
E5511,Zain Raza,Female,Sales,Faisalabad,43,54777,nida.ahmed@example.com,2017-10-14
E5512,Ayesha Qureshi,Male,IT,Faisalabad,39,36632,zain.hussain@example.com,2016-11-30
E5513,Ali Sheikh,Female,Operations,Multan,36,72984,ali.ahmed@example.com,2022-03-23
E5514,Hina Iqbal,Female,Marketing,Karachi,41,49675,fatima.ahmed@example.com,2017-07-11
E5515,Ali Ahmed,Female,Sales,Lahore,29,70193,nida.qureshi@example.com,2015-10-21
E5516,Nida Sheikh,Male,Marketing,Lahore,54,54665,ahmed.qureshi@example.com,2021-09-12
E5517,Ali Qureshi,Female,HR,Multan,31,72902,ayesha.raza@example.com,2021-02-07
E5518,Nida Ahmed,Male,Finance,Lahore,41,66939,ahmed.raza@example.com,03/06/2022
E5519,Ahmed Ahmed,Female,HR,Lahore,44,47034,ali.qureshi@example.com,2022-01-16
E5520,Ayesha Hussain,Female,Finance,Islamabad,42,83701,ahmed.ahmed@example.com,2016-05-18
E5521,Ayesha Malik,Female,Operations,Multan,50,49469,hina.qureshi@example.com,2021-12-28
E5522,Sara Ahmed,Male,Finance,Islamabad,40,85393,hina.khan@example.com,2015-09-11
E5523,Ahmed Ahmed,Female,HR,Karachi,48,78441,omar.ahmed@example.com,2020-05-04
E5524,Hina Khan,Female,Finance,Faisalabad,40,30517,ayesha.qureshi@example.com,03/04/2019
E5525,Nida Iqbal,Male,HR,Faisalabad,36,72998,ayesha.raza@example.com,2017-02-21
E5526,Fatima Hussain,Female,Marketing,Islamabad,34,45628,bilal.khan@example.com,2021-06-20
E5527,Zain Khan,Male,IT,Karachi,36,48122,omar.sheikh@example.com,2017-03-02
E5528,Ayesha Khan,Female,HR,Lahore,25,77204,ahmed.sheikh@example.com,2019-10-18
E5529,Zain Hussain,Male,Marketing,Lahore,39,61038,zain.khan@example.com,2019-09-08
E5530,  Omar Ahmed  ,Male,,,23,49137,hina.iqbal@example.com,2016-04-20
E5531,Hina Malik,Female,,,35,46829,sara.iqbal@example.com,2020-10-28
E5532,Ali Sheikh,Female,HR,,24,78330,omar.hussain@example.com,2016-12-23
E5533,Nida Khan,Male,Sales,,43,34682,nida.ahmed@example.com,2016-05-09
E5534,Ali Hussain,Male,Finance,Islamabad,27,31078,zain.iqbal@example.com,2022-12-09
E5535,Hina Iqbal,Male,Operations,Islamabad,54,45003,omar.khan@example.com,2015-01-07
E5536,Zain Iqbal,Male,Finance,Karachi,29,33383,ali.iqbal@example.com,2017-06-20
E5537,Bilal Iqbal,Male,,Islamabad,45,34340,hina.sheikh@example.com,2021-04-24
E5538,Fatima Sheikh,Female,Finance,Lahore,54,55399,ayesha.sheikh@example.com,2020-04-19
E5539,Zain Raza,Female,Marketing,Lahore,44,32837,ahmed.raza@example.com,2020-01-21
E5540,Zain Malik,Male,,Islamabad,37,76640,fatimaahmedexample.com,2021-04-12
E5541,Ahmed Ahmed,Female,Sales,Lahore,43,58904,nida.khan@example.com,2018-09-21
E5542,Ahmed Khan,Male,IT,,22,72192,ali.qureshi@example.com,2018-09-06
E5543,Ahmed Raza,Male,IT,,49,52475,fatima.khan@example.com,2018-12-17
E5544,Fatima Malik,Female,IT,Islamabad,30,88996,nida.malik@example.com,2020-10-10
E5545,Sara Malik,Male,HR,Karachi,31,72423,bilal.hussain@example.com,2017-05-26
E5546,Ali Khan,Male,,,45,30607,alihussainexample.com,2020-01-15
E5547,Fatima Malik,Female,HR,Multan,24,72856,nida.qureshi@example.com,2018-02-16
E5548,Hina Ahmed,Male,IT,Faisalabad,39,75158,sara.iqbal@example.com,2016-09-11
E5549,Ahmed Malik,Female,Sales,Lahore,26,37726,bilal.iqbal@example.com,2017-05-28
E5550,Ayesha Raza,Female,IT,,38,81861,sara.sheikh@example.com,2016-08-22
E5551,Ahmed Sheikh,Male,,Faisalabad,37,61460,zain.khan@example.com,2021-09-27
E5552,Ahmed Khan,Female,Finance,Multan,50,69753,hina.raza@example.com,2015-12-13
E5553,  Sara Raza  ,Male,HR,Faisalabad,34,Rs 33548,fatima.hussain@example.com,2016-06-25
E5554,Ahmed Iqbal,Female,Marketing,Lahore,37,39808,zain.khan@example.com,2019-09-08
E5555,Bilal Raza,Male,Finance,Faisalabad,35,85404,omar.raza@example.com,2018-09-30
E5556,Sara Qureshi,Female,HR,Faisalabad,26,52883,ayesha.sheikh@example.com,2015-10-01
E5557,Ayesha Qureshi,Female,,Karachi,33,71599,ayesha.iqbal@example.com,2016-12-01
E5558,Nida Khan,Female,Sales,Islamabad,35,76099,zain.iqbal@example.com,2015-06-21
E5559,Bilal Khan,Male,HR,Faisalabad,55,82708,ayesha.hussain@example.com,2015-07-05
E5560,Sara Hussain,Female,Marketing,,46,69179,fatima.khan@example.com,2018-08-18
E5561,Bilal Raza,Male,Sales,,44,,bilal.hussain@example.com,2020-05-19
E5562,Ahmed Raza,Female,Finance,Islamabad,43,72136,nida.khan@example.com,2022-05-24
E5563,Fatima Raza,Female,,Islamabad,47,31701,nida.iqbal@example.com,2018-03-27
E5564,Nida Hussain,Female,Marketing,Faisalabad,43,47170,ahmed.qureshi@example.com,2022-04-30
E5565,Bilal Hussain,Female,Finance,,25,52521,ahmed.sheikh@example.com,2017-09-27
E5566,Zain Ahmed,Female,Marketing,Karachi,32,57533,zain.raza@example.com,2020-02-03
E5567,Bilal Khan,Female,HR,Multan,30,63401,ayesha.raza@example.com,2019-02-10
E5568,Zain Hussain,Female,IT,Islamabad,22,75129,omar.iqbal@example.com,2016-02-23
E5569,Ahmed Khan,Female,IT,Islamabad,23,81376,omar.sheikh@example.com,2022-03-23
E5570,Fatima Khan,Female,HR,Islamabad,45,61484,sara.malik@example.com,2016-12-01
E5571,Omar Malik,Female,HR,,34,57647,hina.ahmed@example.com,03/09/2015
E5572,Hina Khan,Male,IT,Faisalabad,41,37669,sara.khan@example.com,2020-09-15
E5573,Ahmed Ahmed,Male,Sales,Multan,53,66945,bilal.sheikh@example.com,2020-07-12
E5574,Fatima Malik,Female,Finance,Islamabad,31,63894,zain.malik@example.com,2022-02-14
E5575,Fatima Qureshi,Female,HR,Faisalabad,50,88788,ahmed.raza@example.com,2022-04-17
E5576,Hina Ahmed,Female,HR,Multan,45,57940,nida.qureshi@example.com,2020-01-22
E5577,Hina Ahmed,Male,HR,Faisalabad,26,75372,zain.ahmed@example.com,2019-05-21
E5578,Sara Raza,Male,,Faisalabad,35,36413,omar.hussain@example.com,2016-05-23
E5579,Ali Ahmed,Female,HR,,33,66252,hina.raza@example.com,2019-07-22
E5580,Hina Ahmed,Male,Marketing,Multan,39,71716,ahmed.iqbal@example.com,2020-07-04
E5581,Omar Qureshi,Female,IT,Islamabad,47,34195,zain.qureshi@example.com,2020-09-02
E5582,Hina Qureshi,Male,Operations,Karachi,42,37671,zain.sheikh@example.com,2018-03-29
E5583,Omar Iqbal,Female,,Islamabad,26,31934,bilal.ahmed@example.com,2019-02-21
E5584,Ayesha Ahmed,Female,Finance,,34,51974,ahmed.hussain@example.com,2021-07-11
E5585,Ayesha Iqbal,Female,,Islamabad,45,,ahmed.sheikh@example.com,2020-05-07
E5586,Omar Sheikh,Male,Sales,Karachi,28,,zain.hussain@example.com,2016-10-30
E5587,Ayesha Raza,Female,HR,,38,72001,fatima.khan@example.com,2016-09-19
E5588,Omar Qureshi,Female,Finance,Faisalabad,49,35939,omar.sheikh@example.com,2021-01-01
E5589,  Fatima Raza  ,Female,Marketing,,29,71009,ahmed.raza@example.com,2017-09-23
E5590,Omar Sheikh,Male,,Lahore,32,37842,fatima.sheikh@example.com,2017-02-10
E5591,Bilal Hussain,Female,Operations,,24,43772,omar.hussain@example.com,12/09/2015
E5592,Hina Qureshi,Female,Finance,Islamabad,29,32348,fatima.malik@example.com,2018-09-19
E5593,Ayesha Qureshi,Male,Finance,Karachi,38,57993,zain.raza@example.com,2019-05-23
E5594,Ali Ahmed,Female,Finance,Multan,24,78805,hina.hussain@example.com,2016-05-11
E5595,Ahmed Ahmed,Female,IT,Faisalabad,51,67570,ali.qureshi@example.com,2019-12-16
E5596,Nida Hussain,Female,Operations,Karachi,54,75438,ali.khan@example.com,2017-05-09
E5597,Bilal Qureshi,Male,HR,Multan,36,87128,ahmed.hussain@example.com,2021-01-17
E5598,  Omar Qureshi  ,Male,HR,Islamabad,39,70183,sara.hussain@example.com,2015-03-15
E5599,Zain Sheikh,Male,Finance,Multan,23,76399,ahmed.qureshi@example.com,2017-05-02
E5600,Zain Iqbal,Male,Operations,Faisalabad,22,68366,ayesha.iqbal@example.com,2021-12-02
E5601,Nida Sheikh,Male,Marketing,Islamabad,50,73223,hina.sheikh@example.com,2021-05-28
E5602,Fatima Ahmed,Female,HR,Faisalabad,50,65994,bilal.hussain@example.com,25/07/2021
E5603,Ayesha Ahmed,Male,Finance,Multan,26,68139,hina.iqbal@example.com,2019-02-26
E5604,  Hina Malik  ,Female,HR,,48,72898,ayesha.qureshi@example.com,2022-01-21
E5605,Fatima Iqbal,Male,,Faisalabad,25,37556,bilal.iqbal@example.com,15/11/2015
E5606,Fatima Raza,Female,IT,Islamabad,28,86190,ali.raza@example.com,2020-04-30
E5607,Fatima Qureshi,Female,Operations,Lahore,23,72200,ayesha.raza@example.com,2019-11-09
E5608,Bilal Ahmed,Female,IT,,36,30759,ayesha.iqbal@example.com,2022-01-29
E5609,Fatima Raza,Male,,Multan,29,75552,ahmed.raza@example.com,2018-11-22
E5610,Fatima Raza,Female,HR,Faisalabad,50,73065,zain.malik@example.com,2017-06-05
E5611,Nida Raza,Male,,,37,65505,bilal.raza@example.com,2015-12-06
E5612,Sara Qureshi,Male,IT,Multan,41,66744,fatima.sheikh@example.com,2018-03-02
E5613,Ali Ahmed,Female,Sales,Multan,49,45981,fatima.iqbal@example.com,2021-11-01
E5614,Ahmed Iqbal,Male,HR,Karachi,34,35150,bilalhussainexample.com,2022-02-10
E5615,Nida Ahmed,Male,HR,Islamabad,33,55467,bilal.qureshi@example.com,2022-01-04
E5616,Hina Qureshi,Male,,Karachi,28,57364,zain.qureshi@example.com,2019-11-11
E5617,Zain Malik,Female,,Lahore,45,49307,zain.iqbal@example.com,2015-05-22
E5618,Sara Hussain,Female,Sales,Faisalabad,45,61810,fatima.raza@example.com,2018-12-13
E5619,Fatima Khan,Male,Marketing,Lahore,36,Rs 52225,omar.ahmed@example.com,2021-10-04
E5620,Sara Khan,Female,IT,Islamabad,37,42488,bilal.qureshi@example.com,2015-09-08
E5621,Nida Qureshi,Male,Marketing,Faisalabad,51,40211,sara.malik@example.com,2015-10-07
E5622,Zain Ahmed,Female,HR,Lahore,42,31978,ahmed.hussain@example.com,2019-11-01
E5623,Fatima Raza,Male,,Faisalabad,34,80775,nida.sheikh@example.com,2015-10-24
E5624,Sara Malik,Female,Operations,Multan,28,51014,omar.ahmed@example.com,2016-06-16
E5625,Ali Raza,Male,Finance,Multan,53,86161,ali.malik@example.com,2020-02-01
E5626,Bilal Hussain,Female,,Faisalabad,42,64483,fatima.raza@example.com,2017-05-23
E5627,Omar Iqbal,Female,Marketing,,30,39823,ahmedrazaexample.com,2022-09-12
E5628,Ali Hussain,Male,HR,Faisalabad,46,68047,ahmed.iqbal@example.com,2021-08-28
E5629,  Ayesha Hussain  ,Male,Marketing,Islamabad,28,54666,fatima.khan@example.com,2019-07-24
E5630,Omar Malik,Female,Marketing,Islamabad,33,67691,sara.raza@example.com,2018-10-27
E5631,Ayesha Qureshi,Male,Finance,Lahore,32,84885,bilal.raza@example.com,2016-12-07
E5632,Bilal Sheikh,Male,Marketing,Lahore,38,37141,ahmed.ahmed@example.com,2022-07-14
E5633,Fatima Malik,Male,Finance,Faisalabad,23,40351,ayesha.raza@example.com,2015-02-13
E5634,Hina Hussain,Female,HR,Karachi,25,43326,bilalqureshiexample.com,2018-01-28
E5635,Nida Qureshi,Male,Operations,,24,78670,hina.khan@example.com,2020-06-10
E5636,Nida Sheikh,Male,Operations,Karachi,30,63051,omar.sheikh@example.com,2018-07-13
E5637,Ali Malik,Female,Sales,Islamabad,42,81577,zain.hussain@example.com,2019-06-21
E5638,Fatima Qureshi,Male,Sales,Multan,34,64414,ayesha.iqbal@example.com,2022-02-12
E5639,Fatima Iqbal,Female,HR,Multan,53,48841,ali.malik@example.com,2015-01-14
E5640,Omar Ahmed,Female,Operations,Lahore,43,65705,bilalahmedexample.com,2016-05-27
E5641,Fatima Khan,Male,Operations,,27,46907,fatima.raza@example.com,2015-09-27
E5642,Fatima Khan,Female,IT,,36,64609,fatima.sheikh@example.com,2020-12-07
E5643,Ali Sheikh,Female,IT,,43,64847,sara.iqbal@example.com,2015-05-27
E5644,Ahmed Sheikh,Male,HR,Faisalabad,24,64468,ayesha.khan@example.com,2021-05-10
E5645,Bilal Sheikh,Male,Marketing,Faisalabad,24,Rs 33173,hina.ahmed@example.com,2018-08-02
E5646,Sara Malik,Female,Operations,Faisalabad,33,36317,zain.malik@example.com,2022-03-31
E5647,Fatima Ahmed,Male,,Karachi,31,60314,fatima.qureshi@example.com,2015-10-30
E5648,Fatima Malik,Female,Finance,Multan,52,78542,zain.sheikh@example.com,2020-03-31
E5649,Bilal Khan,Female,Operations,Islamabad,39,31218,hina.hussain@example.com,2018-06-16
E5650,Omar Sheikh,Female,Operations,Karachi,22,43001,bilal.sheikh@example.com,2022-11-12
E5651,Ahmed Raza,Female,Sales,Karachi,55,Rs 33426,fatima.iqbal@example.com,2016-04-11
E5652,Ahmed Hussain,Female,Finance,Multan,53,86199,sara.malik@example.com,2020-07-31
E5653,Ali Khan,Female,Finance,Lahore,45,36420,nida.sheikh@example.com,2018-05-14
E5654,  Sara Qureshi  ,Female,Finance,Lahore,53,55733,ahmed.ahmed@example.com,2021-03-19
E5655,Sara Raza,Female,Sales,Lahore,55,50045,ali.hussain@example.com,2018-12-29
E5656,Ayesha Ahmed,Female,HR,,38,87536,ahmedahmedexample.com,2021-02-13
E5657,Omar Khan,Male,HR,Karachi,30,88706,bilal.hussain@example.com,2018-02-12
E5658,  Zain Qureshi  ,Male,Marketing,,36,32450,bilal.sheikh@example.com,2020-05-24
E5659,  Omar Malik  ,Female,Operations,Faisalabad,44,39666,ahmed.hussain@example.com,2015-04-23
E5660,Nida Khan,Male,Finance,Islamabad,27,72203,fatima.malik@example.com,08/01/2015
E5661,  Nida Qureshi  ,Male,Marketing,Faisalabad,24,78034,nida.hussain@example.com,2016-10-08
E5662,Ahmed Ahmed,Female,Finance,,32,34635,ayesha.sheikh@example.com,2016-10-08
E5663,Ayesha Iqbal,Female,Sales,Multan,49,36592,nida.malik@example.com,2019-01-26
E5664,Bilal Khan,Male,HR,Karachi,41,40977,bilal.iqbal@example.com,2017-12-30
E5665,Nida Hussain,Female,HR,Islamabad,33,35471,omarhussainexample.com,2021-08-09
E5666,Fatima Iqbal,Male,Sales,Lahore,29,63692,nida.sheikh@example.com,2019-03-21
E5667,Sara Hussain,Male,,Faisalabad,41,38202,omar.ahmed@example.com,2016-12-09
E5668,Fatima Hussain,Male,,Multan,30,74913,ali.raza@example.com,2015-08-11
E5669,  Zain Qureshi  ,Male,IT,Islamabad,54,58418,zain.sheikh@example.com,2016-10-20
E5670,Nida Iqbal,Female,Sales,Multan,41,65314,ahmed.hussain@example.com,2018-12-30
E5671,Ahmed Khan,Male,Marketing,Lahore,26,47912,hina.khan@example.com,2020-07-10
E5672,Ahmed Raza,Male,HR,Islamabad,46,68394,ayesha.qureshi@example.com,2018-07-13
E5673,Nida Hussain,Male,Marketing,Karachi,36,59615,nida.qureshi@example.com,2016-04-05
E5674,Sara Hussain,Male,Finance,Karachi,39,38515,zain.khan@example.com,2019-07-28
E5675,Ali Raza,Female,HR,Lahore,40,Rs 85737,ayesha.malik@example.com,2020-11-08
E5676,Zain Raza,Male,Sales,Faisalabad,53,66283,aliiqbalexample.com,2020-06-30
E5677,Zain Khan,Female,Operations,,51,Rs 40506,omar.ahmed@example.com,2015-10-13
E5678,Ayesha Ahmed,Female,HR,Karachi,33,52011,nida.hussain@example.com,2018-02-24
E5679,Omar Ahmed,Male,,Multan,53,55204,omar.hussain@example.com,2018-08-27
E5680,Omar Sheikh,Female,Operations,Lahore,48,81136,ayesha.malik@example.com,2022-04-30
E5681,Hina Hussain,Female,Sales,Karachi,34,78722,ahmed.raza@example.com,2016-07-13
E5682,Sara Malik,Female,HR,,31,76043,ali.ahmed@example.com,2016-03-06
E5683,Ali Khan,Male,Finance,,22,48981,hina.khan@example.com,2021-11-10
E5684,Ali Hussain,Female,Finance,Lahore,44,83237,ahmed.sheikh@example.com,12/08/2018
E5685,Zain Qureshi,Male,Operations,Lahore,45,33628,omar.sheikh@example.com,2018-09-29
E5686,Nida Sheikh,Female,Finance,Islamabad,27,53134,zain.ahmed@example.com,2016-05-15
E5687,Fatima Raza,Female,HR,Islamabad,45,Rs 71329,hina.iqbal@example.com,2015-10-06
E5688,Omar Ahmed,Female,IT,Multan,51,75888,omar.ahmed@example.com,2017-07-05
E5689,Omar Khan,Female,Marketing,Islamabad,22,86071,bilal.qureshi@example.com,2021-11-17
E5690,Ali Malik,Male,Marketing,Lahore,38,54447,ali.khan@example.com,2021-09-20
E5691,Zain Qureshi,Male,Finance,Faisalabad,44,Rs 41773,sara.raza@example.com,2018-07-01
E5692,Sara Malik,Male,HR,Multan,34,89686,zain.qureshi@example.com,2020-11-08
E5693,Ali Qureshi,Female,,Karachi,36,75705,ayesha.sheikh@example.com,2017-08-07
E5694,Ahmed Malik,Male,,,22,72361,fatima.raza@example.com,2020-04-01
E5695,Hina Hussain,Male,IT,Faisalabad,40,54347,zain.raza@example.com,2016-09-03
E5696,Nida Qureshi,Male,,,36,35692,omar.malik@example.com,2019-08-18
E5697,Ayesha Raza,Male,,Islamabad,38,38909,sara.sheikh@example.com,2020-12-20
E5698,  Omar Khan  ,Female,,Lahore,39,75039,ayesha.ahmed@example.com,2019-04-20
E5699,Omar Qureshi,Male,Finance,,29,39357,zain.raza@example.com,2020-06-28
E5700,Ali Khan,Male,Sales,Lahore,45,79173,zain.raza@example.com,2017-03-18
E5701,Zain Hussain,Male,HR,Karachi,54,67917,ahmed.iqbal@example.com,2018-11-28
E5702,  Sara Hussain  ,Male,Marketing,Multan,31,40156,omar.malik@example.com,2017-11-21
E5703,Zain Raza,Male,Sales,Multan,46,63087,zain.ahmed@example.com,2015-05-06
E5704,Hina Khan,Female,HR,Islamabad,55,48358,fatima.ahmed@example.com,09/03/2017
E5705,Ali Iqbal,Female,Operations,Faisalabad,52,48978,hina.qureshi@example.com,2015-05-20
E5706,Hina Raza,Female,,Lahore,40,40520,fatima.qureshi@example.com,2020-01-06
E5707,Ali Hussain,Female,Finance,Multan,40,75014,fatima.malik@example.com,2018-12-15
E5708,Nida Ahmed,Male,Sales,Faisalabad,36,84905,fatima.iqbal@example.com,30/05/2020
E5709,Hina Sheikh,Male,IT,,37,58134,ayesha.sheikh@example.com,2017-10-15
E5710,Fatima Sheikh,Female,Operations,Karachi,53,Rs 59295,bilalmalikexample.com,2019-06-08
E5711,Fatima Iqbal,Female,Operations,Karachi,35,48915,sara.raza@example.com,2016-06-23
E5712,Omar Ahmed,Female,Marketing,,29,30228,sara.raza@example.com,2016-07-07
E5713,Fatima Hussain,Female,Marketing,,38,62057,ahmed.sheikh@example.com,2016-02-01
E5714,Hina Iqbal,Female,Sales,,22,54288,ayesha.hussain@example.com,2020-02-04
E5715,Omar Malik,Male,Finance,Faisalabad,31,77192,ayesha.qureshi@example.com,2019-06-20
E5716,Ayesha Ahmed,Male,Finance,Faisalabad,23,41464,bilal.malik@example.com,2016-05-09
E5717,Hina Qureshi,Male,IT,Islamabad,36,50728,ali.khan@example.com,2017-08-16
E5718,Ayesha Khan,Female,HR,Lahore,23,58170,hina.malik@example.com,2018-08-16
E5719,Ayesha Ahmed,Female,Finance,Lahore,25,30180,nida.malik@example.com,2015-01-20
E5720,Ayesha Sheikh,Male,,Lahore,28,34929,hina.ahmed@example.com,2017-10-16
E5721,Sara Iqbal,Male,Marketing,Multan,22,54715,sara.iqbal@example.com,2017-05-12
E5722,Omar Malik,Female,Finance,Lahore,36,59493,ali.sheikh@example.com,2017-03-19
E5723,Bilal Khan,Male,Operations,Karachi,27,69058,bilal.qureshi@example.com,2021-04-29
E5724,Nida Khan,Male,IT,Lahore,26,56324,nida.qureshi@example.com,2021-12-07
E5725,Bilal Sheikh,Female,Sales,Karachi,29,76919,omar.qureshi@example.com,2016-05-15
E5726,Fatima Qureshi,Male,Marketing,,41,59582,ali.ahmed@example.com,2021-12-24
E5727,Fatima Iqbal,Female,Sales,Multan,22,47482,hina.ahmed@example.com,2020-12-22
E5728,Omar Raza,Male,Finance,Lahore,53,48141,nida.ahmed@example.com,2017-01-01
E5729,Omar Malik,Male,Finance,Faisalabad,44,73612,hina.hussain@example.com,2020-09-19
E5730,Hina Sheikh,Female,IT,Multan,45,Rs 65109,sara.iqbal@example.com,2020-10-30
E5731,Sara Khan,Male,HR,Lahore,51,34123,fatima.raza@example.com,2021-05-25
E5732,Bilal Malik,Male,IT,Faisalabad,49,67428,zain.raza@example.com,2018-11-20
E5733,Ahmed Hussain,Male,Sales,Islamabad,32,84403,fatima.qureshi@example.com,01/08/2020
E5734,Omar Hussain,Male,,Multan,26,88750,omar.raza@example.com,2018-10-12
E5735,Bilal Malik,Female,IT,Multan,48,Rs 49409,ali.raza@example.com,2015-07-29
E5736,  Sara Khan  ,Male,HR,Faisalabad,35,54309,fatima.hussain@example.com,2020-04-21
E5737,Zain Malik,Female,Operations,Lahore,38,52345,bilal.raza@example.com,2018-07-11
E5738,Ahmed Malik,Female,HR,Faisalabad,54,39875,zain.sheikh@example.com,2016-04-14
E5739,Ahmed Iqbal,Male,HR,Multan,41,72875,omar.qureshi@example.com,2019-02-07
E5740,Omar Khan,Male,,Multan,40,30187,ali.sheikh@example.com,2017-02-15
E5741,Zain Ahmed,Female,IT,,36,78524,ayesha.qureshi@example.com,2016-01-28
E5742,Sara Hussain,Male,Sales,Karachi,25,48964,sara.hussain@example.com,2022-04-17
E5743,Nida Qureshi,Female,HR,Multan,43,51147,zain.iqbal@example.com,2015-01-23
E5744,Nida Khan,Female,Marketing,Karachi,35,83986,hinaiqbalexample.com,2021-07-03
E5745,Ali Qureshi,Female,Finance,,41,73861,bilal.khan@example.com,2016-05-31
E5746,Ali Hussain,Female,Operations,Lahore,38,79716,sara.khan@example.com,2020-12-13
E5747,Omar Malik,Male,Marketing,Multan,52,64058,omar.raza@example.com,2022-12-13
E5748,Nida Ahmed,Female,Marketing,Faisalabad,43,86654,ahmed.qureshi@example.com,2015-09-07
E5749,Hina Khan,Male,Sales,Karachi,44,87838,ahmed.qureshi@example.com,28/08/2022
E5750,Hina Malik,Female,HR,Multan,23,43127,sara.malik@example.com,2020-01-25
E5751,Bilal Malik,Female,HR,Islamabad,54,63960,fatima.malik@example.com,2019-10-23
E5752,Ahmed Qureshi,Female,Operations,Faisalabad,31,87096,nida.malik@example.com,2019-08-21
E5753,Fatima Raza,Male,Sales,Karachi,36,87350,omar.qureshi@example.com,2017-06-21
E5754,Hina Khan,Male,Marketing,Multan,31,53901,nida.iqbal@example.com,2020-07-15
E5755,Bilal Qureshi,Male,IT,Islamabad,55,35021,sara.sheikh@example.com,2015-02-24
E5756,  Omar Malik  ,Female,Finance,Multan,28,84214,fatima.iqbal@example.com,2021-12-19
E5757,Ayesha Khan,Male,Operations,Lahore,47,89488,nida.sheikh@example.com,2018-11-27
E5758,Hina Malik,Male,HR,Lahore,27,73110,nida.sheikh@example.com,2015-01-30
E5759,Hina Hussain,Male,Sales,Lahore,36,64110,hina.malik@example.com,2021-08-24
E5760,Omar Khan,Male,Marketing,Lahore,51,71678,aliiqbalexample.com,2019-07-26
E5761,Ahmed Qureshi,Female,Sales,Multan,27,53416,nida.hussain@example.com,2019-05-16
E5762,Hina Hussain,Male,HR,,42,36670,fatima.raza@example.com,2017-12-28
E5763,Ali Hussain,Male,,Faisalabad,54,Rs 73848,nida.malik@example.com,2019-06-04
E5764,Omar Malik,Female,,,23,46539,hina.raza@example.com,2018-10-10
E5765,Ahmed Raza,Male,HR,Multan,53,33202,ali.khan@example.com,2022-01-03
E5766,Sara Khan,Female,Finance,Multan,36,30427,hina.malik@example.com,2015-07-15
E5767,  Ayesha Iqbal  ,Male,IT,Islamabad,31,64650,bilal.hussain@example.com,2019-06-11
E5768,Ayesha Raza,Male,Sales,Lahore,53,80555,omariqbalexample.com,2015-01-21
E5769,Nida Qureshi,Female,,Lahore,29,75622,ahmed.sheikh@example.com,2016-11-11
E5770,Hina Malik,Female,Operations,Faisalabad,41,,ali.ahmed@example.com,2020-02-21
E5771,Ayesha Sheikh,Male,Sales,,46,53962,hinaiqbalexample.com,2019-08-28
E5772,Nida Khan,Male,,Multan,36,57227,zain.qureshi@example.com,2017-04-24
E5773,  Fatima Iqbal  ,Male,,Lahore,44,78308,sara.khan@example.com,2017-04-28
E5774,Bilal Ahmed,Female,Sales,Lahore,43,89425,fatima.hussain@example.com,2015-10-01
E5775,Ahmed Iqbal,Male,IT,Faisalabad,40,54265,omar.raza@example.com,2015-01-30
E5776,Zain Iqbal,Female,Operations,Karachi,31,72386,nidaiqbalexample.com,2016-07-21
E5777,Omar Malik,Male,Operations,Karachi,41,74936,nida.qureshi@example.com,2015-05-29
E5778,Zain Ahmed,Female,Operations,Islamabad,49,84620,ayesha.ahmed@example.com,2021-01-18
E5779,Bilal Raza,Female,Operations,,55,39725,ayesha.malik@example.com,2022-05-10
E5780,  Ayesha Malik  ,Male,Sales,,48,48746,ayesha.qureshi@example.com,2022-01-10
E5781,Ahmed Sheikh,Male,Marketing,,35,56101,fatima.malik@example.com,2016-06-13
E5782,Hina Ahmed,Female,,Multan,50,35705,fatimakhanexample.com,2018-02-20
E5783,Hina Malik,Female,Operations,Multan,33,31786,hinamalikexample.com,2019-08-23
E5784,Ayesha Iqbal,Male,Sales,,25,67619,hina.sheikh@example.com,2015-06-04
E5785,Ali Raza,Male,Operations,Lahore,35,36710,zain.malik@example.com,2022-04-08
E5786,Zain Sheikh,Female,Finance,Faisalabad,32,30525,omar.sheikh@example.com,2016-11-16
E5787,Omar Khan,Male,HR,Lahore,34,36453,ali.ahmed@example.com,2021-08-11
E5788,Bilal Khan,Male,HR,Multan,55,42445,ayesha.hussain@example.com,2022-01-27
E5789,Zain Khan,Male,IT,Lahore,36,51244,ali.khan@example.com,2016-07-08
E5790,Ayesha Ahmed,Female,HR,Lahore,31,Rs 66967,ali.qureshi@example.com,2019-04-05
E5791,Hina Raza,Male,,Faisalabad,30,78107,hina.malik@example.com,2020-06-24
E5792,Hina Qureshi,Male,Operations,Islamabad,52,36875,bilal.iqbal@example.com,2016-10-27
E5793,Ahmed Sheikh,Male,IT,Karachi,25,76029,omarqureshiexample.com,2019-02-06
E5794,Bilal Malik,Female,HR,Multan,41,70431,sara.malik@example.com,2016-03-14
E5795,Ayesha Sheikh,Male,Finance,Lahore,38,61277,sara.sheikh@example.com,2019-09-07
E5796,Ahmed Qureshi,Male,Finance,Lahore,37,58101,omar.qureshi@example.com,2021-11-11
E5797,Ahmed Sheikh,Male,Finance,Multan,30,88508,fatima.malik@example.com,11/08/2015
E5798,Omar Ahmed,Female,HR,Lahore,52,41663,hina.hussain@example.com,2018-05-19
E5799,Zain Iqbal,Female,HR,Lahore,40,46738,nida.ahmed@example.com,2021-02-18
E5800,Omar Khan,Male,Marketing,Lahore,23,79239,zain.qureshi@example.com,2016-01-20
E5801,Omar Khan,Male,Sales,Lahore,32,78970,ayesha.ahmed@example.com,2016-01-09
E5802,Fatima Iqbal,Female,HR,Karachi,46,69110,ahmed.hussain@example.com,2017-08-18
E5803,Sara Sheikh,Female,IT,Karachi,44,40148,ahmed.sheikh@example.com,2021-01-15
E5804,Bilal Iqbal,Male,IT,Karachi,43,83487,hina.qureshi@example.com,2021-06-19
E5805,Ayesha Raza,Male,IT,,42,65060,nida.ahmed@example.com,2015-03-27
E5806,Zain Qureshi,Male,IT,Lahore,33,43172,hina.sheikh@example.com,2019-01-11
E5807,Omar Khan,Male,HR,Karachi,38,31141,hina.malik@example.com,2018-06-01
E5808,Bilal Malik,Male,Marketing,,45,38188,ahmed.malik@example.com,2019-06-13
E5809,Ayesha Khan,Female,Operations,Multan,25,41082,ahmed.hussain@example.com,2015-03-04
E5810,Omar Hussain,Female,HR,Faisalabad,32,45659,sara.ahmed@example.com,2017-06-24
E5811,Fatima Hussain,Female,,Karachi,37,56563,ali.qureshi@example.com,2022-03-27
E5812,Nida Ahmed,Male,IT,Faisalabad,37,56081,omar.qureshi@example.com,2022-08-04
E5813,Hina Qureshi,Female,HR,Lahore,29,32830,omar.ahmed@example.com,2020-07-31
E5814,Nida Sheikh,Female,,Islamabad,23,62678,fatima.ahmed@example.com,2020-03-10
E5815,Ahmed Qureshi,Female,Marketing,Lahore,54,62698,hina.khan@example.com,2019-07-29
E5816,Bilal Malik,Male,,,28,42867,fatima.raza@example.com,30/01/2019
E5817,Zain Hussain,Male,Sales,Lahore,54,61600,sara.khan@example.com,2019-08-01
E5818,Nida Raza,Male,HR,Lahore,44,37799,omar.qureshi@example.com,2018-08-29
E5819,Fatima Raza,Male,Marketing,Lahore,39,73049,hina.raza@example.com,2020-12-13
E5820,Fatima Hussain,Male,Sales,Faisalabad,23,Rs 49449,bilal.sheikh@example.com,2020-08-25
E5821,Fatima Iqbal,Male,HR,Lahore,42,70697,zain.khan@example.com,26/04/2015
E5822,Nida Iqbal,Female,Operations,,27,64210,omar.raza@example.com,2018-09-01
E5823,Sara Sheikh,Male,IT,Multan,38,66173,nida.malik@example.com,2020-08-29
E5824,Zain Raza,Female,Finance,Faisalabad,37,37349,hina.raza@example.com,2016-12-17
E5825,Fatima Ahmed,Male,Marketing,Karachi,55,56454,bilal.raza@example.com,2021-07-21
E5826,Hina Sheikh,Female,,Islamabad,55,67427,ayesha.khan@example.com,2019-06-01
E5827,Zain Raza,Female,Marketing,,33,46965,nida.iqbal@example.com,2016-11-12
E5828,Fatima Sheikh,Male,Marketing,Faisalabad,52,44839,hina.malik@example.com,2015-09-30
E5829,Hina Ahmed,Male,Operations,Lahore,36,39771,fatima.sheikh@example.com,2019-02-11
E5830,Hina Hussain,Female,Sales,Lahore,53,72121,sara.sheikh@example.com,2015-02-28
E5831,Hina Ahmed,Male,,Multan,39,37385,ahmed.hussain@example.com,2018-01-06
E5832,Nida Malik,Male,HR,Multan,24,62017,ayesha.raza@example.com,2018-02-01
E5833,  Omar Iqbal  ,Male,Sales,Multan,38,51514,zain.raza@example.com,2016-07-09
E5834,Sara Hussain,Male,Marketing,Faisalabad,39,81468,fatima.sheikh@example.com,2021-12-25
E5835,Hina Hussain,Female,HR,Faisalabad,53,51675,omar.sheikh@example.com,2016-06-17
E5836,Omar Raza,Female,Marketing,Multan,27,82702,sara.raza@example.com,2017-10-16
E5837,Omar Qureshi,Female,Operations,Lahore,26,76009,fatima.raza@example.com,2022-04-25
E5838,Hina Iqbal,Female,Finance,Lahore,34,58580,sara.khan@example.com,2015-09-04
E5839,Ahmed Sheikh,Female,Operations,Lahore,31,69925,ayesha.iqbal@example.com,2020-01-04
E5840,  Fatima Khan  ,Female,Finance,Islamabad,40,37808,ahmed.hussain@example.com,2015-02-09
E5841,Ahmed Hussain,Female,Operations,Faisalabad,24,31181,ahmed.raza@example.com,24/09/2019
E5842,Bilal Hussain,Female,Operations,Islamabad,48,33862,omar.sheikh@example.com,2021-12-12
E5843,Ahmed Iqbal,Male,IT,Lahore,31,Rs 31301,omar.ahmed@example.com,2017-11-04
E5844,  Nida Khan  ,Female,Operations,Lahore,26,,fatima.iqbal@example.com,2020-03-08
E5845,Fatima Hussain,Male,Sales,Multan,40,56131,ali.raza@example.com,2015-11-22
E5846,Sara Raza,Female,Finance,Karachi,48,63312,zain.sheikh@example.com,2021-07-10
E5847,Nida Hussain,Female,Operations,Karachi,28,84278,fatima.sheikh@example.com,2016-04-09
E5848,Fatima Raza,Male,IT,Faisalabad,36,32026,ali.khan@example.com,2015-09-12
E5849,Bilal Ahmed,Female,Operations,Karachi,35,44325,hina.raza@example.com,2021-01-19
E5850,Ayesha Iqbal,Female,Marketing,,44,66581,hina.raza@example.com,2015-07-29
E5851,Nida Khan,Male,Sales,Karachi,38,85450,hina.ahmed@example.com,2019-07-10
E5852,Ahmed Hussain,Male,Marketing,Islamabad,50,39321,ali.qureshi@example.com,2020-01-30
E5853,Ahmed Malik,Female,IT,Lahore,34,62522,ahmed.ahmed@example.com,29/12/2016
E5854,Omar Raza,Female,Operations,Faisalabad,37,53104,hina.khan@example.com,2022-03-22
E5855,Nida Sheikh,Female,,Multan,52,82450,nida.sheikh@example.com,2020-10-31
E5856,Sara Hussain,Female,Operations,Islamabad,25,77408,sara.khan@example.com,2018-04-27
E5857,Sara Hussain,Male,IT,Karachi,32,45771,hina.raza@example.com,2015-04-04
E5858,Nida Iqbal,Female,,Faisalabad,42,59149,zain.iqbal@example.com,2021-09-02
E5859,Sara Malik,Male,,Islamabad,42,68962,hina.ahmed@example.com,2017-08-15
E5860,Omar Qureshi,Female,Operations,Faisalabad,44,Rs 55731,ali.malik@example.com,2016-04-18
E5861,  Omar Iqbal  ,Female,Marketing,,47,87299,omar.qureshi@example.com,2020-05-09
E5862,Zain Raza,Male,,Multan,34,56798,omar.ahmed@example.com,2016-03-09
E5863,Hina Iqbal,Male,Finance,Lahore,40,68334,ali.ahmed@example.com,27/03/2020
E5864,Bilal Ahmed,Female,HR,Multan,29,43601,nida.raza@example.com,2021-08-31
E5865,Hina Iqbal,Male,Finance,Multan,38,52017,nida.raza@example.com,2019-09-07
E5866,Nida Raza,Male,HR,Karachi,29,43607,ahmed.malik@example.com,2019-11-10
E5867,Ahmed Iqbal,Female,Sales,Lahore,44,Rs 75363,zain.qureshi@example.com,2018-08-21
E5868,Omar Raza,Male,,Lahore,51,54833,hina.iqbal@example.com,2020-07-18
E5869,Fatima Iqbal,Female,IT,Multan,51,66257,bilal.hussain@example.com,2021-06-01
E5870,Zain Raza,Female,Marketing,Lahore,29,74995,zain.sheikh@example.com,2016-04-19
E5871,Hina Khan,Male,HR,Karachi,25,39746,ayesha.sheikh@example.com,2022-02-10
E5872,Nida Raza,Female,HR,Islamabad,50,50795,zain.hussain@example.com,2022-03-09
E5873,Ahmed Qureshi,Female,,Islamabad,38,43684,sara.qureshi@example.com,2022-10-13
E5874,Ali Iqbal,Male,Finance,Islamabad,30,79485,hina.ahmed@example.com,2017-01-12
E5875,  Fatima Iqbal  ,Male,Marketing,Faisalabad,31,84401,ahmed.iqbal@example.com,2020-03-17
E5876,Omar Qureshi,Female,,Multan,34,31190,ayesha.ahmed@example.com,2022-10-02
E5877,Ahmed Iqbal,Female,Operations,Islamabad,49,85643,ahmed.sheikh@example.com,2016-11-17
E5878,Sara Hussain,Female,Sales,Islamabad,48,45703,nida.raza@example.com,2017-04-05
E5879,Zain Qureshi,Male,Finance,Lahore,45,30417,nida.malik@example.com,2019-11-03
E5880,Sara Raza,Female,Sales,Karachi,30,56899,fatima.sheikh@example.com,2015-06-07
E5881,  Omar Ahmed  ,Male,Marketing,,45,54739,zain.qureshi@example.com,2020-11-18
E5882,Sara Malik,Female,Marketing,Islamabad,28,60744,omar.khan@example.com,2018-08-17
E5883,Ayesha Malik,Male,,,38,35699,ahmed.qureshi@example.com,2018-01-13
E5884,Bilal Khan,Female,Sales,Karachi,28,68891,zain.malik@example.com,2016-08-29
E5885,Bilal Hussain,Female,HR,,22,87022,hina.khan@example.com,2018-10-12
E5886,Zain Sheikh,Female,Sales,Lahore,54,56635,ali.iqbal@example.com,2022-05-27
E5887,Zain Sheikh,Female,Sales,Faisalabad,33,58117,omar.sheikh@example.com,2019-04-22
E5888,Zain Sheikh,Male,,,50,74991,fatimaahmedexample.com,2017-05-08
E5889,Sara Malik,Female,Finance,Karachi,39,61359,zain.hussain@example.com,22/01/2020
E5890,Nida Sheikh,Female,Operations,Islamabad,42,54417,ali.malik@example.com,2019-11-23
E5891,Hina Iqbal,Female,Operations,Islamabad,50,79761,omar.qureshi@example.com,2021-01-24
E5892,Sara Khan,Female,,,39,57242,ayesha.sheikh@example.com,2016-10-07
E5893,Sara Malik,Female,Operations,Faisalabad,45,72809,omar.iqbal@example.com,2018-12-23
E5894,Ahmed Hussain,Female,Marketing,Lahore,48,40852,bilal.qureshi@example.com,2019-05-07
E5895,Ayesha Malik,Male,HR,Islamabad,44,57581,zain.iqbal@example.com,2018-01-18
E5896,Bilal Ahmed,Male,Operations,,31,43376,bilal.malik@example.com,2015-04-10
E5897,Ayesha Sheikh,Male,IT,Multan,45,77180,fatima.iqbal@example.com,2018-08-07
E5898,Ali Ahmed,Female,Marketing,Islamabad,23,78835,bilal.hussain@example.com,2022-05-29
E5899,Zain Khan,Female,Sales,Faisalabad,53,56630,hina.khan@example.com,2021-07-04
E5900,Ali Iqbal,Female,Sales,Islamabad,49,31350,fatima.iqbal@example.com,2019-11-01
E5901,Ali Qureshi,Male,Finance,Lahore,34,48466,fatima.hussain@example.com,2021-09-10
E5902,Ayesha Raza,Female,HR,Karachi,36,82014,hina.ahmed@example.com,2017-04-15
E5903,Fatima Hussain,Female,,Islamabad,52,74793,bilal.raza@example.com,2017-04-17
E5904,Hina Sheikh,Male,Sales,Karachi,36,73770,ayesha.ahmed@example.com,2020-05-27
E5905,Sara Sheikh,Female,Sales,Islamabad,48,79272,nida.khan@example.com,2022-01-11
E5906,Ali Malik,Male,IT,,40,64948,ayesha.ahmed@example.com,2016-11-06
E5907,Ayesha Khan,Female,Sales,Karachi,34,30649,fatima.sheikh@example.com,2020-01-28
E5908,Bilal Qureshi,Female,Sales,Multan,45,73123,ahmed.hussain@example.com,2016-01-23
E5909,Omar Iqbal,Male,HR,Karachi,36,31446,bilal.iqbal@example.com,2021-10-13
E5910,Hina Ahmed,Female,IT,Karachi,53,67730,sara.hussain@example.com,2017-04-23
E5911,Nida Iqbal,Female,HR,Islamabad,29,48327,zain.sheikh@example.com,2019-04-16
E5912,Bilal Iqbal,Male,HR,Karachi,33,41575,hina.sheikh@example.com,2019-11-23
E5913,Hina Sheikh,Male,Finance,Karachi,28,43979,ahmed.iqbal@example.com,2017-02-07
E5914,Sara Malik,Male,Operations,Lahore,40,57474,hina.iqbal@example.com,2020-06-08
E5915,Fatima Hussain,Female,IT,,47,74519,nida.malik@example.com,2018-04-15
E5916,Omar Iqbal,Male,HR,Multan,37,72293,fatima.malik@example.com,2021-06-13
E5917,Fatima Khan,Male,Marketing,,25,76474,zain.ahmed@example.com,2016-05-03
E5918,Sara Khan,Female,Operations,Islamabad,53,78603,sara.qureshi@example.com,2018-01-15
E5919,Ayesha Qureshi,Female,IT,Islamabad,25,87597,ayesha.qureshi@example.com,2017-01-01
E5920,Ayesha Hussain,Female,Sales,Faisalabad,25,83125,sara.malik@example.com,2019-09-16
E5921,Ayesha Khan,Male,Sales,Multan,43,70300,ali.malik@example.com,2015-03-03
E5922,Hina Hussain,Female,Marketing,Multan,55,Rs 36901,ali.malik@example.com,07/12/2021
E5923,Hina Qureshi,Male,Finance,Lahore,35,60392,hina.malik@example.com,2020-04-26
E5924,Sara Qureshi,Female,Sales,,23,82201,ahmed.raza@example.com,2021-05-09
E5925,Ali Raza,Male,Marketing,Karachi,38,38339,sara.ahmed@example.com,2020-11-03
E5926,Ahmed Hussain,Female,Sales,Karachi,32,Rs 56689,omar.qureshi@example.com,2020-05-05
E5927,Fatima Qureshi,Female,Finance,Lahore,47,46031,hina.malik@example.com,2016-10-19
E5928,Omar Malik,Male,,Karachi,35,71078,sara.raza@example.com,2019-12-16
E5929,  Fatima Qureshi  ,Female,Marketing,Lahore,31,80388,ayesha.khan@example.com,18/02/2015
E5930,Hina Malik,Male,Operations,Multan,37,68573,bilalqureshiexample.com,2020-04-18
E5931,Sara Hussain,Female,Finance,Lahore,26,72272,nida.iqbal@example.com,2020-01-04
E5932,Ayesha Khan,Male,IT,,25,38855,omar.raza@example.com,2015-09-26
E5933,Ayesha Hussain,Female,Sales,Karachi,33,32740,omar.iqbal@example.com,2015-02-18
E5934,Bilal Raza,Female,Finance,Faisalabad,47,80072,fatima.sheikh@example.com,21/07/2021
E5935,Fatima Khan,Male,Marketing,,44,53777,ayesha.sheikh@example.com,2022-12-08
E5936,Fatima Qureshi,Female,Operations,Karachi,42,58903,nida.iqbal@example.com,2018-12-18
E5937,Fatima Hussain,Female,HR,Lahore,53,40449,fatima.raza@example.com,2016-08-06
E5938,Bilal Malik,Female,HR,Karachi,40,74836,nida.qureshi@example.com,2021-05-01
E5939,Hina Iqbal,Male,,Lahore,52,48511,ali.iqbal@example.com,2017-10-24
E5940,Ali Malik,Female,IT,Faisalabad,38,81743,fatima.malik@example.com,2022-12-24
E5941,Ayesha Iqbal,Male,HR,Multan,40,89569,omar.iqbal@example.com,2020-05-02
E5942,Hina Hussain,Male,IT,Multan,34,44243,ayesha.ahmed@example.com,2019-05-23
E5943,Sara Malik,Male,IT,Multan,47,,ali.sheikh@example.com,2021-03-13
E5944,Zain Iqbal,Male,Finance,,47,33078,ali.iqbal@example.com,2017-09-10
E5945,  Ali Hussain  ,Female,Sales,Multan,53,51020,bilal.sheikh@example.com,2016-10-28
E5946,Ayesha Raza,Male,Sales,Islamabad,36,56601,ali.hussain@example.com,2015-04-11
E5947,Sara Iqbal,Female,HR,Islamabad,42,55753,ahmed.hussain@example.com,2022-08-30
E5948,Ayesha Iqbal,Female,Operations,Faisalabad,31,Rs 32421,zain.iqbal@example.com,2021-05-08
E5949,  Zain Raza  ,Male,IT,Karachi,28,87457,zain.qureshi@example.com,2019-11-20
E5950,Ahmed Sheikh,Male,HR,Karachi,47,69865,fatima.raza@example.com,2020-07-24
E5951,Zain Qureshi,Female,Sales,Faisalabad,23,84348,nida.ahmed@example.com,2020-03-04
E5952,Sara Qureshi,Female,Operations,,55,72008,ayesha.ahmed@example.com,2021-11-08
E5953,Ayesha Qureshi,Female,Marketing,Multan,37,38667,fatimaiqbalexample.com,2017-03-26
E5954,Hina Ahmed,Male,Operations,Faisalabad,41,70949,bilal.hussain@example.com,2021-02-20
E5955,Fatima Qureshi,Male,Sales,Lahore,24,77319,ali.qureshi@example.com,2018-02-23
E5956,Zain Ahmed,Male,Marketing,Multan,32,89017,ahmed.qureshi@example.com,2016-02-28
E5957,Fatima Sheikh,Male,HR,Karachi,54,46719,sara.raza@example.com,2016-03-31
E5958,Nida Hussain,Male,Finance,Faisalabad,51,68122,omar.malik@example.com,2019-09-16
E5959,Sara Raza,Male,,Lahore,39,46036,ahmed.ahmed@example.com,2016-04-23
E5960,Omar Qureshi,Female,Finance,Lahore,22,58590,nida.hussain@example.com,2020-12-25
E5961,Bilal Hussain,Female,Marketing,Islamabad,35,83378,bilal.hussain@example.com,2018-02-04
E5962,Omar Khan,Female,HR,Faisalabad,35,77880,ayesha.ahmed@example.com,2022-03-17
E5963,Zain Hussain,Male,Marketing,Multan,39,55983,bilal.ahmed@example.com,10/03/2020
E5964,Ayesha Raza,Female,Sales,Karachi,47,61207,sarakhanexample.com,2017-11-20
E5965,Sara Raza,Male,HR,Lahore,39,71990,nida.raza@example.com,2019-05-05
E5966,Ayesha Malik,Male,Marketing,,52,74255,hina.iqbal@example.com,2016-03-04
E5967,Bilal Ahmed,Female,HR,Faisalabad,34,72899,ali.ahmed@example.com,2019-02-28
E5968,Omar Iqbal,Male,,Multan,45,43146,zain.ahmed@example.com,2022-12-06
E5969,Zain Malik,Female,Marketing,Multan,36,51614,ahmediqbalexample.com,2022-07-17
E5970,Nida Qureshi,Female,HR,Multan,43,61944,ahmed.malik@example.com,2018-01-08
E5971,Ahmed Ahmed,Female,Finance,Multan,46,38392,nida.hussain@example.com,2018-08-16
E5972,Ali Iqbal,Male,Finance,Multan,32,38632,sara.sheikh@example.com,13/08/2015
E5973,Omar Sheikh,Male,Sales,Karachi,28,Rs 71951,bilal.qureshi@example.com,2022-12-18
E5974,Ali Ahmed,Male,Finance,Faisalabad,42,79206,ahmed.ahmed@example.com,27/09/2020
E5975,Ahmed Hussain,Female,Sales,Multan,40,71526,fatima.ahmed@example.com,2021-06-21
E5976,Hina Iqbal,Female,Sales,Lahore,31,73901,ahmed.qureshi@example.com,2022-05-13
E5977,Omar Iqbal,Male,Finance,,48,52464,zainqureshiexample.com,2020-06-10
E5978,Zain Raza,Female,Operations,Karachi,30,50016,nida.qureshi@example.com,2015-02-15
E5979,Ayesha Ahmed,Male,Operations,,48,58920,bilal.malik@example.com,08/11/2019
E5980,Fatima Iqbal,Male,HR,Faisalabad,51,84226,nida.khan@example.com,2018-01-22
E5981,Ahmed Malik,Male,Finance,Multan,27,64886,ali.hussain@example.com,2019-04-15
E5982,Ali Sheikh,Male,Sales,,55,54588,hina.khan@example.com,2017-12-06
E5983,Hina Malik,Female,Operations,Islamabad,32,88754,ahmed.qureshi@example.com,2019-04-03
E5984,  Ayesha Khan  ,Male,HR,Faisalabad,48,87854,ayesha.sheikh@example.com,2019-04-12
E5985,Ayesha Khan,Male,Marketing,Faisalabad,52,61291,hina.hussain@example.com,2018-10-09
E5986,Fatima Ahmed,Female,Marketing,Lahore,25,33903,nida.raza@example.com,2020-01-22
E5987,Ahmed Khan,Female,Finance,,27,64595,sara.iqbal@example.com,2021-03-30
E5988,Zain Ahmed,Male,Finance,Lahore,35,37271,omar.malik@example.com,2022-06-10
E5989,Nida Malik,Male,IT,Islamabad,49,40957,hina.iqbal@example.com,2018-05-25
E5990,Nida Khan,Female,HR,,26,45453,hina.iqbal@example.com,2018-07-22
E5991,Sara Sheikh,Female,IT,Multan,27,86971,ahmed.ahmed@example.com,2022-12-06
E5992,Hina Malik,Female,Sales,Lahore,48,30075,hina.malik@example.com,2020-08-15
E5993,Zain Malik,Female,Sales,Multan,46,44668,bilal.qureshi@example.com,2019-02-20
E5994,Zain Sheikh,Female,HR,Islamabad,50,31628,ayesha.khan@example.com,2019-06-28
E5995,Nida Hussain,Male,Marketing,Faisalabad,36,39150,bilal.raza@example.com,2018-08-05
E5996,Bilal Malik,Female,Sales,Islamabad,33,70074,bilal.qureshi@example.com,2020-09-06
E5997,  Sara Hussain  ,Male,Sales,Islamabad,31,78592,fatima.iqbal@example.com,2022-12-13
E5998,Fatima Sheikh,Female,Operations,Islamabad,29,87127,nida.khan@example.com,2021-03-14
E5999,Hina Ahmed,Male,HR,,51,57433,hina.raza@example.com,2018-09-04
E6000,Zain Hussain,Male,HR,Faisalabad,50,42831,omar.qureshi@example.com,2021-06-29
E6001,Omar Iqbal,Female,Marketing,Islamabad,44,89132,zain.ahmed@example.com,2016-04-05
E6002,Sara Hussain,Female,Finance,,39,40019,bilal.ahmed@example.com,2019-04-24
E6003,Sara Raza,Female,Marketing,Islamabad,26,75562,omar.raza@example.com,2015-10-25
E6004,Ayesha Khan,Male,IT,Multan,41,47539,ayesha.malik@example.com,2015-05-03
E6005,Nida Malik,Female,HR,Islamabad,38,Rs 55506,nida.iqbal@example.com,2020-12-07
E6006,Hina Sheikh,Male,Sales,Multan,53,36149,sara.malik@example.com,2019-02-11
E6007,Ahmed Hussain,Male,,Multan,52,64602,hina.raza@example.com,2019-10-18
E6008,Fatima Raza,Female,IT,,33,47619,fatima.ahmed@example.com,2015-05-25
E6009,Omar Iqbal,Male,Sales,Lahore,23,63556,sara.iqbal@example.com,04/10/2020
E6010,Bilal Hussain,Male,IT,Karachi,39,59703,zain.qureshi@example.com,2017-08-22
E6011,Sara Qureshi,Female,Finance,,43,71689,nida.hussain@example.com,2018-10-02
E6012,Fatima Sheikh,Male,IT,,36,31022,sara.raza@example.com,2022-09-29
E6013,  Fatima Malik  ,Female,HR,Multan,36,56284,hina.khan@example.com,2016-05-09
E6014,Zain Iqbal,Female,Marketing,Lahore,50,31423,ahmed.raza@example.com,2022-11-29
E6015,Hina Qureshi,Female,Finance,Islamabad,46,88819,hina.iqbal@example.com,2016-05-04
E6016,Omar Ahmed,Male,IT,Karachi,51,66568,sara.ahmed@example.com,2020-01-13
E6017,Fatima Iqbal,Female,Finance,Islamabad,28,89757,sara.malik@example.com,2017-10-27
E6018,  Nida Sheikh  ,Female,Finance,Karachi,49,58352,hina.sheikh@example.com,2019-08-17
E6019,Ayesha Hussain,Male,,Multan,30,38678,hina.khan@example.com,06/02/2020
E6020,Hina Ahmed,Female,,Faisalabad,51,74583,ali.raza@example.com,2017-12-03
E6021,Ayesha Raza,Male,IT,,47,78138,sara.hussain@example.com,2021-01-04
E6022,Hina Hussain,Female,Operations,Faisalabad,31,64460,sara.qureshi@example.com,2021-01-25
E6023,  Ayesha Iqbal  ,Female,Marketing,Karachi,39,48977,ahmed.khan@example.com,2020-04-08
E6024,Ali Ahmed,Male,IT,,37,33430,ali.malik@example.com,2022-03-21
E6025,Nida Ahmed,Male,Operations,Karachi,48,65548,omar.sheikh@example.com,2021-07-05
E6026,Ahmed Qureshi,Female,HR,Faisalabad,25,89895,ali.malik@example.com,2022-03-13
E6027,Bilal Raza,Female,HR,Multan,47,52555,fatima.ahmed@example.com,2016-04-19
E6028,Fatima Hussain,Female,,Karachi,36,72483,omar.qureshi@example.com,2018-10-14
E6029,Bilal Raza,Female,,Karachi,24,Rs 81748,omar.qureshi@example.com,23/08/2015
E6030,Ali Qureshi,Male,IT,Karachi,24,44849,nida.ahmed@example.com,2021-05-09
E6031,Nida Hussain,Female,Finance,Multan,51,63978,zain.ahmed@example.com,2015-12-23
E6032,Hina Khan,Female,,Multan,55,88283,bilal.sheikh@example.com,2016-01-10
E6033,Ali Iqbal,Female,IT,Multan,33,69891,sara.sheikh@example.com,2021-03-20
E6034,Ahmed Qureshi,Female,Marketing,Islamabad,35,Rs 71314,hina.iqbal@example.com,2018-01-20
E6035,Omar Qureshi,Female,Operations,Islamabad,35,85101,bilal.raza@example.com,2020-05-22
E6036,Nida Raza,Male,Operations,,26,45589,omar.iqbal@example.com,2022-07-14
E6037,Nida Raza,Male,Sales,Faisalabad,52,51551,nida.hussain@example.com,2017-02-18
E6038,Zain Khan,Female,Marketing,,54,87827,ahmed.khan@example.com,2017-01-03
E6039,Nida Hussain,Female,HR,Islamabad,53,89916,fatima.khan@example.com,2019-04-06
E6040,  Ali Raza  ,Female,Finance,Karachi,35,54105,bilal.sheikh@example.com,2022-06-05
E6041,Hina Raza,Male,,Multan,45,73343,hina.sheikh@example.com,17/04/2016
E6042,Omar Khan,Female,HR,Islamabad,48,34430,nida.iqbal@example.com,2020-04-03
E6043,  Zain Iqbal  ,Male,,Faisalabad,36,74895,hina.hussain@example.com,2022-07-27
E6044,Zain Khan,Female,,Islamabad,33,71686,fatima.iqbal@example.com,2016-03-23
E6045,Nida Raza,Female,Marketing,Multan,26,39490,sara.raza@example.com,2016-10-24
E6046,Bilal Hussain,Male,Sales,,28,80958,sara.hussain@example.com,2018-01-31
E6047,Sara Iqbal,Male,Marketing,Islamabad,54,33889,hina.ahmed@example.com,2015-01-03
E6048,Fatima Sheikh,Female,Sales,Islamabad,51,62228,sara.iqbal@example.com,2016-11-22
E6049,Sara Khan,Male,Operations,,28,63457,nida.qureshi@example.com,2022-01-29
E6050,Ahmed Ahmed,Female,Marketing,Islamabad,46,,ahmed.qureshi@example.com,2016-01-26
E6051,Hina Khan,Male,,,31,37449,fatima.khan@example.com,2019-05-14
E6052,Zain Sheikh,Female,Marketing,Lahore,46,65931,sara.ahmed@example.com,2022-09-16
E6053,Zain Iqbal,Male,Marketing,Karachi,55,44974,ahmed.qureshi@example.com,2015-12-27
E6054,Omar Raza,Female,Sales,,52,69958,ayesha.iqbal@example.com,31/08/2015
E6055,Fatima Malik,Male,Marketing,Lahore,50,31585,nida.malik@example.com,2016-10-28
E6056,Zain Hussain,Male,IT,,36,83521,zain.iqbal@example.com,2016-11-07
E6057,Bilal Malik,Male,,Lahore,43,87522,ali.ahmed@example.com,2016-04-29
E6058,Ayesha Malik,Male,Sales,Karachi,29,59872,ahmed.ahmed@example.com,2022-04-16
E6059,Ali Raza,Male,Marketing,,25,57430,bilal.khan@example.com,2020-02-27
E6060,Zain Sheikh,Male,Finance,Lahore,44,61278,sara.qureshi@example.com,2016-11-03
E6061,Hina Ahmed,Male,Sales,Islamabad,51,85313,ayesha.raza@example.com,2018-06-19
E6062,Bilal Qureshi,Male,HR,Karachi,35,40472,ali.raza@example.com,30/07/2018
E6063,Hina Hussain,Female,IT,Multan,41,80507,nida.raza@example.com,2022-08-31
E6064,Fatima Malik,Male,Sales,Multan,41,86037,ahmedmalikexample.com,2017-05-05
E6065,Omar Raza,Male,Sales,Islamabad,48,33559,omar.hussain@example.com,2021-06-15
E6066,Zain Khan,Female,HR,Faisalabad,55,Rs 32473,ahmed.qureshi@example.com,2021-10-21
E6067,Nida Malik,Male,Operations,Islamabad,43,,fatima.sheikh@example.com,2021-02-28
E6068,Ayesha Sheikh,Male,Operations,Islamabad,22,33209,fatima.sheikh@example.com,2016-11-05
E6069,Bilal Raza,Male,HR,Karachi,24,83649,nida.malik@example.com,2020-08-02
E6070,Fatima Khan,Male,Operations,Faisalabad,40,80652,ahmed.hussain@example.com,2016-05-10
E6071,Omar Iqbal,Female,,Faisalabad,50,,ali.sheikh@example.com,2017-06-16
E6072,Bilal Iqbal,Female,Sales,Karachi,38,64723,ayesha.khan@example.com,2021-01-20
E6073,Sara Qureshi,Female,Finance,Karachi,51,37506,sara.hussain@example.com,2021-05-22
E6074,Ahmed Raza,Female,,Karachi,32,63013,bilal.malik@example.com,2018-07-03
E6075,Hina Qureshi,Female,,Karachi,36,54051,bilal.hussain@example.com,2022-10-16
E6076,Fatima Raza,Female,IT,Islamabad,47,35145,fatima.iqbal@example.com,2021-04-09
E6077,Ali Qureshi,Female,IT,Islamabad,28,41546,hina.qureshi@example.com,30/12/2015
E6078,  Nida Ahmed  ,Male,IT,,46,68968,sara.khan@example.com,2021-08-12
E6079,Fatima Ahmed,Female,Finance,Karachi,48,54024,fatima.sheikh@example.com,2020-05-24
E6080,Ali Ahmed,Female,Sales,Karachi,31,61609,fatima.khan@example.com,2019-08-11
E6081,Ahmed Sheikh,Male,Marketing,Islamabad,24,Rs 61342,omar.ahmed@example.com,2021-01-16
E6082,Nida Malik,Female,HR,Multan,50,73443,omar.ahmed@example.com,2017-06-01
E6083,Hina Qureshi,Female,IT,Multan,30,41467,nida.khan@example.com,2022-01-26
E6084,Bilal Ahmed,Female,IT,Faisalabad,47,33360,zain.qureshi@example.com,06/06/2017
E6085,Ali Ahmed,Male,Finance,Karachi,46,39059,sara.sheikh@example.com,2017-09-22
E6086,Bilal Iqbal,Female,IT,Karachi,36,34104,bilal.qureshi@example.com,2019-05-19
E6087,Ahmed Khan,Female,Marketing,Faisalabad,49,89970,omar.raza@example.com,2015-10-15
E6088,Ayesha Hussain,Female,HR,Faisalabad,53,81799,nida.khan@example.com,2021-01-11
E6089,Ayesha Hussain,Male,HR,,50,47405,ayesha.malik@example.com,2019-09-07
E6090,Omar Malik,Male,Finance,Multan,49,89425,fatima.ahmed@example.com,2017-07-14
E6091,Fatima Malik,Male,IT,Islamabad,36,61807,hina.khan@example.com,2016-05-06
E6092,  Zain Iqbal  ,Female,Sales,Multan,46,47492,ahmed.ahmed@example.com,2020-01-06
E6093,Zain Ahmed,Female,Operations,,46,84886,sara.malik@example.com,2022-10-02
E6094,Ahmed Sheikh,Female,Sales,Islamabad,36,,zain.raza@example.com,05/03/2022
E6095,Nida Malik,Female,,Islamabad,45,36418,bilal.khan@example.com,2016-07-16
E6096,Ahmed Hussain,Female,,Faisalabad,30,58435,ali.qureshi@example.com,2017-09-17
E6097,Fatima Malik,Female,HR,,52,77666,ali.khan@example.com,2020-01-15
E6098,Sara Malik,Female,Sales,Karachi,37,Rs 58230,nida.hussain@example.com,2022-05-07
E6099,Zain Hussain,Female,Finance,,47,77128,fatima.qureshi@example.com,2021-01-01
E6100,Bilal Malik,Female,IT,Lahore,22,37162,ayesha.malik@example.com,2021-12-05
E6101,Bilal Hussain,Female,Operations,Karachi,23,70370,omar.raza@example.com,2016-02-28
E6102,Zain Malik,Female,,,50,62998,ahmed.khan@example.com,2022-06-15
E6103,Ali Hussain,Female,Finance,Faisalabad,45,,ahmed.khan@example.com,16/12/2015
E6104,Omar Malik,Female,Sales,Faisalabad,45,44455,ahmed.ahmed@example.com,2021-02-11
E6105,Zain Khan,Female,Operations,Lahore,22,34902,sara.qureshi@example.com,2019-08-22
E6106,Ahmed Khan,Female,Sales,Lahore,38,79712,bilal.ahmed@example.com,2021-10-03
E6107,Hina Khan,Female,Finance,Karachi,22,79161,omar.qureshi@example.com,2021-03-22
E6108,Fatima Iqbal,Male,HR,Karachi,39,41592,ayesha.qureshi@example.com,2019-04-03
E6109,Zain Sheikh,Female,Finance,,29,37363,ahmed.qureshi@example.com,2015-07-15
E6110,Bilal Raza,Male,Finance,Multan,34,58940,bilal.sheikh@example.com,2020-05-26
E6111,Ayesha Sheikh,Male,Operations,,54,78190,ali.qureshi@example.com,2021-01-21
E6112,Nida Malik,Female,,Multan,36,,sarasheikhexample.com,2018-03-03
E6113,Ali Qureshi,Male,Operations,Lahore,54,72792,bilal.malik@example.com,2017-05-06
E6114,Ayesha Sheikh,Female,IT,Faisalabad,25,36926,nida.raza@example.com,2018-04-11
E6115,Bilal Raza,Female,,Lahore,28,51941,sarahussainexample.com,2015-03-28
E6116,Ali Hussain,Female,Marketing,Islamabad,26,76924,sara.raza@example.com,2015-10-01
E6117,Sara Qureshi,Female,Sales,,51,72492,hina.hussain@example.com,2019-11-11
E6118,Ali Iqbal,Male,,Multan,42,36706,fatima.raza@example.com,2015-01-08
E6119,Omar Raza,Male,IT,Multan,31,42267,omar.ahmed@example.com,2022-08-05
E6120,Zain Ahmed,Female,HR,Lahore,30,43027,ali.ahmed@example.com,2022-10-23
E6121,Nida Iqbal,Female,IT,Lahore,22,45331,sara.khan@example.com,2019-09-29
E6122,Zain Hussain,Male,,Islamabad,52,67699,zain.ahmed@example.com,2020-12-22
E6123,Ahmed Iqbal,Female,HR,Lahore,22,73947,zainqureshiexample.com,2017-07-24
E6124,  Nida Qureshi  ,Female,,Lahore,53,67614,ayesharazaexample.com,17/01/2015
E6125,Ahmed Iqbal,Male,,Lahore,52,68847,nida.qureshi@example.com,2019-04-20
E6126,Zain Sheikh,Female,IT,Islamabad,54,77530,nida.ahmed@example.com,2021-03-14
E6127,Nida Malik,Male,,,47,77733,ahmed.sheikh@example.com,2018-12-26
E6128,Sara Sheikh,Female,,Faisalabad,29,55287,ayesha.iqbal@example.com,2015-02-25
E6129,Sara Raza,Female,IT,Lahore,55,66292,nida.sheikh@example.com,2017-05-16
E6130,Ahmed Iqbal,Female,HR,,33,86415,ali.sheikh@example.com,2021-12-24
E6131,Sara Hussain,Female,,Multan,45,80839,ayeshakhanexample.com,22/07/2018
E6132,Nida Khan,Male,Sales,Karachi,48,87139,ahmedahmedexample.com,2019-12-14
E6133,Ahmed Khan,Male,Finance,Karachi,26,84943,bilal.khan@example.com,2019-02-09
E6134,Fatima Raza,Male,IT,Lahore,48,66583,fatima.iqbal@example.com,2021-03-30
E6135,Ayesha Malik,Female,,Islamabad,49,49473,zain.malik@example.com,2015-12-03
E6136,Fatima Iqbal,Male,Finance,Karachi,38,32490,bilal.hussain@example.com,2022-10-04
E6137,Bilal Hussain,Female,,Faisalabad,24,69404,ali.raza@example.com,2018-11-01
E6138,Sara Sheikh,Male,IT,Islamabad,32,64541,ayesha.malik@example.com,2016-08-23
E6139,Fatima Raza,Female,,Karachi,22,40305,zain.sheikh@example.com,2018-09-26
E6140,Sara Qureshi,Male,HR,Faisalabad,30,49102,bilalmalikexample.com,2016-07-13
E6141,  Zain Iqbal  ,Female,,Lahore,23,76806,zain.iqbal@example.com,2018-03-21
E6142,Ali Iqbal,Male,,Lahore,31,78662,zain.sheikh@example.com,2021-09-11
E6143,Ali Khan,Female,Sales,Islamabad,32,82572,omar.raza@example.com,2019-02-13
E6144,Bilal Hussain,Female,Finance,Faisalabad,33,40179,ahmed.khan@example.com,2018-06-17
E6145,Ahmed Hussain,Male,HR,Multan,41,63539,zain.iqbal@example.com,2022-07-01
E6146,Zain Sheikh,Male,Marketing,,40,56110,zain.sheikh@example.com,2020-05-01
E6147,Ali Qureshi,Female,Marketing,Multan,46,53235,zain.ahmed@example.com,2020-09-12
E6148,Bilal Malik,Female,Finance,Islamabad,49,66498,fatima.hussain@example.com,2016-03-07
E6149,Fatima Hussain,Male,HR,Lahore,27,Rs 46213,nida.malik@example.com,2019-11-13
E6150,Hina Raza,Female,Operations,Faisalabad,48,44472,fatima.hussain@example.com,2015-05-06
E6151,Zain Qureshi,Female,Operations,Lahore,42,44109,zain.sheikh@example.com,01/05/2019
E6152,Zain Sheikh,Female,IT,Multan,27,34837,ayesha.iqbal@example.com,2021-05-02
E6153,  Hina Sheikh  ,Male,Finance,Karachi,52,34370,sara.sheikh@example.com,2017-11-18
E6154,Sara Qureshi,Male,,Faisalabad,45,73377,bilal.raza@example.com,2019-12-25
E6155,Bilal Sheikh,Male,HR,Multan,49,59495,fatima.ahmed@example.com,2015-10-15
E6156,Fatima Hussain,Male,Finance,,47,34168,ahmed.qureshi@example.com,2022-06-18
E6157,Zain Hussain,Male,IT,Islamabad,48,71300,ahmed.hussain@example.com,2018-08-17
E6158,Ali Malik,Female,IT,Lahore,33,68513,ayesha.iqbal@example.com,2019-02-07
E6159,Ahmed Raza,Male,Sales,Islamabad,47,88417,hina.raza@example.com,2018-10-10
E6160,Zain Raza,Male,HR,Multan,44,59613,ahmed.qureshi@example.com,2021-01-01
E6161,Bilal Sheikh,Male,HR,,53,49765,hina.raza@example.com,2016-12-28
E6162,Bilal Khan,Male,Operations,Faisalabad,25,73127,fatima.khan@example.com,2016-02-22
E6163,Ali Ahmed,Male,Marketing,Karachi,41,83706,nida.raza@example.com,2019-01-27
E6164,Bilal Iqbal,Male,Operations,Lahore,35,77852,omar.hussain@example.com,25/06/2016
E6165,Ali Qureshi,Male,Marketing,Islamabad,55,75503,nidaiqbalexample.com,2019-04-21
E6166,Ahmed Hussain,Male,Marketing,Lahore,34,65284,hina.hussain@example.com,2021-02-01
E6167,Omar Hussain,Male,,Lahore,34,,nida.iqbal@example.com,2015-09-06
E6168,Zain Raza,Male,Marketing,,33,40456,omar.sheikh@example.com,2017-07-01
E6169,Nida Ahmed,Male,IT,Faisalabad,34,65763,zain.iqbal@example.com,2016-08-05
E6170,Hina Raza,Female,Finance,Faisalabad,55,72269,hina.malik@example.com,2016-11-27
E6171,Fatima Khan,Male,Operations,Lahore,38,81472,zainrazaexample.com,2022-08-23
E6172,Fatima Qureshi,Female,Operations,Lahore,23,64761,ahmed.qureshi@example.com,2019-01-17
E6173,Bilal Ahmed,Female,,Lahore,29,33211,hina.iqbal@example.com,2016-09-20
E6174,Omar Khan,Female,HR,,33,65246,ali.khan@example.com,2022-06-10
E6175,Ahmed Sheikh,Female,IT,Faisalabad,47,42758,nida.malik@example.com,2022-10-21
E6176,Ali Raza,Female,,Islamabad,26,Rs 74999,ahmed.qureshi@example.com,2022-07-14
E6177,Bilal Malik,Female,Operations,Islamabad,51,36129,omarmalikexample.com,21/12/2017
E6178,Bilal Qureshi,Female,HR,Karachi,47,65204,zain.ahmed@example.com,2016-01-12
E6179,Sara Raza,Female,Operations,Lahore,38,46240,ahmed.iqbal@example.com,2018-03-31
E6180,Ahmed Khan,Male,HR,Lahore,45,79350,sara.malik@example.com,2015-11-18
E6181,Nida Iqbal,Female,Sales,Karachi,50,68394,ayesha.khan@example.com,2018-05-26
E6182,Zain Qureshi,Female,HR,Multan,50,75421,ahmed.hussain@example.com,2017-12-29
E6183,Ahmed Ahmed,Male,,Multan,40,42962,bilal.khan@example.com,2018-09-03
E6184,Nida Malik,Female,Marketing,Karachi,32,58250,zain.raza@example.com,2015-06-08
E6185,  Zain Raza  ,Male,HR,Karachi,50,,sara.iqbal@example.com,2022-03-10
E6186,Zain Sheikh,Female,IT,Lahore,35,79051,bilal.malik@example.com,2016-05-27
E6187,Ali Qureshi,Male,Marketing,,42,34272,hina.hussain@example.com,2021-07-13
E6188,Sara Iqbal,Female,HR,Multan,38,76672,bilal.khan@example.com,2020-12-28
E6189,Ahmed Malik,Male,IT,Islamabad,25,78461,ali.hussain@example.com,2022-05-14
E6190,  Sara Hussain  ,Female,Sales,Multan,51,86732,sara.qureshi@example.com,2017-09-13
E6191,Fatima Ahmed,Female,Marketing,Faisalabad,23,77011,fatima.raza@example.com,2022-03-03
E6192,  Bilal Sheikh  ,Female,Sales,Islamabad,42,51650,sara.ahmed@example.com,2017-09-18
E6193,Ahmed Khan,Female,,Karachi,41,41819,omar.khan@example.com,2022-06-30
E6194,Sara Sheikh,Female,Sales,Multan,51,33857,ali.malik@example.com,2016-05-07
E6195,Sara Khan,Male,Sales,,31,82727,sara.ahmed@example.com,2021-11-28
E6196,Sara Raza,Female,Operations,Multan,25,88391,nida.hussain@example.com,2015-08-30
E6197,Zain Qureshi,Male,Sales,,30,55640,sara.raza@example.com,2017-12-04
E6198,Hina Raza,Female,HR,Karachi,49,80052,zain.malik@example.com,2020-10-04
E6199,Ali Malik,Male,,Faisalabad,39,30979,zain.ahmed@example.com,2018-12-10
E6200,Sara Ahmed,Female,Marketing,Lahore,46,30419,sara.qureshi@example.com,2019-07-29
E6201,Zain Iqbal,Male,IT,,42,Rs 74191,ali.qureshi@example.com,2020-10-08
E6202,Ahmed Sheikh,Male,HR,Faisalabad,31,86814,fatima.malik@example.com,2021-02-16
E6203,Ali Sheikh,Female,Sales,Karachi,48,40408,nida.iqbal@example.com,2017-09-12
E6204,Bilal Sheikh,Female,Finance,Multan,51,,hina.raza@example.com,2018-07-28
E6205,Omar Malik,Female,IT,Karachi,38,65044,hina.ahmed@example.com,2016-07-15
E6206,Ayesha Raza,Female,Marketing,Karachi,52,89749,zain.qureshi@example.com,2018-10-06
E6207,Omar Malik,Female,,Multan,29,45089,ahmed.sheikh@example.com,2017-01-19
E6208,Ayesha Hussain,Male,Marketing,Multan,54,56602,omar.iqbal@example.com,2021-05-28
E6209,Bilal Ahmed,Male,Marketing,Multan,26,62471,fatima.malik@example.com,2015-07-08
E6210,Ayesha Raza,Female,Finance,,49,84198,omar.iqbal@example.com,2021-12-15
E6211,Omar Sheikh,Female,IT,Karachi,48,80813,nida.raza@example.com,2019-02-02
E6212,Hina Hussain,Female,Operations,,24,69012,omar.raza@example.com,2021-06-21
E6213,Nida Raza,Male,Sales,,53,33355,sara.khan@example.com,2018-10-02
E6214,Ali Raza,Female,Finance,Lahore,36,70999,ayesha.malik@example.com,2016-02-08
E6215,Omar Qureshi,Male,HR,Lahore,29,68282,ayesha.raza@example.com,2018-12-28
E6216,Nida Malik,Female,,Islamabad,24,57045,bilal.malik@example.com,2016-11-13
E6217,Ayesha Khan,Female,Operations,Karachi,23,30948,ayesha.qureshi@example.com,2016-07-03
E6218,Bilal Malik,Male,Operations,Lahore,27,Rs 77230,hina.ahmed@example.com,17/10/2016
E6219,Omar Sheikh,Male,Sales,,50,31412,nida.khan@example.com,2016-01-03
E6220,Ayesha Raza,Male,Operations,Lahore,52,51917,omar.khan@example.com,2022-05-15
E6221,Sara Khan,Female,,Multan,52,50406,ayesha.khan@example.com,2020-03-02
E6222,Nida Malik,Male,Sales,Islamabad,47,80795,ahmed.ahmed@example.com,2022-06-11
E6223,Bilal Malik,Female,Marketing,Karachi,46,37220,ahmed.ahmed@example.com,2015-08-25
E6224,Bilal Malik,Female,Marketing,Faisalabad,24,68691,fatima.iqbal@example.com,2020-12-08
E6225,Fatima Sheikh,Female,Marketing,Faisalabad,25,,ali.sheikh@example.com,2019-12-05
E6226,Ali Iqbal,Female,IT,Multan,33,47104,fatima.ahmed@example.com,2017-10-03
E6227,Sara Sheikh,Female,Sales,Lahore,32,76057,ayesha.sheikh@example.com,2021-04-12
E6228,Sara Malik,Male,IT,Islamabad,22,75815,omar.hussain@example.com,2019-05-20
E6229,Nida Qureshi,Male,Marketing,Lahore,23,45419,ahmed.hussain@example.com,2016-10-01
E6230,Bilal Malik,Female,IT,Islamabad,37,41053,bilal.raza@example.com,2020-12-25
E6231,Fatima Qureshi,Female,Finance,Karachi,49,40755,zain.iqbal@example.com,2016-08-26
E6232,  Zain Ahmed  ,Male,IT,Multan,41,87637,fatima.khan@example.com,2021-05-24
E6233,Ali Khan,Female,Marketing,,30,51185,ahmed.hussain@example.com,2022-02-07
E6234,Ali Khan,Female,Finance,Islamabad,35,30119,sara.iqbal@example.com,2017-01-10
E6235,Ayesha Malik,Male,Operations,Karachi,54,88981,omar.hussain@example.com,2017-05-07
E6236,Sara Qureshi,Female,Marketing,Faisalabad,32,80802,ali.raza@example.com,2022-04-05
E6237,Ahmed Qureshi,Female,Finance,Karachi,30,36916,hina.hussain@example.com,2019-08-01
E6238,Bilal Ahmed,Male,Finance,Lahore,37,31812,ali.raza@example.com,2021-07-19
E6239,Nida Khan,Female,Operations,Multan,43,86338,ali.raza@example.com,2018-01-07
E6240,Fatima Ahmed,Female,Marketing,,42,43041,bilalrazaexample.com,2018-01-06
E6241,Ahmed Hussain,Male,Finance,Islamabad,33,Rs 31775,ali.hussain@example.com,2018-03-15
E6242,Zain Sheikh,Male,Finance,,31,46227,nida.ahmed@example.com,2017-02-11
E6243,Ayesha Qureshi,Male,Sales,Multan,23,72017,ayesha.ahmed@example.com,2017-06-12
E6244,Bilal Malik,Male,Finance,Lahore,41,59445,nida.hussain@example.com,2018-10-10
E6245,Zain Khan,Female,Marketing,Islamabad,28,47427,zain.ahmed@example.com,2015-03-11
E6246,Hina Khan,Male,,Karachi,32,42648,fatima.raza@example.com,2022-10-18
E6247,  Hina Khan  ,Male,HR,Faisalabad,38,47704,ali.ahmed@example.com,2015-08-15
E6248,Ali Khan,Female,Finance,,43,46457,nida.malik@example.com,2015-10-09
E6249,Sara Iqbal,Male,Operations,Karachi,47,61802,bilal.ahmed@example.com,2019-05-07
E6250,Fatima Malik,Male,,,33,52728,zain.hussain@example.com,2017-03-09
E6251,Bilal Hussain,Male,Operations,Faisalabad,28,69545,zain.ahmed@example.com,2021-09-13
E6252,Omar Iqbal,Female,IT,,31,36414,nida.khan@example.com,2020-09-12
E6253,Sara Iqbal,Male,HR,Lahore,23,79602,hina.sheikh@example.com,07/01/2021
E6254,Zain Raza,Male,IT,Multan,32,77908,zain.ahmed@example.com,2018-07-10
E6255,Fatima Khan,Male,Operations,Multan,45,46736,ahmed.iqbal@example.com,2015-10-04
E6256,Ayesha Iqbal,Male,HR,Islamabad,38,82399,ali.hussain@example.com,2020-07-08
E6257,Bilal Khan,Female,Sales,,23,69146,ahmed.hussain@example.com,2021-11-05
E6258,Ali Iqbal,Male,Marketing,,38,45821,ali.qureshi@example.com,2021-11-25
E6259,Omar Qureshi,Male,Marketing,Karachi,28,78782,fatima.sheikh@example.com,2015-08-13
E6260,Ali Sheikh,Female,,,27,35860,fatima.qureshi@example.com,27/07/2016
E6261,Ali Hussain,Female,Sales,Faisalabad,34,39351,fatima.malik@example.com,2015-01-21
E6262,Ahmed Iqbal,Female,Operations,,47,69400,sara.khan@example.com,2015-11-30
E6263,Bilal Malik,Male,,Faisalabad,43,Rs 53691,ali.raza@example.com,2020-06-29
E6264,Bilal Khan,Female,HR,Islamabad,38,,hina.ahmed@example.com,2019-03-29
E6265,Zain Sheikh,Female,Sales,Islamabad,44,43520,nida.hussain@example.com,2020-12-26
E6266,Hina Qureshi,Female,HR,Lahore,32,47431,fatima.ahmed@example.com,2018-02-08
E6267,Sara Raza,Male,Operations,Islamabad,43,44112,hina.ahmed@example.com,2022-06-28
E6268,Sara Malik,Male,Finance,Faisalabad,42,68979,omar.sheikh@example.com,2015-12-13
E6269,Sara Sheikh,Male,Sales,Islamabad,28,72762,hina.malik@example.com,2017-02-18
E6270,Ayesha Iqbal,Male,Finance,,50,85646,fatima.malik@example.com,2016-04-16
E6271,Zain Sheikh,Female,HR,Multan,46,72330,nida.raza@example.com,2022-06-03
E6272,Zain Iqbal,Female,Marketing,Islamabad,42,39505,fatima.hussain@example.com,2016-03-17
E6273,Ali Raza,Female,Marketing,Karachi,48,76578,omar.raza@example.com,2020-02-12
E6274,Ayesha Ahmed,Female,IT,Faisalabad,36,88513,omar.qureshi@example.com,2017-03-26
E6275,Bilal Iqbal,Male,Operations,Faisalabad,48,39631,fatima.iqbal@example.com,2022-09-28
E6276,Zain Hussain,Male,,Islamabad,41,53144,ahmed.khan@example.com,2015-03-11
E6277,Ali Iqbal,Male,Finance,Multan,42,33338,ahmed.khan@example.com,2019-07-06
E6278,Omar Sheikh,Female,Finance,Islamabad,23,69738,bilal.hussain@example.com,2016-05-14
E6279,Fatima Hussain,Male,IT,Karachi,33,31706,bilal.qureshi@example.com,2018-10-29
E6280,Ali Sheikh,Male,,Faisalabad,48,83717,nidarazaexample.com,2016-06-22
E6281,Sara Ahmed,Female,IT,Faisalabad,31,52107,hina.hussain@example.com,2021-03-21
E6282,Ayesha Hussain,Male,Marketing,Multan,54,36693,sara.qureshi@example.com,2021-01-11
E6283,Ali Malik,Male,Marketing,Karachi,52,53218,hina.iqbal@example.com,2020-11-16
E6284,Zain Iqbal,Female,,,45,73548,ahmed.khan@example.com,11/04/2020
E6285,Zain Khan,Male,Operations,Islamabad,53,72624,zain.qureshi@example.com,2022-09-24
E6286,Ahmed Ahmed,Female,IT,Islamabad,31,31260,ahmed.qureshi@example.com,2021-01-23
E6287,Bilal Sheikh,Male,HR,Faisalabad,25,82437,fatima.iqbal@example.com,2021-04-09
E6288,Zain Ahmed,Male,Operations,Multan,34,83596,omar.khan@example.com,2020-05-14
E6289,Ayesha Qureshi,Female,Operations,Faisalabad,28,76891,bilal.sheikh@example.com,2020-11-17
E6290,  Ali Ahmed  ,Male,Operations,Faisalabad,40,38482,fatima.malik@example.com,2016-11-13
E6291,Ali Hussain,Male,Marketing,Faisalabad,34,47205,ali.sheikh@example.com,2015-10-10
E6292,Sara Raza,Male,HR,Faisalabad,22,65137,hina.qureshi@example.com,2018-06-29
E6293,Fatima Raza,Female,Sales,Karachi,47,81227,sara.hussain@example.com,2020-03-29
E6294,Zain Ahmed,Female,,Karachi,28,50937,bilal.malik@example.com,2016-01-18
E6295,Ahmed Iqbal,Female,Operations,Islamabad,41,41743,nida.qureshi@example.com,2017-11-29
E6296,Ayesha Malik,Female,Operations,Islamabad,37,53349,hina.malik@example.com,2015-09-22
E6297,Nida Qureshi,Male,HR,Islamabad,33,49471,sara.ahmed@example.com,2018-11-28
E6298,Ahmed Khan,Female,IT,,54,31217,ali.qureshi@example.com,2019-04-20
E6299,Sara Raza,Male,HR,Islamabad,54,60798,ahmed.qureshi@example.com,2020-05-02
E6300,Sara Qureshi,Male,Marketing,Lahore,45,71738,hina.khan@example.com,2021-09-18
E6301,Omar Ahmed,Male,,,55,68808,ayesha.qureshi@example.com,2015-11-17
E6302,Ali Iqbal,Female,HR,,40,44803,omar.malik@example.com,2017-01-22
E6303,Ahmed Malik,Female,Finance,Islamabad,50,Rs 47563,ayesha.sheikh@example.com,2017-05-30
E6304,Nida Qureshi,Male,Operations,Karachi,24,35668,sara.sheikh@example.com,2019-09-04
E6305,Fatima Iqbal,Female,Sales,Lahore,23,49681,ali.malik@example.com,2016-12-13
E6306,Bilal Iqbal,Male,Finance,Lahore,48,87403,ahmed.hussain@example.com,2018-09-30
E6307,  Bilal Khan  ,Female,,Lahore,29,53620,ahmed.malik@example.com,2019-08-16
E6308,Ayesha Raza,Female,Finance,Lahore,30,30097,nida.hussain@example.com,2022-10-29
E6309,Ali Malik,Female,Marketing,Islamabad,36,48815,ayesha.qureshi@example.com,2016-05-09
E6310,Omar Malik,Male,Operations,,52,45697,sara.khan@example.com,2022-10-29
E6311,Nida Khan,Male,Finance,Faisalabad,26,51401,omarahmedexample.com,2021-06-14
E6312,Omar Ahmed,Male,Marketing,Faisalabad,25,81088,zain.khan@example.com,2020-04-03
E6313,Hina Hussain,Male,Sales,Multan,38,68041,omar.hussain@example.com,2016-10-26
E6314,Nida Malik,Male,Operations,Lahore,41,35866,ahmed.qureshi@example.com,2020-09-29
E6315,Omar Khan,Female,Operations,Lahore,25,85212,nida.qureshi@example.com,2015-04-13
E6316,Sara Iqbal,Male,Finance,Multan,53,74912,bilal.sheikh@example.com,2015-08-17
E6317,Fatima Sheikh,Male,Marketing,Multan,28,46727,zain.malik@example.com,2017-01-01
E6318,Ahmed Hussain,Female,Finance,Faisalabad,28,86702,omar.malik@example.com,2019-12-27
E6319,Ahmed Hussain,Female,IT,Islamabad,36,76789,sara.malik@example.com,2021-06-29
E6320,Zain Raza,Male,HR,Islamabad,49,74413,ayesha.hussain@example.com,2019-07-15
E6321,Bilal Qureshi,Female,HR,Islamabad,38,68177,sara.khan@example.com,2017-01-18
E6322,Ali Sheikh,Male,Finance,Karachi,49,88214,bilal.qureshi@example.com,2019-07-26
E6323,Omar Raza,Male,HR,Faisalabad,25,80313,ahmed.sheikh@example.com,2020-03-09
E6324,Ayesha Raza,Male,IT,,46,80653,ali.khan@example.com,2021-04-20
E6325,Bilal Sheikh,Male,Sales,,55,72116,fatimahussainexample.com,22/06/2020
E6326,Hina Hussain,Female,Finance,Lahore,51,75333,sara.malik@example.com,2020-07-17
E6327,Omar Malik,Female,Sales,,54,64445,ayesha.ahmed@example.com,2021-03-21
E6328,Ali Hussain,Male,HR,Islamabad,42,87777,fatima.malik@example.com,2015-01-18
E6329,Bilal Iqbal,Male,Finance,Multan,23,61902,nida.qureshi@example.com,2016-10-14
E6330,Ali Ahmed,Male,Sales,,34,81398,sara.malik@example.com,2018-02-17
E6331,Fatima Raza,Female,,Faisalabad,28,Rs 71763,ayesha.qureshi@example.com,2018-02-17
E6332,Omar Iqbal,Male,Operations,Faisalabad,31,76583,ali.iqbal@example.com,24/12/2021
E6333,Ali Malik,Male,Marketing,Multan,51,65954,fatima.malik@example.com,2019-03-04
E6334,Ayesha Iqbal,Female,Operations,Multan,52,Rs 81000,nida.hussain@example.com,2018-03-26
E6335,Ali Khan,Female,HR,Karachi,24,89728,hina.raza@example.com,2021-01-17
E6336,Ali Raza,Male,,,43,33777,sara.iqbal@example.com,2018-03-26
E6337,Omar Malik,Female,Marketing,Multan,34,42454,ali.sheikh@example.com,2017-10-23
E6338,Ali Iqbal,Female,Operations,Faisalabad,53,53782,sara.iqbal@example.com,2017-09-29
E6339,Hina Malik,Female,IT,Karachi,43,60199,ayesha.ahmed@example.com,2018-06-13
E6340,Sara Malik,Female,Finance,Karachi,26,86115,bilal.raza@example.com,2019-02-08
E6341,Sara Hussain,Female,Marketing,Karachi,54,42268,bilal.qureshi@example.com,2017-12-04
E6342,Fatima Khan,Female,HR,Faisalabad,43,33606,ali.hussain@example.com,2021-01-06
E6343,Bilal Sheikh,Female,HR,Islamabad,35,49241,sara.qureshi@example.com,2015-10-30
E6344,Ahmed Qureshi,Male,HR,Karachi,38,36985,zain.khan@example.com,2021-11-09
E6345,Hina Iqbal,Female,Operations,,33,74027,zain.qureshi@example.com,2015-03-30
E6346,Ayesha Raza,Male,Sales,Lahore,50,73858,sara.hussain@example.com,2021-02-10
E6347,Zain Hussain,Female,Marketing,Lahore,25,68066,fatima.hussain@example.com,2018-12-27
E6348,Ali Malik,Female,Marketing,,36,64387,nida.raza@example.com,2021-06-30
E6349,Bilal Khan,Female,Finance,,51,77939,ahmed.iqbal@example.com,2016-05-07
E6350,Hina Raza,Male,HR,,53,73716,fatima.khan@example.com,2015-07-04
E6351,Sara Qureshi,Female,Marketing,Karachi,34,48264,bilal.sheikh@example.com,2019-11-25
E6352,Bilal Sheikh,Female,Finance,,36,31922,fatima.sheikh@example.com,2015-10-25
E6353,Sara Raza,Female,Sales,Islamabad,54,45209,ali.khan@example.com,2022-08-24
E6354,Nida Malik,Male,Marketing,,22,Rs 38788,ali.iqbal@example.com,2020-03-08
E6355,Fatima Qureshi,Female,IT,Islamabad,23,77392,zain.raza@example.com,2017-07-02
E6356,Ali Khan,Female,Marketing,Karachi,38,57426,nida.hussain@example.com,2017-04-25
E6357,Nida Malik,Male,,Faisalabad,27,66591,bilal.sheikh@example.com,28/04/2018
E6358,Zain Sheikh,Male,,Islamabad,38,80672,fatima.malik@example.com,2016-08-14
E6359,Hina Hussain,Female,Finance,,34,31602,ahmedmalikexample.com,2022-05-18
E6360,Ayesha Iqbal,Female,Operations,Karachi,32,84033,bilal.malik@example.com,2016-06-22
E6361,Nida Iqbal,Female,Sales,,48,39140,fatimarazaexample.com,2021-10-30
E6362,Nida Iqbal,Male,Sales,Islamabad,41,58389,hina.raza@example.com,2022-10-06
E6363,Zain Qureshi,Female,HR,Multan,41,84150,ahmed.iqbal@example.com,2018-10-26
E6364,Bilal Hussain,Male,Sales,,29,42228,bilal.ahmed@example.com,2016-11-27
E6365,Fatima Iqbal,Male,,Karachi,22,31518,hina.hussain@example.com,2020-09-10
E6366,Nida Raza,Male,Sales,Multan,38,52078,sara.khan@example.com,01/12/2016
E6367,Nida Malik,Female,Sales,Multan,30,38488,hina.ahmed@example.com,2017-03-01
E6368,Bilal Hussain,Male,,,35,54309,fatima.hussain@example.com,2021-04-18
E6369,Sara Sheikh,Female,Marketing,,31,36882,fatima.sheikh@example.com,2016-08-31
E6370,Ahmed Sheikh,Male,,Karachi,22,56746,ahmed.raza@example.com,2020-07-03
E6371,Sara Hussain,Male,Sales,Lahore,24,76093,ali.hussain@example.com,2018-12-09
E6372,Omar Iqbal,Male,Marketing,Karachi,46,Rs 35272,ayesha.ahmed@example.com,2017-09-18
E6373,Ali Iqbal,Female,Finance,Islamabad,45,76552,fatimaqureshiexample.com,2017-07-22
E6374,Ali Qureshi,Male,HR,Karachi,46,61539,nida.qureshi@example.com,2019-02-05
E6375,Ahmed Qureshi,Male,Operations,Islamabad,33,38438,ayesha.sheikh@example.com,2017-05-15
E6376,Ali Qureshi,Male,HR,Islamabad,34,34976,fatima.malik@example.com,2021-08-13
E6377,Sara Hussain,Female,,Faisalabad,36,38933,ali.sheikh@example.com,2022-12-16
E6378,Sara Raza,Male,Marketing,,38,33924,omar.ahmed@example.com,2019-11-26
E6379,Nida Ahmed,Male,IT,Multan,53,74523,nida.sheikh@example.com,2020-05-22
E6380,Bilal Sheikh,Male,IT,Lahore,55,71630,zain.ahmed@example.com,2021-01-02
E6381,Bilal Khan,Female,Sales,Lahore,26,70207,ahmed.ahmed@example.com,2015-11-02
E6382,Zain Khan,Male,IT,Karachi,36,33640,hina.khan@example.com,2022-03-21
E6383,Omar Malik,Female,Finance,Lahore,41,76745,sara.khan@example.com,2015-05-06
E6384,Nida Iqbal,Female,Marketing,,32,67849,omar.hussain@example.com,24/09/2015
E6385,Bilal Sheikh,Male,Marketing,Lahore,27,41903,hina.qureshi@example.com,2021-10-24
E6386,Fatima Sheikh,Female,Finance,Lahore,26,87757,omarhussainexample.com,2019-03-24
E6387,Zain Malik,Female,Marketing,Multan,40,79509,ali.raza@example.com,2016-10-23
E6388,Omar Iqbal,Female,Operations,Islamabad,50,54984,ayesha.qureshi@example.com,2021-09-27
E6389,  Ahmed Raza  ,Male,Operations,Lahore,40,72900,omar.raza@example.com,2020-12-09
E6390,Hina Iqbal,Male,HR,Multan,47,78050,fatima.hussain@example.com,2022-01-28
E6391,Ayesha Raza,Male,HR,Karachi,51,Rs 82060,ali.iqbal@example.com,2017-10-16
E6392,Fatima Ahmed,Male,IT,,42,68182,nida.hussain@example.com,2016-08-28
E6393,Ahmed Hussain,Male,,Karachi,53,62163,ali.hussain@example.com,2016-08-11
E6394,Zain Iqbal,Male,Operations,Islamabad,36,Rs 49563,fatima.qureshi@example.com,2017-08-01
E6395,Sara Hussain,Female,IT,Faisalabad,32,52717,hina.raza@example.com,2017-02-22
E6396,Zain Khan,Male,IT,Karachi,42,37701,fatima.malik@example.com,2017-03-05
E6397,Ayesha Qureshi,Male,Sales,Multan,27,69261,ayeshamalikexample.com,2015-01-11
E6398,Ali Khan,Male,Finance,Karachi,38,55778,ahmed.hussain@example.com,2015-01-06
E6399,Bilal Iqbal,Female,IT,Islamabad,28,88201,omar.qureshi@example.com,2018-11-04
E6400,Omar Malik,Female,Finance,Faisalabad,43,69997,hina.hussain@example.com,2015-06-29
E6401,Ahmed Iqbal,Male,HR,,48,42264,nida.sheikh@example.com,2020-04-06
E6402,Ahmed Malik,Female,HR,Karachi,26,Rs 85545,ali.khan@example.com,2016-10-16
E6403,Nida Ahmed,Female,Sales,Lahore,51,46036,bilal.hussain@example.com,2021-11-08
E6404,Ali Khan,Female,IT,Islamabad,34,60652,ahmed.iqbal@example.com,2022-10-18
E6405,Omar Khan,Male,Operations,Lahore,27,49634,omar.hussain@example.com,2016-08-21
E6406,Zain Malik,Female,Sales,Islamabad,33,42848,hina.hussain@example.com,2019-01-11
E6407,Nida Malik,Male,Marketing,Multan,39,74572,omar.iqbal@example.com,2017-03-18
E6408,Fatima Khan,Male,IT,Faisalabad,36,70131,nida.malik@example.com,2022-09-10
E6409,Ayesha Raza,Male,Operations,Islamabad,31,Rs 41596,fatima.hussain@example.com,2018-03-04
E6410,Hina Iqbal,Female,HR,Islamabad,29,67984,ayesha.sheikh@example.com,2022-12-11
E6411,Ali Ahmed,Male,Marketing,Karachi,51,67701,omar.qureshi@example.com,23/04/2021
E6412,  Zain Hussain  ,Male,Sales,Faisalabad,31,80301,hina.ahmed@example.com,2021-03-21
E6413,Hina Qureshi,Male,Marketing,Multan,38,62833,omar.qureshi@example.com,2017-09-21
E6414,Zain Iqbal,Female,HR,Faisalabad,52,69427,bilal.hussain@example.com,2020-08-06
E6415,Hina Sheikh,Female,IT,Multan,47,55223,hinaahmedexample.com,2016-09-06
E6416,Omar Sheikh,Male,IT,Lahore,29,87756,bilal.sheikh@example.com,2017-05-01
E6417,Fatima Khan,Male,HR,Multan,51,57487,omar.sheikh@example.com,2021-04-06
E6418,Ahmed Qureshi,Male,Operations,Lahore,39,,fatimaqureshiexample.com,2019-05-02
E6419,Hina Iqbal,Female,,Karachi,25,33523,bilal.raza@example.com,2017-07-05
E6420,Ayesha Malik,Female,Sales,Islamabad,36,30278,bilal.raza@example.com,2019-12-15
E6421,Zain Khan,Male,HR,,42,88349,ayesha.sheikh@example.com,2015-10-28
E6422,Bilal Hussain,Female,IT,Faisalabad,35,64559,ahmed.qureshi@example.com,2018-07-05
E6423,Sara Raza,Female,Operations,Karachi,24,Rs 66891,ahmed.raza@example.com,2021-06-11
E6424,Sara Malik,Male,IT,Islamabad,24,80756,ayesha.qureshi@example.com,2019-01-25
E6425,Fatima Ahmed,Female,HR,,43,63224,hina.iqbal@example.com,2020-05-01
E6426,Ayesha Raza,Female,,,46,71794,nida.hussain@example.com,2020-04-07
E6427,Omar Malik,Female,Operations,Faisalabad,55,74902,hina.khan@example.com,2021-07-29
E6428,  Ahmed Qureshi  ,Female,Finance,,39,42924,ali.iqbal@example.com,2021-07-30
E6429,Ayesha Malik,Male,Sales,Faisalabad,29,41925,nida.qureshi@example.com,2017-10-06
E6430,Ayesha Khan,Male,Sales,Lahore,50,53313,ali.qureshi@example.com,22/07/2021
E6431,Sara Iqbal,Female,Marketing,Lahore,31,58371,nida.raza@example.com,2019-03-03
E6432,Bilal Ahmed,Male,,Islamabad,53,63151,omar.qureshi@example.com,30/09/2016
E6433,Hina Ahmed,Female,Operations,Islamabad,35,31627,sarahussainexample.com,2015-07-14
E6434,Sara Raza,Male,Finance,Faisalabad,39,Rs 43772,fatima.khan@example.com,2019-07-26
E6435,Bilal Hussain,Male,IT,Karachi,25,60877,ayesha.iqbal@example.com,2022-04-03
E6436,Nida Khan,Male,IT,Islamabad,47,47631,ahmed.qureshi@example.com,2017-05-12
E6437,  Ayesha Ahmed  ,Male,,Multan,53,53261,sara.iqbal@example.com,2019-04-26
E6438,Omar Hussain,Female,Finance,Karachi,43,34141,omar.iqbal@example.com,2017-02-25
E6439,Ahmed Iqbal,Male,Marketing,,38,83673,nida.sheikh@example.com,2022-02-13
E6440,Ali Raza,Male,HR,Multan,29,63029,ali.iqbal@example.com,2015-11-11
E6441,Zain Malik,Female,Marketing,Karachi,36,74487,zain.sheikh@example.com,2021-09-07
E6442,Bilal Malik,Female,Finance,Faisalabad,33,54270,ayesha.malik@example.com,2022-06-13
E6443,Hina Qureshi,Male,Sales,Multan,46,70254,bilal.malik@example.com,2017-05-31
E6444,Ayesha Sheikh,Female,Operations,Islamabad,34,34953,ahmed.iqbal@example.com,2019-12-03
E6445,Ayesha Malik,Male,Marketing,Karachi,22,,bilal.khan@example.com,2022-06-10
E6446,Nida Sheikh,Female,HR,,28,83638,zainiqbalexample.com,2015-01-26
E6447,Sara Hussain,Male,,Karachi,42,,sara.raza@example.com,2015-06-13
E6448,Omar Sheikh,Female,IT,Lahore,25,87399,sara.hussain@example.com,2018-12-18
E6449,Fatima Qureshi,Female,Marketing,Multan,30,37097,hina.sheikh@example.com,2020-12-13
E6450,Nida Qureshi,Female,Finance,Lahore,30,37299,nida.khan@example.com,2018-12-01
E6451,Omar Raza,Male,,Karachi,54,47443,sara.hussain@example.com,2019-07-30
E6452,Bilal Raza,Male,,Lahore,34,32115,hina.khan@example.com,2018-05-11
E6453,Bilal Sheikh,Male,Marketing,,24,52218,ali.hussain@example.com,2021-05-12
E6454,  Fatima Iqbal  ,Male,,Faisalabad,31,89489,nida.iqbal@example.com,2020-12-04
E6455,Sara Qureshi,Female,Finance,Faisalabad,31,43226,ayesha.khan@example.com,2015-03-31
E6456,Ali Qureshi,Male,HR,Karachi,26,57837,zain.raza@example.com,2021-09-07
E6457,Nida Iqbal,Male,Sales,Faisalabad,36,87644,sararazaexample.com,2020-03-26
E6458,Ahmed Qureshi,Male,IT,Multan,35,50572,omar.sheikh@example.com,2015-04-01
E6459,Ali Iqbal,Male,Finance,,51,87383,ahmed.khan@example.com,2015-09-09
E6460,Hina Raza,Male,Operations,Faisalabad,23,35424,ayesha.raza@example.com,2016-08-18
E6461,Bilal Sheikh,Male,HR,,38,56890,sara.khan@example.com,2018-06-02
E6462,Ali Ahmed,Female,IT,,42,37289,omar.malik@example.com,2021-03-29
E6463,Omar Sheikh,Male,HR,,24,56585,omar.hussain@example.com,2020-01-15
E6464,Ayesha Sheikh,Male,Finance,Multan,35,78069,sara.raza@example.com,2015-05-03
E6465,Fatima Ahmed,Female,Marketing,Faisalabad,54,89690,zain.khan@example.com,2021-10-08
E6466,Ahmed Iqbal,Female,Finance,Islamabad,48,46112,ayesha.sheikh@example.com,2018-08-08
E6467,Fatima Khan,Female,,Karachi,23,72328,ayesha.ahmed@example.com,16/12/2019
E6468,Bilal Qureshi,Female,Finance,,53,66043,nidamalikexample.com,2016-02-22
E6469,Zain Iqbal,Female,IT,,32,75076,ayesha.iqbal@example.com,2015-10-29
E6470,Ahmed Sheikh,Female,Operations,Multan,41,39465,sara.malik@example.com,2016-03-29
E6471,Nida Sheikh,Female,Finance,Multan,34,50113,omar.qureshi@example.com,2018-08-06
E6472,Omar Qureshi,Female,IT,Islamabad,24,54477,fatima.raza@example.com,2017-12-13
E6473,Ali Hussain,Female,Operations,Lahore,48,89838,zain.qureshi@example.com,2015-06-15
E6474,Nida Hussain,Male,HR,Islamabad,30,52382,zain.ahmed@example.com,2018-02-22
E6475,Ali Sheikh,Female,Sales,Karachi,54,59096,ayesha.qureshi@example.com,2017-09-06
E6476,Ali Ahmed,Male,Sales,Multan,51,41776,nida.malik@example.com,2022-10-15
E6477,Nida Raza,Female,HR,,34,51475,omar.khan@example.com,2015-12-15
E6478,Bilal Iqbal,Female,Operations,Multan,39,48361,sara.ahmed@example.com,2020-06-05
E6479,Nida Hussain,Male,Finance,Karachi,43,35271,zainsheikhexample.com,2022-03-04
E6480,Zain Sheikh,Male,HR,Lahore,29,Rs 57507,ahmed.malik@example.com,2016-10-14
E6481,Nida Ahmed,Female,,,30,70684,sara.sheikh@example.com,2019-06-21
E6482,Nida Malik,Female,Operations,Faisalabad,45,34875,omar.malik@example.com,2020-08-25
E6483,Zain Ahmed,Female,IT,Multan,29,59353,ahmed.raza@example.com,2020-07-09
E6484,Bilal Qureshi,Male,,,50,39766,sara.hussain@example.com,2021-01-24
E6485,Ali Qureshi,Male,Operations,Islamabad,31,74114,sara.malik@example.com,18/11/2022
E6486,Ayesha Raza,Male,Finance,Lahore,43,48963,ali.iqbal@example.com,2019-11-20
E6487,Omar Qureshi,Female,Sales,Multan,43,67836,bilal.hussain@example.com,2021-04-20
E6488,  Sara Sheikh  ,Female,IT,Multan,46,46346,sara.sheikh@example.com,2018-12-15
E6489,Nida Qureshi,Female,HR,Faisalabad,53,Rs 40854,ahmed.sheikh@example.com,2016-05-20
E6490,Ahmed Malik,Female,Operations,Faisalabad,37,Rs 62706,zain.qureshi@example.com,2022-05-20
E6491,Hina Qureshi,Female,HR,Lahore,29,35097,fatima.hussain@example.com,2016-04-04
E6492,Hina Iqbal,Male,Marketing,,46,62819,omar.sheikh@example.com,2021-10-06
E6493,Nida Iqbal,Female,Sales,,24,52221,nida.qureshi@example.com,2015-04-26
E6494,Ayesha Sheikh,Female,Marketing,Karachi,31,Rs 80574,zain.khan@example.com,2022-02-25
E6495,Nida Raza,Female,Marketing,,52,83779,fatima.malik@example.com,2019-10-28
E6496,Ali Ahmed,Male,Sales,Faisalabad,54,58728,ahmed.hussain@example.com,2021-08-12
E6497,Ali Iqbal,Female,IT,Islamabad,49,81086,fatima.iqbal@example.com,2015-09-28
E6498,Sara Ahmed,Male,Finance,,34,69619,ayesha.ahmed@example.com,2019-08-29
E6499,Zain Khan,Female,Operations,Multan,40,81072,fatimahussainexample.com,2021-02-03
E6500,Fatima Iqbal,Female,Marketing,Faisalabad,50,75897,sara.ahmed@example.com,2022-07-08
E6501,Nida Ahmed,Female,Finance,Islamabad,48,89144,ali.malik@example.com,2021-12-01
E6502,  Nida Khan  ,Male,IT,Faisalabad,45,65695,fatima.malik@example.com,2022-12-20
E6503,Ahmed Sheikh,Female,Operations,Islamabad,47,49536,nida.qureshi@example.com,2020-04-30
E6504,Bilal Sheikh,Male,Marketing,Islamabad,28,64391,zain.iqbal@example.com,2019-12-29
E6505,Fatima Ahmed,Female,IT,Lahore,30,,hina.khan@example.com,2019-08-26
E6506,Ayesha Iqbal,Male,,Multan,55,54949,ayesha.ahmed@example.com,2015-02-05
E6507,Omar Raza,Female,HR,Islamabad,25,86939,ahmed.hussain@example.com,2021-01-04
E6508,Nida Hussain,Female,Finance,Faisalabad,48,67753,sara.khan@example.com,2015-12-20
E6509,Sara Sheikh,Female,Finance,Karachi,44,81243,bilal.hussain@example.com,2018-12-28
E6510,Nida Hussain,Female,Operations,Karachi,42,82388,bilal.sheikh@example.com,2022-03-23
E6511,Sara Raza,Female,Marketing,Lahore,32,Rs 50346,ahmed.malik@example.com,2021-07-29
E6512,Nida Malik,Female,Operations,Lahore,29,89981,hina.khan@example.com,2016-09-10
E6513,Ayesha Hussain,Female,Finance,Lahore,28,88334,bilal.raza@example.com,2020-11-27
E6514,Fatima Sheikh,Female,Operations,Islamabad,24,52061,nida.ahmed@example.com,2022-02-27
E6515,Fatima Qureshi,Male,Finance,Multan,43,59238,sara.raza@example.com,2015-08-17
E6516,Fatima Iqbal,Male,Operations,,35,33381,zain.ahmed@example.com,2022-01-11
E6517,Nida Sheikh,Male,Marketing,,27,75613,zain.ahmed@example.com,2016-08-28
E6518,Nida Raza,Male,,Faisalabad,47,84970,nida.sheikh@example.com,2020-06-24
E6519,Sara Ahmed,Female,Operations,Islamabad,29,82187,ahmed.hussain@example.com,2020-01-26
E6520,Fatima Malik,Female,,Islamabad,43,69179,bilal.malik@example.com,2020-10-18
E6521,Bilal Malik,Male,IT,Lahore,46,52636,zain.ahmed@example.com,10/04/2016
E6522,Omar Ahmed,Male,HR,Karachi,47,86316,ahmed.iqbal@example.com,2020-03-07
E6523,Hina Hussain,Female,IT,Multan,52,65825,ahmed.khan@example.com,2017-05-18
E6524,  Bilal Ahmed  ,Female,HR,,43,58738,ayesha.sheikh@example.com,2016-03-27
E6525,Fatima Qureshi,Female,Sales,Karachi,50,45199,hina.hussain@example.com,2018-02-11
E6526,Zain Hussain,Male,Sales,Lahore,28,51903,zain.khan@example.com,2015-01-16
E6527,Sara Hussain,Male,Finance,Faisalabad,35,33844,ayesha.malik@example.com,2019-10-12
E6528,Ahmed Malik,Male,Operations,Lahore,39,47368,ali.malik@example.com,08/11/2022
E6529,Ahmed Qureshi,Male,IT,Multan,26,82751,nida.sheikh@example.com,2017-05-28
E6530,Ayesha Khan,Male,Finance,,29,40786,fatimasheikhexample.com,2021-05-25
E6531,Fatima Raza,Male,Sales,,30,78766,ali.malik@example.com,2015-07-12
E6532,Ali Malik,Female,Operations,,31,86958,omar.ahmed@example.com,2018-04-02
E6533,Sara Iqbal,Male,IT,Lahore,55,65351,bilal.ahmed@example.com,2019-12-30
E6534,Fatima Hussain,Female,IT,,26,81519,omar.raza@example.com,2020-01-17
E6535,Fatima Ahmed,Female,Finance,Karachi,22,45493,hina.qureshi@example.com,2019-03-11
E6536,Sara Sheikh,Female,HR,Multan,39,63748,hina.qureshi@example.com,2020-07-13
E6537,Sara Iqbal,Female,Finance,Karachi,32,67416,hina.sheikh@example.com,2017-03-09
E6538,Bilal Malik,Female,HR,Karachi,35,79929,ali.iqbal@example.com,2022-04-06
E6539,Omar Qureshi,Male,Finance,Karachi,42,63159,bilal.ahmed@example.com,2019-06-10
E6540,Ali Khan,Female,Marketing,,33,Rs 38418,omar.raza@example.com,2018-02-25
E6541,Zain Sheikh,Male,Marketing,Islamabad,38,66867,ahmed.iqbal@example.com,2015-03-10
E6542,Ahmed Hussain,Male,HR,,50,78034,zain.iqbal@example.com,2020-04-10
E6543,Ahmed Khan,Female,Marketing,Lahore,47,81097,ayesha.khan@example.com,2015-07-07
E6544,Ayesha Qureshi,Female,HR,Faisalabad,42,47518,omar.raza@example.com,2021-07-18
E6545,Bilal Malik,Female,Operations,Islamabad,44,49949,hina.qureshi@example.com,2017-06-01
E6546,Bilal Qureshi,Male,Finance,Karachi,40,60823,zain.sheikh@example.com,2019-03-06
E6547,Nida Sheikh,Female,Finance,Karachi,44,Rs 69614,nida.qureshi@example.com,2017-05-01
E6548,Ali Hussain,Male,IT,Faisalabad,24,33991,omar.ahmed@example.com,2017-01-26
E6549,Sara Ahmed,Female,Sales,,54,30312,hina.hussain@example.com,2019-12-11
E6550,Ayesha Ahmed,Male,HR,Lahore,42,67095,bilal.iqbal@example.com,2015-10-29
E6551,Omar Iqbal,Female,Operations,Multan,42,31599,ahmed.raza@example.com,2017-10-07
E6552,Fatima Iqbal,Female,Marketing,Islamabad,38,77772,bilal.sheikh@example.com,2015-06-06
E6553,Hina Qureshi,Male,,Multan,55,57034,ahmed.khan@example.com,2018-09-11
E6554,Ayesha Sheikh,Male,IT,Lahore,43,37150,ali.sheikh@example.com,2015-05-02
E6555,Fatima Ahmed,Male,Marketing,Karachi,54,81113,sara.iqbal@example.com,2015-06-10
E6556,Zain Ahmed,Female,Marketing,,24,52760,ali.khan@example.com,2021-12-03
E6557,Omar Ahmed,Male,HR,Lahore,46,80573,hina.raza@example.com,2021-05-04
E6558,Fatima Hussain,Male,Finance,Multan,25,62794,bilalahmedexample.com,2018-02-27
E6559,Ayesha Hussain,Male,IT,,41,86105,hina.hussain@example.com,2016-03-23
E6560,Ahmed Malik,Female,Marketing,Karachi,37,54300,alihussainexample.com,2016-01-25
E6561,  Omar Ahmed  ,Male,Sales,Faisalabad,52,46865,hina.sheikh@example.com,2022-12-24
E6562,  Ali Khan  ,Male,IT,Faisalabad,54,44421,hina.iqbal@example.com,17/02/2016
E6563,Zain Ahmed,Male,HR,Multan,55,69448,fatima.khan@example.com,2015-02-12
E6564,Nida Raza,Male,Marketing,Lahore,40,50694,bilal.sheikh@example.com,2015-04-20
E6565,Sara Sheikh,Male,Finance,,41,53905,omariqbalexample.com,2022-10-19
E6566,Ahmed Ahmed,Male,Marketing,,39,36499,nida.iqbal@example.com,2015-09-05
E6567,  Ahmed Raza  ,Female,Operations,Islamabad,22,Rs 61894,omar.qureshi@example.com,2016-07-27
E6568,  Fatima Qureshi  ,Male,Operations,Faisalabad,47,50019,ayesha.iqbal@example.com,2020-08-05
E6569,Sara Iqbal,Female,Sales,Islamabad,24,Rs 84513,sara.qureshi@example.com,2017-06-24
E6570,Ayesha Malik,Male,IT,,31,70466,nida.hussain@example.com,2019-06-26
E6571,Zain Iqbal,Male,IT,Islamabad,46,48965,ahmed.qureshi@example.com,2021-06-18
E6572,Nida Qureshi,Male,HR,Islamabad,24,59533,zain.ahmed@example.com,2017-12-25
E6573,Sara Iqbal,Female,HR,Islamabad,45,49305,nida.raza@example.com,2022-01-24
E6574,Hina Hussain,Male,Sales,Karachi,41,82069,fatima.malik@example.com,2018-01-11
E6575,Ayesha Khan,Male,Operations,Lahore,25,50757,sara.qureshi@example.com,2020-09-15
E6576,Bilal Sheikh,Female,HR,Lahore,44,49709,fatima.qureshi@example.com,2019-01-17
E6577,Zain Raza,Female,Finance,Multan,30,89296,ahmed.sheikh@example.com,2021-03-28
E6578,Ahmed Raza,Male,IT,,28,33144,zain.qureshi@example.com,2021-01-17
E6579,Ayesha Malik,Female,HR,Islamabad,55,31992,zain.qureshi@example.com,2022-12-02
E6580,Sara Malik,Male,Marketing,Islamabad,23,40390,ayesha.hussain@example.com,2019-10-23
E6581,Nida Sheikh,Female,Marketing,,33,59948,ayesha.hussain@example.com,2016-12-06
E6582,Ali Hussain,Female,IT,Multan,22,65505,zain.raza@example.com,2022-07-01
E6583,Ali Iqbal,Female,HR,,53,63235,bilal.sheikh@example.com,2019-03-12
E6584,Ahmed Raza,Male,Finance,Multan,51,70884,nida.iqbal@example.com,2018-10-29
E6585,Hina Sheikh,Male,IT,Multan,53,Rs 32714,ali.malik@example.com,03/04/2019
E6586,Bilal Qureshi,Female,IT,Islamabad,34,71863,zain.raza@example.com,2015-07-12
E6587,Bilal Sheikh,Male,Operations,Lahore,25,82316,zain.sheikh@example.com,2015-04-07
E6588,Omar Malik,Female,Finance,,54,,nida.ahmed@example.com,2022-09-14
E6589,Ayesha Sheikh,Female,Marketing,Islamabad,27,80084,ayesha.iqbal@example.com,2021-08-25
E6590,Hina Qureshi,Female,IT,Multan,43,73452,nida.hussain@example.com,2021-10-31
E6591,Fatima Hussain,Female,Operations,,36,82202,zain.iqbal@example.com,2020-08-18
E6592,Omar Sheikh,Male,Finance,Islamabad,23,45856,sara.qureshi@example.com,2022-04-10
E6593,Ali Ahmed,Male,IT,Lahore,32,56856,sara.malik@example.com,2016-10-06
E6594,Ahmed Qureshi,Female,Operations,Faisalabad,36,57923,nida.malik@example.com,2022-01-08
E6595,Bilal Raza,Male,IT,Karachi,35,43165,bilal.malik@example.com,2016-09-21
E6596,Omar Khan,Female,Sales,Lahore,34,63563,omar.ahmed@example.com,2017-08-05
E6597,Ayesha Qureshi,Female,Operations,Multan,46,45710,ahmed.hussain@example.com,2022-08-20
E6598,Hina Sheikh,Female,IT,Karachi,51,83232,ali.qureshi@example.com,2020-12-31
E6599,Sara Raza,Female,Finance,Karachi,50,35365,ahmed.khan@example.com,2017-10-07
E6600,Sara Sheikh,Female,,Karachi,25,75802,fatima.ahmed@example.com,2019-12-06
E6601,Ali Ahmed,Female,HR,Islamabad,44,56262,zain.khan@example.com,2019-02-16
E6602,Ayesha Raza,Female,,Karachi,31,Rs 50755,hina.hussain@example.com,2019-10-24
E6603,Ayesha Malik,Male,IT,Karachi,53,79733,zain.iqbal@example.com,2021-04-28
E6604,Fatima Malik,Female,Finance,,30,75977,ahmed.raza@example.com,2022-04-09
E6605,Sara Sheikh,Male,,Multan,44,46860,omar.raza@example.com,2020-12-08
E6606,Ayesha Ahmed,Female,Finance,Karachi,36,83154,zain.malik@example.com,2019-12-16
E6607,Sara Raza,Male,,Lahore,41,49823,omar.sheikh@example.com,05/08/2019
E6608,Zain Hussain,Female,Marketing,Islamabad,28,34985,omar.sheikh@example.com,2022-01-17
E6609,Hina Qureshi,Male,Operations,Multan,31,Rs 59033,hina.malik@example.com,2016-03-08
E6610,Hina Raza,Female,IT,,50,Rs 70005,ahmed.iqbal@example.com,2021-02-10
E6611,Omar Hussain,Male,HR,Islamabad,28,43681,omar.malik@example.com,2018-11-11
E6612,Ali Ahmed,Female,Sales,Multan,36,41211,nida.raza@example.com,2022-02-09
E6613,Zain Qureshi,Female,Marketing,,31,71071,ahmed.malik@example.com,2020-10-03
E6614,Ahmed Sheikh,Male,IT,Faisalabad,45,71439,zainmalikexample.com,2021-02-02
E6615,  Nida Qureshi  ,Female,Sales,Multan,36,32164,zain.raza@example.com,2019-05-23
E6616,Nida Sheikh,Female,Finance,Multan,37,50024,nida.sheikh@example.com,2018-02-07
E6617,Ayesha Khan,Male,IT,Lahore,30,79804,bilal.iqbal@example.com,2022-05-05
E6618,Nida Qureshi,Female,Sales,Multan,44,56261,omar.qureshi@example.com,2021-06-02
E6619,Hina Malik,Male,Finance,Lahore,55,67974,hina.khan@example.com,2020-07-10
E6620,Fatima Sheikh,Female,,Karachi,54,32522,ahmed.khan@example.com,2019-08-23
E6621,Bilal Raza,Female,,Islamabad,38,77720,omar.raza@example.com,2019-12-30
E6622,Ali Malik,Male,Marketing,Lahore,23,86272,omar.khan@example.com,2017-11-19
E6623,Fatima Iqbal,Male,IT,Multan,41,75640,ali.ahmed@example.com,2021-08-27
E6624,Ali Raza,Male,IT,,27,71553,zain.raza@example.com,2021-12-21
E6625,Ali Hussain,Female,Operations,Multan,49,51369,fatima.khan@example.com,2019-09-22
E6626,Hina Qureshi,Female,Finance,Multan,33,47642,sara.sheikh@example.com,2021-06-01
E6627,Bilal Qureshi,Male,Finance,Multan,53,63510,fatima.iqbal@example.com,2018-05-19
E6628,Sara Ahmed,Female,,Lahore,39,85056,fatima.malik@example.com,2017-08-08
E6629,Fatima Sheikh,Male,Finance,Multan,33,80071,ahmed.raza@example.com,2020-11-28
E6630,Bilal Iqbal,Female,HR,Faisalabad,30,Rs 73155,fatima.ahmed@example.com,2022-08-06
E6631,  Ali Raza  ,Female,Marketing,,28,40396,sara.sheikh@example.com,2016-04-22
E6632,Zain Raza,Male,Finance,,30,72892,nida.khan@example.com,2016-12-12
E6633,Ahmed Ahmed,Female,Operations,Islamabad,29,Rs 89710,hina.khan@example.com,2018-07-18
E6634,Ahmed Ahmed,Male,Sales,Lahore,27,Rs 51354,ahmed.hussain@example.com,2016-10-19
E6635,Ayesha Raza,Female,,Faisalabad,42,76513,bilal.sheikh@example.com,2020-10-17
E6636,  Nida Malik  ,Female,IT,Islamabad,41,48691,saraqureshiexample.com,2019-10-26
E6637,Ayesha Sheikh,Male,Marketing,,39,71119,nida.khan@example.com,2018-05-07
E6638,Nida Ahmed,Male,HR,Karachi,41,83314,ali.khan@example.com,2020-09-10
E6639,Ahmed Hussain,Male,,Multan,54,65210,hina.malik@example.com,2020-04-20
E6640,Zain Raza,Female,Operations,Lahore,44,74336,ali.malik@example.com,2016-11-12
E6641,Sara Khan,Female,HR,Lahore,22,87618,fatima.ahmed@example.com,2018-07-01
E6642,Hina Malik,Female,Sales,Multan,31,61629,ahmed.ahmed@example.com,2021-12-02
E6643,Nida Qureshi,Female,Marketing,Faisalabad,41,84299,ali.raza@example.com,2016-08-04
E6644,Ahmed Sheikh,Female,,Faisalabad,48,44082,ahmedhussainexample.com,2021-07-17
E6645,Ayesha Sheikh,Male,Operations,Multan,26,85033,ayesha.ahmed@example.com,2015-06-20
E6646,Ayesha Malik,Male,,Islamabad,23,70026,zainiqbalexample.com,2018-12-14
E6647,Hina Iqbal,Female,,Islamabad,26,68583,zain.malik@example.com,2016-08-01
E6648,Ayesha Khan,Male,,,46,65327,sara.raza@example.com,2020-07-17
E6649,Ahmed Malik,Female,,Karachi,27,34014,hina.ahmed@example.com,2018-01-14
E6650,Omar Malik,Female,Finance,Karachi,22,58563,ahmed.ahmed@example.com,2016-09-25
E6651,Ayesha Khan,Male,Finance,Multan,53,36452,ayesha.qureshi@example.com,2017-01-01
E6652,Ali Qureshi,Male,HR,Islamabad,28,87841,ahmed.raza@example.com,2022-03-25
E6653,Fatima Qureshi,Female,,Multan,37,35025,nida.qureshi@example.com,2022-02-14
E6654,  Sara Raza  ,Female,Operations,Islamabad,52,60716,bilal.hussain@example.com,2022-12-04
E6655,Nida Raza,Male,Marketing,Lahore,53,54748,ahmed.raza@example.com,2021-03-13
E6656,Fatima Raza,Female,Marketing,,53,,ahmedrazaexample.com,2016-08-17
E6657,Ayesha Qureshi,Female,IT,,36,38052,sara.raza@example.com,2018-02-01
E6658,Zain Malik,Male,HR,Islamabad,22,36880,bilal.raza@example.com,2021-09-25
E6659,Zain Sheikh,Female,HR,Lahore,43,81297,nida.raza@example.com,2022-03-02
E6660,Zain Khan,Female,Operations,Karachi,28,51436,omar.raza@example.com,2021-01-27
E6661,Omar Sheikh,Female,IT,,41,62396,zain.hussain@example.com,2020-12-17
E6662,Ali Ahmed,Male,Sales,Islamabad,47,33957,ahmed.ahmed@example.com,2018-09-30
E6663,Ayesha Hussain,Male,Marketing,Lahore,22,62932,omar.raza@example.com,2017-02-21
E6664,Ali Raza,Female,Marketing,,50,83382,ali.sheikh@example.com,2018-06-27
E6665,Fatima Ahmed,Male,HR,Islamabad,34,57786,ali.sheikh@example.com,2015-10-08
E6666,Ahmed Khan,Female,HR,Karachi,53,62796,bilal.malik@example.com,2017-10-11
E6667,Sara Ahmed,Female,Sales,Faisalabad,33,38304,ayesha.qureshi@example.com,2018-02-02
E6668,Nida Qureshi,Female,Operations,Multan,25,54825,bilal.hussain@example.com,2020-05-23
E6669,Ahmed Raza,Male,HR,Faisalabad,41,69995,zain.iqbal@example.com,2020-05-22
E6670,Ahmed Sheikh,Male,,Islamabad,24,,ayesha.qureshi@example.com,2022-07-04
E6671,Omar Ahmed,Female,Finance,Faisalabad,37,88191,fatima.khan@example.com,2018-10-09
E6672,Bilal Ahmed,Female,IT,Karachi,33,73637,sara.iqbal@example.com,2015-09-30
E6673,Ayesha Raza,Male,HR,Islamabad,41,88731,nida.raza@example.com,2021-06-28
E6674,Zain Malik,Male,Sales,Faisalabad,22,43590,ahmed.sheikh@example.com,2020-10-04
E6675,Ayesha Khan,Male,Sales,Multan,40,89714,ahmed.qureshi@example.com,02/06/2018
E6676,Hina Khan,Male,Marketing,Lahore,41,39097,ali.malik@example.com,2022-11-17
E6677,Fatima Sheikh,Male,HR,Lahore,23,69436,ayesha.khan@example.com,2016-05-06
E6678,Bilal Qureshi,Male,,Lahore,28,68395,hina.qureshi@example.com,2021-05-12
E6679,Ayesha Khan,Male,Finance,Lahore,32,88910,ayesha.malik@example.com,2020-04-12
E6680,Ahmed Iqbal,Female,HR,Faisalabad,26,70332,ayesha.qureshi@example.com,2020-04-04
E6681,Nida Khan,Male,IT,,50,33333,ayesha.ahmed@example.com,2021-03-09
E6682,Ayesha Sheikh,Female,Finance,,43,62977,zain.sheikh@example.com,2015-04-19
E6683,Bilal Malik,Female,,Karachi,49,83854,sara.khan@example.com,2018-07-03
E6684,Zain Sheikh,Female,Marketing,Lahore,35,80034,ahmed.raza@example.com,27/07/2016
E6685,Ali Raza,Male,Finance,Faisalabad,41,76466,ahmed.sheikh@example.com,2016-05-29
E6686,Zain Khan,Male,Sales,Multan,34,32728,zain.iqbal@example.com,2015-06-07
E6687,Ahmed Khan,Male,IT,Lahore,47,87360,zain.iqbal@example.com,2015-04-29
E6688,Omar Qureshi,Female,Marketing,Multan,26,66150,omar.qureshi@example.com,2015-10-05
E6689,Hina Ahmed,Female,Sales,,39,45622,omar.khan@example.com,2019-03-26
E6690,Zain Malik,Male,IT,Karachi,43,54223,fatima.iqbal@example.com,2022-04-15
E6691,Nida Ahmed,Male,Sales,Faisalabad,45,86535,omar.malik@example.com,2020-04-16
E6692,Omar Sheikh,Male,Marketing,Faisalabad,24,44571,fatima.hussain@example.com,2019-02-10
E6693,Zain Qureshi,Male,Finance,Lahore,27,Rs 75042,ayesha.ahmed@example.com,2020-10-12
E6694,Ayesha Hussain,Male,Finance,Faisalabad,32,70136,ahmed.hussain@example.com,2016-02-26
E6695,  Ali Malik  ,Male,,Karachi,23,79167,ahmed.sheikh@example.com,2018-10-08
E6696,Ali Malik,Male,Marketing,,38,30896,ayesha.qureshi@example.com,2022-02-12
E6697,  Bilal Malik  ,Female,IT,,37,48983,fatima.iqbal@example.com,2020-11-27
E6698,Ali Iqbal,Male,Operations,Faisalabad,27,31609,ahmed.malik@example.com,2017-06-24
E6699,Ahmed Qureshi,Male,IT,,32,32890,nida.ahmed@example.com,2021-08-26
E6700,Ahmed Qureshi,Female,Marketing,,55,38413,hina.khan@example.com,2016-12-30
E6701,Bilal Khan,Male,Operations,Karachi,49,46367,sara.raza@example.com,2018-12-13
E6702,Bilal Malik,Male,HR,Multan,49,46160,ali.iqbal@example.com,2021-03-04
E6703,Fatima Qureshi,Male,Marketing,Lahore,49,86073,omar.hussain@example.com,15/07/2018
E6704,Nida Khan,Male,Finance,Faisalabad,51,89473,ayesha.raza@example.com,2019-08-06
E6705,Ahmed Ahmed,Male,,Lahore,50,60596,fatima.malik@example.com,2018-04-02
E6706,Hina Malik,Male,,Faisalabad,44,37292,fatima.iqbal@example.com,2017-08-10
E6707,Ali Iqbal,Female,Finance,Faisalabad,46,76641,hina.qureshi@example.com,2022-08-14
E6708,Sara Khan,Male,,Faisalabad,40,84467,zain.sheikh@example.com,2022-07-18
E6709,Sara Ahmed,Male,Marketing,Karachi,47,83945,hinarazaexample.com,2019-05-15
E6710,Ali Hussain,Male,Marketing,Faisalabad,54,73051,ahmed.ahmed@example.com,2022-01-15
E6711,Bilal Hussain,Male,Marketing,Lahore,34,54907,ayesha.iqbal@example.com,2019-05-02
E6712,Sara Iqbal,Male,HR,Faisalabad,46,Rs 55258,omar.raza@example.com,2018-07-26
E6713,  Sara Khan  ,Female,Operations,Faisalabad,37,58482,fatima.raza@example.com,16/06/2020
E6714,Omar Sheikh,Male,Marketing,Multan,35,39635,ahmed.khan@example.com,2016-07-10
E6715,Bilal Ahmed,Male,,Faisalabad,31,78351,saramalikexample.com,2016-07-25
E6716,Omar Hussain,Female,Finance,Karachi,24,66831,fatima.ahmed@example.com,02/08/2018
E6717,Sara Malik,Male,IT,Lahore,40,49401,omar.raza@example.com,2019-11-26
E6718,Fatima Raza,Male,Operations,Multan,55,74964,fatima.ahmed@example.com,2015-07-06
E6719,Sara Iqbal,Male,Operations,Islamabad,28,64298,ayesha.raza@example.com,2022-12-11
E6720,Hina Hussain,Male,Sales,Lahore,48,85199,ayesha.sheikh@example.com,2019-09-03
E6721,Omar Iqbal,Female,Operations,Lahore,54,72029,omar.hussain@example.com,2016-08-12
E6722,Ahmed Ahmed,Male,HR,Faisalabad,44,56547,nida.sheikh@example.com,2020-05-20
E6723,Bilal Raza,Male,Operations,Lahore,34,45192,fatima.malik@example.com,2015-02-11
E6724,  Hina Khan  ,Male,Finance,Multan,27,34615,omar.khan@example.com,2018-08-12
E6725,Zain Iqbal,Male,Marketing,,22,64064,ali.qureshi@example.com,2022-06-27
E6726,Ahmed Hussain,Female,IT,Islamabad,55,35931,ahmedahmedexample.com,2018-07-18
E6727,Nida Khan,Female,IT,Multan,52,70883,ayesha.raza@example.com,2020-08-09
E6728,Ahmed Khan,Male,,Multan,24,45956,nida.ahmed@example.com,2017-09-02
E6729,Hina Qureshi,Male,IT,,26,45294,ayesha.qureshi@example.com,2018-04-18
E6730,  Zain Khan  ,Male,HR,Lahore,41,77330,bilal.sheikh@example.com,2021-07-02
E6731,Zain Raza,Male,Marketing,Lahore,46,45053,sara.khan@example.com,2018-06-13
E6732,Bilal Malik,Female,Sales,Faisalabad,29,34951,zain.sheikh@example.com,2018-03-16
E6733,Nida Hussain,Male,,Lahore,54,75629,ali.qureshi@example.com,2016-06-15
E6734,Fatima Raza,Male,Marketing,Faisalabad,52,52666,ahmed.khan@example.com,2019-04-02
E6735,Ahmed Ahmed,Male,Sales,Multan,25,44202,zain.sheikh@example.com,2015-07-16
E6736,Ali Hussain,Female,HR,,32,41200,ali.iqbal@example.com,2015-04-20
E6737,Bilal Khan,Female,Operations,Multan,52,80516,nida.khan@example.com,2022-09-08
E6738,Zain Qureshi,Female,Marketing,,36,63484,ahmed.ahmed@example.com,2019-07-11
E6739,Omar Qureshi,Female,IT,Islamabad,30,77158,fatima.iqbal@example.com,2022-07-16
E6740,Ahmed Raza,Male,IT,,39,55334,sara.hussain@example.com,2020-02-23
E6741,Hina Malik,Male,Sales,Karachi,46,32177,hina.khan@example.com,2021-04-07
E6742,Omar Hussain,Male,Operations,Karachi,51,65711,fatima.ahmed@example.com,2019-12-28
E6743,Omar Malik,Male,Finance,Multan,36,54907,nida.raza@example.com,2018-01-17
E6744,Hina Hussain,Male,Marketing,Karachi,27,69411,ahmed.iqbal@example.com,2015-01-24
E6745,Hina Qureshi,Female,Marketing,Islamabad,41,63140,ali.khan@example.com,2017-09-28
E6746,Sara Raza,Female,Operations,Faisalabad,46,62960,fatima.iqbal@example.com,2017-01-19
E6747,Fatima Iqbal,Female,Finance,Lahore,39,32477,omar.iqbal@example.com,2021-02-13
E6748,Bilal Hussain,Male,Operations,Islamabad,32,86890,hina.raza@example.com,2022-12-02
E6749,Ahmed Qureshi,Male,Finance,Karachi,43,64639,sara.sheikh@example.com,2020-05-17
E6750,Ahmed Hussain,Female,Marketing,,23,70037,zain.sheikh@example.com,2018-10-04
E6751,  Omar Sheikh  ,Female,Operations,Faisalabad,54,30389,sara.sheikh@example.com,2021-03-06
E6752,Hina Khan,Male,,Faisalabad,55,55707,fatima.khan@example.com,2017-02-07
E6753,Bilal Sheikh,Female,,Karachi,33,46657,ali.khan@example.com,2016-04-25
E6754,Omar Khan,Male,Sales,Karachi,37,30528,sara.iqbal@example.com,2021-03-17
E6755,Ali Hussain,Female,Marketing,Faisalabad,31,58004,ahmed.hussain@example.com,2022-04-01
E6756,Bilal Malik,Male,,Lahore,38,33448,hina.iqbal@example.com,2021-06-06
E6757,Nida Qureshi,Female,HR,Multan,34,Rs 35273,ali.iqbal@example.com,2019-08-06
E6758,Ahmed Malik,Male,,Multan,48,34486,ahmedahmedexample.com,2021-12-23
E6759,Ali Hussain,Female,IT,Islamabad,49,,ahmed.iqbal@example.com,2020-09-20
E6760,Bilal Khan,Female,Sales,,41,55812,omar.sheikh@example.com,2020-06-17
E6761,Ahmed Iqbal,Female,Sales,Lahore,50,50291,ayesha.ahmed@example.com,2016-11-30
E6762,Zain Sheikh,Female,Finance,Multan,53,74841,sara.raza@example.com,02/06/2015
E6763,Ahmed Qureshi,Female,Sales,Multan,35,83841,fatima.khan@example.com,2022-09-06
E6764,Fatima Raza,Male,Marketing,Karachi,31,41588,hina.qureshi@example.com,2022-11-01
E6765,Hina Ahmed,Male,Marketing,Lahore,37,38511,omar.raza@example.com,2019-08-14
E6766,Ali Sheikh,Female,Marketing,Karachi,53,64709,ali.hussain@example.com,2022-09-06
E6767,Ali Hussain,Male,Operations,Lahore,32,83478,ayesha.ahmed@example.com,2021-12-11
E6768,Omar Qureshi,Female,Marketing,Faisalabad,38,46045,hina.raza@example.com,2016-09-18
E6769,Ahmed Sheikh,Male,IT,Multan,32,Rs 71843,omar.hussain@example.com,2018-02-08
E6770,Omar Malik,Male,Sales,Islamabad,32,41708,omar.sheikh@example.com,2019-04-28
E6771,Omar Malik,Female,IT,Faisalabad,27,89876,ayesha.malik@example.com,2015-05-07
E6772,Ahmed Sheikh,Male,Finance,Karachi,37,39758,ali.sheikh@example.com,2017-10-14
E6773,Hina Hussain,Male,Operations,Lahore,36,36991,fatima.malik@example.com,2020-06-09
E6774,Nida Iqbal,Male,IT,Karachi,30,76527,ayesha.hussain@example.com,2015-10-10
E6775,Bilal Sheikh,Female,Sales,Islamabad,41,65530,ayesha.qureshi@example.com,2017-03-28
E6776,Omar Qureshi,Male,Sales,Karachi,22,Rs 51002,nida.ahmed@example.com,2016-01-10
E6777,  Ali Hussain  ,Male,IT,,47,32396,ayesha.malik@example.com,2017-09-30
E6778,Fatima Raza,Male,Finance,,26,49331,zain.iqbal@example.com,2015-11-23
E6779,Zain Malik,Male,Marketing,Multan,55,81940,ali.sheikh@example.com,2018-03-27
E6780,Omar Malik,Male,HR,,47,60522,bilal.qureshi@example.com,2019-05-26
E6781,Ali Qureshi,Female,IT,Multan,40,66992,ali.sheikh@example.com,2015-01-24
E6782,Sara Sheikh,Male,Operations,Karachi,47,63262,zain.ahmed@example.com,2020-08-28
E6783,Bilal Raza,Male,,Islamabad,23,84058,hina.qureshi@example.com,2015-11-26
E6784,Omar Ahmed,Male,IT,Islamabad,44,39824,omar.ahmed@example.com,2019-05-14
E6785,Hina Iqbal,Male,Operations,Faisalabad,47,35602,ali.sheikh@example.com,2017-11-13
E6786,Ali Iqbal,Male,Finance,Karachi,31,69418,omar.sheikh@example.com,2019-06-02
E6787,Zain Iqbal,Female,Marketing,Multan,50,49924,ayesha.raza@example.com,2017-09-29
E6788,Sara Hussain,Male,Sales,Multan,38,76096,ayesha.raza@example.com,2022-10-30
E6789,Omar Khan,Male,Sales,,45,83257,bilal.ahmed@example.com,2016-07-19
E6790,Bilal Hussain,Female,IT,Islamabad,23,57749,ali.malik@example.com,2022-07-11
E6791,Hina Khan,Male,IT,Lahore,45,70678,hina.qureshi@example.com,2016-10-16
E6792,Fatima Malik,Male,Finance,Lahore,48,80531,ali.qureshi@example.com,2020-02-23
E6793,Ayesha Ahmed,Female,Finance,Faisalabad,44,52467,bilal.khan@example.com,2017-05-22
E6794,Sara Iqbal,Male,,Karachi,55,75738,nida.qureshi@example.com,2016-08-11
E6795,  Bilal Sheikh  ,Male,IT,Islamabad,32,85054,sara.ahmed@example.com,2016-05-29
E6796,Nida Raza,Male,Marketing,Multan,46,73173,bilal.sheikh@example.com,2015-11-30
E6797,Omar Raza,Female,HR,Multan,27,31807,zain.malik@example.com,2020-12-24
E6798,Omar Sheikh,Male,Sales,,49,Rs 83285,ayesha.malik@example.com,2017-11-09
E6799,Omar Qureshi,Female,Finance,Islamabad,28,52568,nidahussainexample.com,2021-10-31
E6800,Bilal Qureshi,Female,Sales,Lahore,34,52432,fatima.raza@example.com,2022-11-04
E6801,  Ahmed Iqbal  ,Male,Sales,Multan,39,72617,hina.sheikh@example.com,2015-10-26
E6802,Ahmed Malik,Female,Sales,Karachi,36,76625,hina.hussain@example.com,2021-08-28
E6803,Sara Malik,Male,HR,Faisalabad,55,76162,sara.iqbal@example.com,2022-11-22
E6804,Sara Ahmed,Male,Finance,Lahore,26,63467,bilal.khan@example.com,2016-12-28
E6805,Nida Sheikh,Male,Sales,Multan,31,53755,ayesha.khan@example.com,2015-09-03
E6806,Sara Iqbal,Male,,Karachi,43,74403,zain.malik@example.com,2017-04-30
E6807,Sara Qureshi,Male,,Multan,25,46650,hina.qureshi@example.com,2021-11-30
E6808,Ali Ahmed,Male,Marketing,Lahore,33,Rs 87769,hina.iqbal@example.com,2018-08-26
E6809,Sara Khan,Male,Marketing,Islamabad,42,55976,ali.malik@example.com,2021-12-16
E6810,Fatima Malik,Female,Operations,Islamabad,47,38980,ali.ahmed@example.com,2021-07-27
E6811,Ali Sheikh,Female,HR,Faisalabad,32,,bilal.malik@example.com,2021-07-07
E6812,Zain Hussain,Female,Finance,,27,30670,zain.iqbal@example.com,2021-10-23
E6813,Zain Malik,Female,HR,Karachi,50,62735,nidahussainexample.com,21/08/2015
E6814,Omar Ahmed,Male,Marketing,Multan,39,51369,ayesha.malik@example.com,2017-02-01
E6815,Sara Hussain,Male,,Karachi,52,Rs 80612,omar.malik@example.com,2022-10-08
E6816,Nida Iqbal,Male,IT,Faisalabad,49,73657,sara.qureshi@example.com,04/11/2021
E6817,Ahmed Qureshi,Female,Finance,Lahore,25,65175,nida.malik@example.com,2022-01-17
E6818,Hina Malik,Female,IT,,41,40594,fatima.iqbal@example.com,2022-12-05
E6819,Ayesha Hussain,Male,Sales,Karachi,41,63358,fatima.sheikh@example.com,2020-06-21
E6820,Nida Khan,Male,,Islamabad,25,36120,nida.iqbal@example.com,2017-12-17
E6821,Ali Iqbal,Male,IT,Lahore,41,47415,ahmed.qureshi@example.com,11/06/2015
E6822,Bilal Sheikh,Female,IT,Karachi,31,33997,omar.qureshi@example.com,2015-03-28
E6823,Ahmed Qureshi,Female,IT,Islamabad,39,47863,ahmed.hussain@example.com,2021-10-11
E6824,Bilal Malik,Male,HR,Lahore,28,76650,sara.malik@example.com,2015-02-04
E6825,Fatima Sheikh,Male,Marketing,Karachi,40,32896,bilal.malik@example.com,2017-09-02
E6826,Omar Hussain,Female,,Karachi,31,50166,fatima.sheikh@example.com,2017-09-28
E6827,Nida Raza,Female,HR,Islamabad,48,71634,omar.hussain@example.com,2019-11-15
E6828,Nida Iqbal,Female,Operations,Multan,42,59355,ali.khan@example.com,2017-09-09
E6829,Bilal Qureshi,Male,HR,Lahore,46,45874,bilalmalikexample.com,2018-08-31
E6830,Bilal Iqbal,Male,Finance,,31,40649,nida.hussain@example.com,2016-03-04
E6831,Ahmed Ahmed,Male,Marketing,Multan,49,72134,hina.ahmed@example.com,2015-05-11
E6832,Zain Ahmed,Female,Operations,Islamabad,26,86754,omar.malik@example.com,2015-12-29
E6833,Ali Malik,Male,Marketing,Faisalabad,47,72233,hina.qureshi@example.com,2016-10-01
E6834,Ayesha Sheikh,Female,Finance,Multan,25,68741,ahmed.hussain@example.com,2018-10-06
E6835,Hina Ahmed,Male,,,38,32364,nida.khan@example.com,2016-03-26
E6836,Omar Khan,Female,Finance,Faisalabad,47,52500,sara.khan@example.com,2016-04-02
E6837,Ahmed Qureshi,Female,IT,Multan,41,84668,fatima.sheikh@example.com,2021-07-21
E6838,Ali Raza,Male,Sales,Islamabad,37,38904,nida.ahmed@example.com,2017-03-07
E6839,Bilal Iqbal,Female,HR,Multan,23,51904,sara.sheikh@example.com,2022-06-28
E6840,Fatima Raza,Female,Finance,Islamabad,23,83983,hina.qureshi@example.com,2020-11-30
E6841,Ayesha Malik,Male,,,50,71972,zain.sheikh@example.com,2019-09-23
E6842,Zain Ahmed,Male,,,32,78512,ayesha.ahmed@example.com,2015-12-21
E6843,Ali Iqbal,Male,IT,Islamabad,41,33177,ali.sheikh@example.com,2019-05-03
E6844,Ali Khan,Male,,Multan,51,58792,fatima.khan@example.com,2021-04-07
E6845,Nida Hussain,Male,Operations,,47,87307,ahmed.qureshi@example.com,2020-05-02
E6846,Zain Hussain,Female,HR,Islamabad,46,57382,bilal.iqbal@example.com,2020-03-30
E6847,Zain Iqbal,Male,Sales,Islamabad,22,78205,hina.ahmed@example.com,2021-06-02
E6848,Zain Iqbal,Female,Finance,,44,39944,nida.khan@example.com,2017-06-17
E6849,Omar Khan,Female,Marketing,Islamabad,35,73472,nida.sheikh@example.com,2019-12-25
E6850,Omar Hussain,Male,Sales,Faisalabad,26,32331,zain.malik@example.com,2018-10-28
E6851,Zain Ahmed,Male,HR,Karachi,35,75387,omar.hussain@example.com,25/03/2018
E6852,Fatima Qureshi,Female,Operations,Lahore,52,51690,nida.sheikh@example.com,2019-05-10
E6853,Fatima Khan,Male,Finance,Faisalabad,55,Rs 81028,ahmed.sheikh@example.com,2021-03-05
E6854,Zain Ahmed,Female,Marketing,Multan,35,73364,fatima.iqbal@example.com,2017-11-08
E6855,Sara Khan,Male,IT,Karachi,51,76690,ali.qureshi@example.com,2018-03-03
E6856,Sara Ahmed,Male,,Faisalabad,40,80484,fatima.qureshi@example.com,2020-07-27
E6857,Omar Iqbal,Female,IT,Faisalabad,52,71807,omar.raza@example.com,2019-02-14
E6858,Ayesha Iqbal,Male,HR,,46,83734,ali.iqbal@example.com,2016-06-08
E6859,Zain Khan,Male,IT,Karachi,46,54261,hina.raza@example.com,2015-05-24
E6860,Fatima Ahmed,Female,Operations,Lahore,36,54596,nida.malik@example.com,2022-08-27
E6861,Ali Khan,Male,Marketing,Karachi,53,58526,nida.raza@example.com,2022-09-28
E6862,Omar Sheikh,Female,Sales,Islamabad,52,45483,ayesha.hussain@example.com,2017-02-14
E6863,Ahmed Sheikh,Female,Sales,Islamabad,52,42429,bilal.sheikh@example.com,21/01/2016
E6864,Ayesha Qureshi,Female,,Faisalabad,33,40581,bilal.raza@example.com,2016-08-16
E6865,Hina Qureshi,Male,HR,Faisalabad,41,41183,bilal.sheikh@example.com,2021-11-07
E6866,Ayesha Ahmed,Female,HR,Multan,33,30523,nida.raza@example.com,2016-07-10
E6867,Omar Khan,Female,IT,Multan,38,42223,ali.hussain@example.com,2017-03-03
E6868,Ayesha Hussain,Male,Marketing,Islamabad,32,49852,ali.raza@example.com,2020-04-21
E6869,Ahmed Malik,Female,,Lahore,52,,zain.qureshi@example.com,2015-03-18
E6870,Bilal Hussain,Female,,Islamabad,54,Rs 47917,bilal.iqbal@example.com,2020-08-07
E6871,Bilal Iqbal,Female,HR,Lahore,41,47978,omar.raza@example.com,2021-12-24
E6872,Ali Khan,Female,IT,Karachi,26,83766,nida.sheikh@example.com,2015-03-11
E6873,Nida Iqbal,Male,,Lahore,33,89222,ayesha.iqbal@example.com,2021-10-12
E6874,Hina Sheikh,Male,IT,Islamabad,53,62785,hina.malik@example.com,2018-12-29
E6875,Ahmed Sheikh,Female,Marketing,Lahore,48,41546,zain.malik@example.com,17/05/2020
E6876,Fatima Qureshi,Female,HR,Karachi,28,47195,zain.hussain@example.com,2017-04-04
E6877,Ali Hussain,Female,,Islamabad,30,31382,sara.hussain@example.com,2018-12-29
E6878,Omar Hussain,Female,Marketing,,54,81953,ayesha.raza@example.com,2019-12-07
E6879,Omar Malik,Female,,Multan,31,83987,sara.iqbal@example.com,2019-06-15
E6880,Ahmed Sheikh,Male,Operations,Islamabad,49,82747,ali.khan@example.com,2019-07-05
E6881,Bilal Hussain,Male,Operations,Lahore,28,39858,nida.khan@example.com,2018-03-25
E6882,Hina Ahmed,Male,IT,Faisalabad,32,69590,ayesha.iqbal@example.com,2020-12-27
E6883,Fatima Iqbal,Male,Finance,,39,66626,ali.ahmed@example.com,28/07/2021
E6884,Bilal Khan,Female,IT,,51,62517,fatima.malik@example.com,2018-05-04
E6885,Fatima Sheikh,Female,,Multan,50,54143,bilal.hussain@example.com,2015-07-10
E6886,Zain Sheikh,Female,Finance,Islamabad,40,80687,hina.raza@example.com,2018-06-28
E6887,Ahmed Raza,Female,Operations,,54,80124,zain.iqbal@example.com,2022-01-04
E6888,Zain Ahmed,Male,HR,Multan,26,36970,bilal.sheikh@example.com,2017-05-13
E6889,  Zain Khan  ,Female,Finance,Faisalabad,41,30202,hina.khan@example.com,2017-06-19
E6890,Omar Hussain,Male,Finance,Faisalabad,24,82049,omar.raza@example.com,2019-04-04
E6891,Fatima Hussain,Female,IT,Multan,48,57649,ali.raza@example.com,2018-01-25
E6892,Fatima Sheikh,Female,Sales,,29,69858,fatima.sheikh@example.com,31/07/2015
E6893,Ahmed Malik,Male,HR,,33,43958,nida.malik@example.com,2022-03-28
E6894,Sara Sheikh,Male,Finance,Karachi,51,74005,hina.khan@example.com,2020-09-11
E6895,Hina Hussain,Female,Operations,Faisalabad,44,82601,fatima.raza@example.com,2020-04-04
E6896,Nida Qureshi,Male,Marketing,Multan,47,87424,ayesha.khan@example.com,2019-07-08
E6897,Nida Malik,Female,,Islamabad,27,51117,ayesha.sheikh@example.com,2018-05-10
E6898,Omar Raza,Male,Sales,Islamabad,22,75911,hina.malik@example.com,2021-08-16
E6899,Zain Sheikh,Female,IT,Multan,40,51885,zain.hussain@example.com,2019-04-01
E6900,Ali Raza,Female,Sales,Multan,24,42061,sara.sheikh@example.com,2015-10-30
E6901,Bilal Iqbal,Male,Finance,Lahore,49,72407,sara.ahmed@example.com,2015-09-21
E6902,Ahmed Qureshi,Male,Sales,Karachi,52,50487,nida.sheikh@example.com,2022-10-31
E6903,Ali Khan,Male,HR,Islamabad,34,77858,ahmediqbalexample.com,2018-07-04
E7524,Ahmed Iqbal,Male,HR,Lahore,31,85845,fatima.raza@example.com,2018-07-31
E6905,Ali Hussain,Male,Marketing,Karachi,42,44794,ali.ahmed@example.com,2019-01-10
E6906,Sara Khan,Male,Sales,Islamabad,55,51845,omar.raza@example.com,2017-08-25
E6907,Sara Ahmed,Male,Marketing,,47,80324,ayesha.raza@example.com,2018-05-26
E6908,Bilal Sheikh,Male,Sales,Karachi,54,49560,fatima.khan@example.com,2021-04-21
E6909,Sara Ahmed,Female,Sales,,39,75111,ayesha.khan@example.com,2015-08-28
E6910,  Zain Khan  ,Male,Sales,Faisalabad,55,74289,fatima.iqbal@example.com,2022-06-29
E6911,Ahmed Malik,Male,Marketing,,26,44607,hina.khan@example.com,2016-07-10
E6912,Omar Qureshi,Male,Sales,,23,60885,fatima.sheikh@example.com,2022-10-29
E6913,Zain Malik,Male,IT,Karachi,46,70548,bilal.qureshi@example.com,2022-05-16
E6914,Fatima Sheikh,Male,Marketing,Islamabad,32,60249,sara.hussain@example.com,2015-03-24
E6915,Zain Ahmed,Female,Finance,Lahore,39,52348,ayesha.khan@example.com,2020-04-30
E6916,Omar Khan,Male,Operations,Lahore,51,40284,hina.khan@example.com,2020-11-25
E6917,Sara Ahmed,Female,Finance,Multan,26,78515,nida.ahmed@example.com,30/07/2018
E6918,Hina Raza,Male,IT,Islamabad,46,66841,ali.qureshi@example.com,2017-04-15
E6919,  Bilal Malik  ,Female,HR,Multan,44,63744,hina.qureshi@example.com,2018-05-05
E6920,Fatima Raza,Male,HR,Karachi,47,50678,fatima.qureshi@example.com,2019-07-03
E6921,Ahmed Sheikh,Male,Operations,Faisalabad,34,75658,zain.raza@example.com,2018-12-11
E6922,Bilal Hussain,Male,Operations,,48,69028,ahmed.ahmed@example.com,2019-08-17
E6923,Omar Iqbal,Female,Marketing,,42,57657,sara.sheikh@example.com,2018-10-07
E6924,Bilal Sheikh,Male,Operations,Faisalabad,26,54325,sara.qureshi@example.com,2018-10-02
E6925,Nida Khan,Male,Operations,Multan,33,31958,nida.malik@example.com,2018-12-09
E6926,Fatima Qureshi,Female,,Multan,23,74025,omar.iqbal@example.com,2019-12-30
E6927,Ayesha Qureshi,Male,HR,Multan,43,67804,nida.khan@example.com,2019-09-02
E6928,Hina Sheikh,Female,,Islamabad,38,Rs 73505,ayesha.iqbal@example.com,2020-09-18
E6929,Sara Khan,Female,Sales,Multan,29,Rs 76773,ahmed.khan@example.com,10/12/2017
E6930,Nida Iqbal,Male,Marketing,Karachi,44,77738,bilal.malik@example.com,2020-08-20
E6931,Ayesha Hussain,Male,HR,,30,67562,zain.hussain@example.com,2017-11-26
E6932,Sara Raza,Female,,Lahore,54,Rs 82146,zain.hussain@example.com,2022-11-05
E6933,Ayesha Raza,Female,Sales,Multan,23,50329,ayesha.raza@example.com,2021-04-06
E6934,Ahmed Sheikh,Female,Sales,Multan,52,47631,omar.hussain@example.com,2016-11-14
E6935,  Bilal Qureshi  ,Male,Marketing,,54,63030,omar.raza@example.com,2018-04-20
E6936,Ayesha Raza,Male,Finance,Lahore,48,40765,nida.qureshi@example.com,2022-09-24
E6937,Bilal Khan,Female,IT,Karachi,41,52117,fatima.malik@example.com,2016-04-08
E6938,Bilal Raza,Male,Operations,Faisalabad,51,84718,fatima.iqbal@example.com,25/03/2021
E6939,Ahmed Khan,Female,Operations,Karachi,52,45340,zain.hussain@example.com,2020-06-14
E6940,Ali Sheikh,Female,,Karachi,22,69404,ali.sheikh@example.com,2016-06-24
E6941,Ali Khan,Female,,Multan,29,75214,ali.malik@example.com,2022-03-07
E6942,Bilal Iqbal,Female,Sales,Multan,48,32262,ayesha.qureshi@example.com,2022-10-14
E6943,  Omar Malik  ,Female,HR,,46,56532,bilalrazaexample.com,2018-10-29
E6944,Ali Qureshi,Female,HR,Multan,30,57148,ali.qureshi@example.com,2021-01-30
E6945,Ahmed Khan,Male,IT,Multan,23,62396,ayesha.hussain@example.com,2022-10-25
E6946,Zain Raza,Male,Marketing,Islamabad,31,80147,hina.iqbal@example.com,2022-01-01
E6947,Ahmed Hussain,Male,HR,Islamabad,37,41996,hina.khan@example.com,2016-01-05
E6948,Sara Hussain,Female,,Lahore,34,50052,fatima.iqbal@example.com,2022-07-23
E6949,Sara Malik,Male,HR,Lahore,46,53757,ayesha.hussain@example.com,2015-03-08
E6950,Ali Qureshi,Female,Operations,,30,59978,omar.khan@example.com,2017-03-02
E6951,Bilal Sheikh,Male,Marketing,,53,31136,alirazaexample.com,2020-07-17
E6952,Zain Iqbal,Female,Marketing,Faisalabad,23,51105,bilal.sheikh@example.com,2015-03-27
E6953,Nida Ahmed,Female,,Islamabad,47,88952,sara.raza@example.com,2022-11-04
E6954,  Ahmed Khan  ,Male,HR,Karachi,45,42897,ali.hussain@example.com,2020-04-18
E6955,Ali Qureshi,Male,Marketing,Faisalabad,37,83535,zain.raza@example.com,2022-10-02
E6956,  Omar Sheikh  ,Male,,Multan,26,64922,nida.malik@example.com,2017-11-27
E6957,Zain Ahmed,Male,Operations,Lahore,35,72681,bilal.qureshi@example.com,2019-07-01
E6958,Nida Iqbal,Male,,,52,32675,hina.hussain@example.com,2016-12-30
E6959,  Ahmed Ahmed  ,Male,HR,Lahore,43,85142,zain.sheikh@example.com,2016-11-23
E6960,Ali Iqbal,Female,Operations,Faisalabad,46,41307,hina.malik@example.com,2015-08-16
E6961,Omar Iqbal,Female,Sales,Karachi,30,84832,sara.sheikh@example.com,2018-10-10
E6962,Ahmed Khan,Female,Finance,,34,53649,bilal.hussain@example.com,2022-02-06
E6963,Omar Ahmed,Female,HR,Lahore,42,88918,fatima.qureshi@example.com,2020-01-28
E6964,Ahmed Malik,Female,Marketing,Lahore,40,83322,bilal.raza@example.com,2021-09-05
E6965,  Sara Hussain  ,Female,Marketing,Karachi,36,30096,zain.malik@example.com,2016-10-19
E6966,Hina Ahmed,Female,Marketing,,45,38897,fatima.sheikh@example.com,2020-01-08
E6967,Nida Hussain,Female,HR,Islamabad,26,48251,bilal.qureshi@example.com,2022-08-09
E6968,Hina Khan,Male,,Lahore,32,36102,bilal.khan@example.com,2016-10-01
E6969,Ali Ahmed,Female,Operations,Faisalabad,23,87797,fatima.iqbal@example.com,2021-03-16
E6970,Sara Iqbal,Male,Finance,,41,40092,hina.iqbal@example.com,2021-06-28
E6971,Sara Hussain,Female,Sales,Karachi,45,76740,zain.khan@example.com,2018-11-03
E6972,Omar Iqbal,Female,Sales,Islamabad,48,84190,bilal.khan@example.com,2017-11-13
E6973,Nida Qureshi,Male,Operations,,36,32231,ayesha.iqbal@example.com,2019-04-01
E6974,Bilal Raza,Male,Sales,Faisalabad,44,75900,ahmed.raza@example.com,2021-03-11
E6975,Bilal Malik,Female,Marketing,Karachi,45,44929,zain.khan@example.com,2016-01-25
E6976,Hina Malik,Male,IT,Multan,30,31538,sara.sheikh@example.com,2016-05-14
E6977,Fatima Iqbal,Male,Marketing,,40,78599,ahmed.hussain@example.com,2020-03-23
E6978,Hina Malik,Male,Operations,,25,Rs 62757,ali.sheikh@example.com,2016-04-03
E6979,Omar Khan,Female,IT,Lahore,43,33442,ali.ahmed@example.com,2022-12-22
E6980,  Sara Sheikh  ,Female,HR,Multan,24,58279,zain.raza@example.com,2019-12-31
E6981,Ahmed Sheikh,Female,IT,Karachi,25,72246,hina.khan@example.com,2019-02-09
E6982,Fatima Qureshi,Female,HR,,39,Rs 30194,zain.malik@example.com,2022-01-08
E6983,Bilal Sheikh,Male,Sales,,42,33358,hina.khan@example.com,2015-04-20
E6984,Zain Malik,Female,Finance,Karachi,27,53708,nida.qureshi@example.com,2021-10-15
E6985,Ali Ahmed,Female,Finance,Lahore,23,89530,ahmed.khan@example.com,2022-01-11
E6986,Ahmed Qureshi,Male,,Karachi,47,69163,omarsheikhexample.com,2020-09-20
E6987,Bilal Ahmed,Male,Operations,Lahore,46,,ayesha.qureshi@example.com,2018-12-22
E6988,Ahmed Qureshi,Male,,,48,70749,omar.raza@example.com,2015-08-10
E6989,Zain Malik,Male,Marketing,Lahore,22,38140,zain.raza@example.com,2020-04-03
E6990,Ayesha Qureshi,Male,,Multan,45,51310,ayesha.khan@example.com,2022-08-07
E6991,Nida Sheikh,Female,IT,Multan,54,62102,nida.hussain@example.com,2016-06-07
E6992,Ahmed Sheikh,Female,Marketing,Multan,24,38907,ahmed.malik@example.com,2019-11-28
E6993,Nida Iqbal,Male,Sales,Islamabad,42,54691,nida.qureshi@example.com,2021-05-25
E6994,Omar Hussain,Female,Marketing,Multan,32,66963,zain.khan@example.com,2019-09-14
E6995,Ayesha Qureshi,Female,Sales,,38,62221,ayesha.khan@example.com,2016-09-17
E6996,Nida Malik,Male,,Islamabad,35,46468,ahmed.ahmed@example.com,2017-01-21
E6997,Zain Ahmed,Female,,Lahore,54,Rs 59559,sara.raza@example.com,2017-06-10
E6998,Ayesha Malik,Female,Sales,Faisalabad,27,89227,fatima.hussain@example.com,2016-11-24
E6999,Fatima Hussain,Male,Sales,Islamabad,43,,nida.hussain@example.com,2020-01-08
E7000,Ali Ahmed,Female,Marketing,Multan,55,73863,omar.malik@example.com,2017-09-07
E7001,  Bilal Sheikh  ,Male,,Faisalabad,54,84622,alimalikexample.com,2019-02-16
E7002,Nida Sheikh,Male,HR,Faisalabad,37,47098,bilal.raza@example.com,2016-02-03
E7003,Fatima Qureshi,Male,Marketing,Multan,32,Rs 30565,bilal.iqbal@example.com,2019-09-20
E7004,Nida Khan,Female,IT,,31,73832,nida.khan@example.com,2020-07-08
E7005,Ali Malik,Male,Finance,,45,37351,omar.raza@example.com,2020-05-20
E7006,Sara Ahmed,Female,Sales,Faisalabad,53,63404,hina.khan@example.com,2015-07-02
E7007,Ali Qureshi,Female,,Multan,25,43892,omar.malik@example.com,2022-05-21
E7008,Ayesha Hussain,Male,Finance,Faisalabad,32,55187,ayesha.raza@example.com,2018-05-23
E7009,Hina Sheikh,Female,Marketing,Faisalabad,29,49594,nida.raza@example.com,2017-12-28
E7010,Bilal Ahmed,Female,HR,Faisalabad,28,59751,omar.sheikh@example.com,2015-07-09
E7011,Zain Khan,Male,Sales,Islamabad,48,79254,nida.qureshi@example.com,2017-07-22
E7012,Hina Sheikh,Female,Finance,Islamabad,46,34628,ali.khan@example.com,2019-09-28
E7013,Zain Qureshi,Male,Finance,Faisalabad,47,75262,ali.ahmed@example.com,2022-04-01
E7014,Ayesha Iqbal,Male,,,24,73685,ayesha.ahmed@example.com,2017-11-18
E7015,  Bilal Ahmed  ,Male,IT,,32,73938,omar.hussain@example.com,2021-06-24
E7016,Ahmed Khan,Female,IT,,33,58202,nida.malik@example.com,2015-10-26
E7017,Bilal Khan,Female,Finance,Multan,55,35276,ayesha.qureshi@example.com,2016-07-17
E7018,Nida Ahmed,Male,,Faisalabad,27,58843,bilal.khan@example.com,04/04/2021
E7019,Nida Sheikh,Male,Operations,,38,80770,hina.sheikh@example.com,2021-02-05
E7020,Ahmed Malik,Female,Sales,Islamabad,54,84150,nida.qureshi@example.com,2019-09-23
E7021,Omar Malik,Male,IT,Multan,47,71837,ayesha.sheikh@example.com,2021-10-07
E7022,Ali Ahmed,Male,Operations,,44,35652,fatima.iqbal@example.com,2019-07-11
E7023,Hina Khan,Female,IT,Faisalabad,49,57925,sara.hussain@example.com,2018-09-23
E7024,  Ayesha Raza  ,Female,Marketing,Multan,28,51210,zain.sheikh@example.com,2022-06-05
E7025,Hina Malik,Male,IT,Lahore,52,49221,hina.qureshi@example.com,2017-06-22
E7026,Nida Ahmed,Female,Marketing,Lahore,29,84176,bilal.qureshi@example.com,2019-09-24
E7027,Ali Qureshi,Female,Marketing,Islamabad,45,37367,ahmed.khan@example.com,2016-01-14
E7028,Ahmed Hussain,Female,Operations,Faisalabad,38,80632,hinarazaexample.com,14/06/2022
E7029,Fatima Hussain,Female,HR,Lahore,34,41650,bilal.ahmed@example.com,2022-11-15
E7030,Ayesha Qureshi,Female,IT,Multan,46,50186,zainrazaexample.com,24/03/2016
E7031,Bilal Raza,Male,Operations,Faisalabad,27,82398,fatima.malik@example.com,2018-05-24
E7032,Omar Ahmed,Female,,Islamabad,26,40304,sara.sheikh@example.com,2018-11-03
E7033,Zain Hussain,Male,,Multan,42,51763,sara.iqbal@example.com,2019-06-05
E7034,Ahmed Iqbal,Male,Operations,Lahore,37,,nida.qureshi@example.com,2020-05-08
E7035,Ahmed Sheikh,Female,,,36,36121,ali.qureshi@example.com,2022-10-21
E7036,Sara Hussain,Female,Operations,Faisalabad,36,46384,ayesha.iqbal@example.com,2018-10-02
E7037,Ahmed Raza,Female,HR,Lahore,46,83594,ayesha.iqbal@example.com,2016-06-04
E7038,Ahmed Khan,Male,IT,Multan,46,71347,zainsheikhexample.com,2016-11-30
E7039,Ali Sheikh,Male,Marketing,Faisalabad,41,61225,ayesha.sheikh@example.com,2019-01-21
E7040,Bilal Iqbal,Male,,,40,,ahmed.raza@example.com,2016-12-31
E7041,Ayesha Malik,Female,Sales,Karachi,34,83885,fatima.qureshi@example.com,2021-09-19
E7042,Zain Raza,Female,IT,Karachi,40,74467,hina.sheikh@example.com,2018-12-08
E7043,Fatima Qureshi,Female,IT,,51,60611,ayesha.raza@example.com,2022-07-09
E7044,Sara Ahmed,Male,HR,,40,70972,ayesha.ahmed@example.com,2015-01-16
E7045,Ayesha Iqbal,Male,Sales,Faisalabad,36,88018,sara.sheikh@example.com,08/04/2016
E7046,Omar Hussain,Female,HR,Islamabad,25,39593,ali.hussain@example.com,2015-07-28
E7047,Omar Khan,Male,Sales,Lahore,36,63654,omar.raza@example.com,2019-06-24
E7048,Hina Raza,Female,Operations,Lahore,40,Rs 75642,zain.ahmed@example.com,2018-09-05
E7049,Sara Hussain,Male,HR,Faisalabad,31,31682,bilal.sheikh@example.com,2016-10-27
E7050,Bilal Raza,Male,Finance,,49,41035,ahmed.iqbal@example.com,2020-09-20
E7051,Ayesha Ahmed,Female,Marketing,,51,56057,omar.qureshi@example.com,2022-05-09
E7052,Omar Hussain,Male,Finance,,39,67335,hina.sheikh@example.com,2017-07-28
E7053,Ayesha Khan,Female,Sales,Karachi,43,40293,nida.hussain@example.com,19/05/2016
E7054,Ali Qureshi,Male,IT,Karachi,47,62125,omar.khan@example.com,2019-01-10
E7055,Zain Khan,Male,Marketing,Multan,49,31110,hina.ahmed@example.com,2016-08-30
E7056,Hina Ahmed,Male,Sales,,26,Rs 62802,fatima.iqbal@example.com,2017-10-01
E7057,Fatima Iqbal,Female,Sales,Faisalabad,28,66924,ahmed.qureshi@example.com,2020-03-12
E7058,Nida Sheikh,Female,HR,Multan,43,31393,omar.qureshi@example.com,2020-07-28
E7059,Ali Khan,Male,Finance,Multan,44,50435,ahmed.khan@example.com,2019-10-02
E7060,Fatima Ahmed,Male,,Faisalabad,47,62729,fatima.raza@example.com,2018-05-16
E7061,Hina Hussain,Female,Operations,Multan,26,78980,nida.malik@example.com,2015-03-01
E7062,Nida Malik,Male,Marketing,Faisalabad,48,82718,ayesha.malik@example.com,2015-12-25
E7063,Ahmed Malik,Male,HR,,22,33588,nida.hussain@example.com,2019-03-30
E7064,Hina Iqbal,Female,IT,Faisalabad,46,42328,ahmed.qureshi@example.com,2017-12-20
E7065,Ali Sheikh,Male,Finance,Faisalabad,41,60265,hina.ahmed@example.com,2018-02-23
E7066,Zain Qureshi,Male,,Faisalabad,25,74336,ahmed.iqbal@example.com,2018-07-26
E7067,Ali Sheikh,Female,Marketing,Islamabad,45,Rs 37997,nida.khan@example.com,2021-03-13
E7068,Ali Iqbal,Female,IT,Karachi,50,52185,omar.raza@example.com,2022-01-27
E7069,Fatima Raza,Male,HR,Lahore,54,58190,ahmed.qureshi@example.com,2017-06-10
E7070,Zain Malik,Female,,Lahore,53,47853,sara.sheikh@example.com,2019-06-04
E7071,Ali Malik,Female,Finance,Karachi,49,84363,hina.malik@example.com,2017-02-22
E7072,Ayesha Qureshi,Male,Finance,Karachi,48,88721,bilal.raza@example.com,2017-11-14
E7073,Nida Ahmed,Female,Operations,Multan,23,84119,ahmed.qureshi@example.com,2020-09-25
E7074,Ali Khan,Male,Operations,Islamabad,26,74847,fatima.malik@example.com,2015-01-05
E7075,Omar Khan,Female,IT,Lahore,52,84840,zain.iqbal@example.com,2017-04-15
E7076,Ahmed Ahmed,Male,Finance,,32,60654,omar.khan@example.com,2021-01-25
E7077,Ayesha Ahmed,Female,HR,Karachi,46,69707,omar.hussain@example.com,2018-11-17
E7078,Nida Hussain,Male,IT,Lahore,28,60481,nida.khan@example.com,2019-11-24
E7079,  Nida Ahmed  ,Male,Operations,Islamabad,40,42417,hina.malik@example.com,2015-03-23
E7080,Zain Khan,Male,Operations,Karachi,52,37578,zain.hussain@example.com,2020-01-13
E7081,Hina Malik,Female,Sales,Islamabad,36,54953,hina.khan@example.com,04/02/2022
E7082,Sara Sheikh,Female,Sales,Lahore,23,71095,zain.ahmed@example.com,2020-01-03
E7083,Bilal Khan,Male,Finance,Lahore,50,68949,zain.sheikh@example.com,2022-01-25
E7084,Nida Ahmed,Female,HR,Islamabad,40,60045,fatima.hussain@example.com,2019-08-31
E7085,  Sara Malik  ,Female,Operations,Karachi,23,66329,nida.qureshi@example.com,2016-11-01
E7086,Omar Hussain,Female,Finance,Lahore,31,55751,fatima.raza@example.com,2016-08-14
E7087,Nida Raza,Female,HR,,51,76291,bilal.hussain@example.com,2016-01-24
E7088,Ali Raza,Female,,Multan,53,37288,omar.malik@example.com,2017-10-05
E7089,  Nida Malik  ,Male,Finance,Multan,30,72440,fatima.ahmed@example.com,2015-10-02
E7090,Fatima Sheikh,Female,Sales,Islamabad,53,45231,nida.sheikh@example.com,2017-01-18
E7091,  Sara Iqbal  ,Male,,Lahore,34,33522,zain.iqbal@example.com,2021-02-19
E7092,Nida Hussain,Female,Operations,Karachi,22,75432,ayesha.qureshi@example.com,2016-11-12
E7093,Bilal Hussain,Female,Sales,Karachi,29,36358,ahmed.malik@example.com,2018-10-29
E7094,Ahmed Raza,Male,Sales,Islamabad,49,82646,fatima.raza@example.com,2019-08-20
E7095,Fatima Sheikh,Male,,Karachi,41,73307,nida.malik@example.com,2018-08-23
E7096,Fatima Ahmed,Male,Marketing,Faisalabad,47,87938,ali.raza@example.com,2015-08-04
E7097,Sara Ahmed,Male,IT,Islamabad,45,51977,sara.sheikh@example.com,2017-08-27
E7098,  Fatima Sheikh  ,Female,IT,Faisalabad,31,44356,fatima.malik@example.com,2022-07-16
E7099,  Omar Malik  ,Female,IT,Islamabad,28,31540,omar.malik@example.com,2017-11-06
E7100,Omar Qureshi,Female,HR,Multan,52,89309,zain.iqbal@example.com,2016-04-25
E7101,Nida Khan,Female,HR,Multan,40,84230,zain.raza@example.com,2022-12-01
E7102,Omar Iqbal,Female,Marketing,Lahore,45,74687,nidasheikhexample.com,2022-08-23
E7103,Bilal Khan,Female,Finance,Karachi,47,72930,omar.malik@example.com,2016-07-10
E7104,Omar Qureshi,Female,Sales,,42,40103,ali.hussain@example.com,2022-03-07
E7105,Ali Raza,Female,Marketing,,39,40127,bilal.iqbal@example.com,2020-11-15
E7106,Bilal Hussain,Male,Marketing,Faisalabad,34,33114,bilal.sheikh@example.com,2015-06-01
E7107,Ayesha Raza,Male,,Multan,49,78667,fatima.qureshi@example.com,2015-02-04
E7108,Nida Hussain,Female,,,40,87046,hina.qureshi@example.com,05/11/2019
E7109,  Fatima Raza  ,Male,,Lahore,41,45112,ali.qureshi@example.com,21/07/2021
E7110,Omar Qureshi,Female,,Lahore,36,44895,ahmed.khan@example.com,2016-01-19
E7111,Ayesha Ahmed,Female,IT,Faisalabad,23,66041,fatima.khan@example.com,2022-06-28
E7112,Sara Sheikh,Male,Marketing,Islamabad,47,81034,sara.sheikh@example.com,2016-09-17
E7113,Ali Malik,Male,Finance,,55,30352,zain.qureshi@example.com,2022-09-09
E7114,Omar Ahmed,Female,Finance,,39,67318,hina.ahmed@example.com,2017-07-28
E7115,Omar Sheikh,Male,HR,Faisalabad,28,89192,fatima.ahmed@example.com,2020-07-10
E7116,Hina Hussain,Male,Marketing,Karachi,41,71103,ali.qureshi@example.com,2021-09-18
E7117,Ali Sheikh,Male,Operations,,45,52176,nida.malik@example.com,2022-08-12
E7118,Nida Sheikh,Male,Finance,Faisalabad,51,74948,omar.malik@example.com,2021-04-02
E7119,Sara Hussain,Female,Marketing,Multan,44,75681,bilal.hussain@example.com,2016-01-16
E7120,  Ahmed Malik  ,Female,Sales,Lahore,44,51964,omar.khan@example.com,2016-03-02
E7121,Ali Khan,Female,Marketing,Islamabad,51,Rs 61724,fatima.iqbal@example.com,2020-07-29
E7122,Omar Khan,Male,,Islamabad,34,81566,bilal.khan@example.com,2019-02-19
E7123,Ali Iqbal,Female,IT,Karachi,26,36637,nida.hussain@example.com,2017-09-02
E7124,Sara Khan,Female,Finance,Faisalabad,43,Rs 66555,sara.khan@example.com,2022-03-27
E7125,Ahmed Malik,Female,Marketing,Multan,49,63085,sara.raza@example.com,2017-04-27
E7126,Hina Raza,Male,Operations,Faisalabad,50,69329,fatima.khan@example.com,2021-03-25
E7127,Nida Khan,Female,HR,Multan,52,33228,fatima.hussain@example.com,2018-08-12
E7128,Fatima Qureshi,Male,Operations,Multan,30,71311,ahmed.malik@example.com,10/07/2021
E7129,Nida Qureshi,Female,Operations,Lahore,55,44501,sara.sheikh@example.com,2020-09-05
E7130,Nida Sheikh,Female,Sales,Karachi,27,56168,ali.sheikh@example.com,2016-11-16
E7131,Nida Iqbal,Male,HR,,44,Rs 55909,omarhussainexample.com,2020-07-22
E7132,Omar Khan,Female,,Faisalabad,49,Rs 44858,sara.hussain@example.com,2019-11-21
E7133,Sara Iqbal,Male,HR,Multan,27,56253,bilal.khan@example.com,2017-12-31
E7134,Ayesha Khan,Female,Sales,Multan,34,56342,ahmed.khan@example.com,2018-05-29
E7135,Ayesha Qureshi,Female,HR,Multan,23,,fatima.malik@example.com,2018-09-10
E7136,Bilal Sheikh,Male,Finance,Multan,30,33952,ali.sheikh@example.com,2021-08-03
E7137,Hina Qureshi,Female,Marketing,Karachi,36,75523,zain.malik@example.com,2017-02-27
E7138,  Nida Sheikh  ,Male,Marketing,Lahore,32,83384,omar.malik@example.com,2020-09-22
E7139,Hina Malik,Male,Marketing,,52,30144,ayesha.iqbal@example.com,2015-09-18
E7140,Fatima Sheikh,Male,Marketing,Karachi,47,40246,hina.qureshi@example.com,2019-05-07
E7141,Bilal Khan,Female,Marketing,Islamabad,35,45807,ayesha.khan@example.com,2019-08-04
E7142,Omar Sheikh,Female,Marketing,Islamabad,27,71772,hina.raza@example.com,2022-02-02
E7143,Nida Sheikh,Male,IT,,47,83490,zain.raza@example.com,2016-09-08
E7144,Bilal Malik,Female,Sales,Islamabad,40,56431,ahmed.malik@example.com,2016-05-07
E7145,Hina Khan,Female,,Multan,53,Rs 62366,ahmed.qureshi@example.com,2022-05-27
E7146,Nida Malik,Male,IT,Lahore,35,87697,bilal.qureshi@example.com,2016-07-21
E7147,Ahmed Iqbal,Male,Operations,Islamabad,50,41180,ahmed.malik@example.com,2021-03-14
E7148,Fatima Ahmed,Female,Operations,,47,77059,sara.qureshi@example.com,2022-03-25
E7149,Ahmed Ahmed,Female,Operations,Karachi,55,61827,sara.sheikh@example.com,2017-09-26
E7150,Hina Qureshi,Male,Finance,Lahore,51,81878,hina.iqbal@example.com,2017-08-15
E7151,Ahmed Iqbal,Male,Operations,Islamabad,46,85927,hina.qureshi@example.com,2015-07-16
E7152,Ali Khan,Male,Finance,,45,62114,omar.khan@example.com,2016-04-21
E7153,Fatima Raza,Female,Operations,Karachi,48,51169,omar.malik@example.com,14/11/2019
E7154,Nida Raza,Female,Finance,,40,89237,nida.sheikh@example.com,2017-01-14
E7155,Omar Sheikh,Male,Sales,Faisalabad,53,,ali.hussain@example.com,2015-05-25
E7156,Nida Qureshi,Female,,,28,87508,sara.sheikh@example.com,2021-01-13
E7157,Bilal Hussain,Female,IT,Karachi,27,52622,fatima.sheikh@example.com,2022-05-21
E7158,Zain Khan,Male,Marketing,,52,34815,bilal.sheikh@example.com,2017-06-14
E7159,Bilal Sheikh,Male,Marketing,Islamabad,44,51073,nida.ahmed@example.com,2015-08-07
E7160,  Hina Sheikh  ,Male,Finance,Faisalabad,36,49235,hina.hussain@example.com,2019-08-31
E7161,Ayesha Raza,Male,Marketing,,39,46128,nida.khan@example.com,2022-07-31
E7162,Bilal Sheikh,Male,HR,Faisalabad,24,80283,ali.qureshi@example.com,2021-08-19
E7163,Sara Sheikh,Female,IT,Faisalabad,49,47356,hina.malik@example.com,2017-03-17
E7164,Ayesha Khan,Female,Marketing,,28,66025,nida.malik@example.com,2016-02-05
E7165,Zain Hussain,Female,Marketing,Islamabad,50,50321,fatima.raza@example.com,22/10/2015
E7166,Zain Raza,Male,Sales,Karachi,44,47623,zain.ahmed@example.com,2020-02-29
E7167,Bilal Malik,Female,Sales,Lahore,29,70648,fatima.hussain@example.com,01/03/2021
E7168,Fatima Raza,Female,,Karachi,27,49299,hina.ahmed@example.com,2022-12-07
E7169,Ayesha Khan,Male,Marketing,Lahore,53,81723,ahmed.khan@example.com,2017-02-12
E7170,Sara Khan,Female,IT,Lahore,42,58846,ahmed.malik@example.com,2021-10-13
E7171,Ayesha Raza,Male,HR,Faisalabad,48,66141,zain.raza@example.com,2015-05-21
E7172,Ayesha Qureshi,Male,,Islamabad,35,30996,bilal.khan@example.com,2016-01-31
E7173,Ayesha Malik,Male,Finance,Faisalabad,40,41701,bilal.iqbal@example.com,2020-05-09
E7174,Sara Khan,Female,HR,Lahore,39,39314,ahmed.malik@example.com,2020-03-27
E7175,Ayesha Malik,Female,,Islamabad,25,89847,nida.malik@example.com,2015-10-04
E7176,Ali Iqbal,Male,IT,Lahore,48,84118,nida.malik@example.com,2020-05-21
E7177,Sara Khan,Female,Sales,Lahore,25,59438,omar.qureshi@example.com,2022-02-27
E7178,Ali Ahmed,Female,Sales,Karachi,31,83988,fatima.raza@example.com,2016-12-10
E7179,Nida Raza,Female,Sales,Islamabad,29,80739,fatima.raza@example.com,10/02/2016
E7180,Hina Qureshi,Male,Operations,Lahore,24,37326,ayeshaqureshiexample.com,2018-06-12
E7181,Omar Malik,Male,HR,,28,60437,bilal.iqbal@example.com,2021-06-10
E7182,Sara Sheikh,Female,Finance,Multan,46,32142,bilal.sheikh@example.com,2020-12-22
E7183,Ali Sheikh,Female,IT,Lahore,33,61900,sara.raza@example.com,2019-10-24
E7184,Ahmed Iqbal,Male,Operations,Karachi,49,78297,omar.qureshi@example.com,2021-10-23
E7185,Ahmed Qureshi,Female,IT,Multan,48,Rs 36745,nida.ahmed@example.com,2016-01-04
E7186,Nida Khan,Female,Operations,,48,86741,nida.hussain@example.com,2022-09-10
E7187,Ayesha Raza,Male,Sales,Islamabad,52,Rs 80221,ahmed.iqbal@example.com,2019-12-18
E7188,Ali Hussain,Male,Sales,Karachi,32,59648,bilal.malik@example.com,2022-08-05
E7189,Bilal Hussain,Male,Finance,Karachi,51,67401,ahmed.ahmed@example.com,2015-12-13
E7190,Omar Iqbal,Female,IT,Multan,54,47975,hina.qureshi@example.com,2018-05-31
E7191,Nida Malik,Male,Operations,,37,48383,ahmed.hussain@example.com,2018-10-09
E7192,Sara Malik,Female,IT,Karachi,35,64881,bilal.qureshi@example.com,2021-04-01
E7193,Ali Khan,Female,Finance,Karachi,33,31705,hina.ahmed@example.com,2016-02-12
E7194,Bilal Ahmed,Male,Marketing,Lahore,33,Rs 51674,hina.khan@example.com,2016-04-08
E7195,Omar Iqbal,Female,,Karachi,46,63292,hina.sheikh@example.com,2022-02-11
E7196,Ali Iqbal,Male,IT,Islamabad,35,81417,nida.qureshi@example.com,09/10/2020
E7197,Omar Sheikh,Female,Marketing,,53,75309,nida.sheikh@example.com,2020-01-31
E7198,Bilal Iqbal,Female,Marketing,Karachi,34,39133,ali.hussain@example.com,2017-12-09
E7199,Ali Hussain,Male,IT,Islamabad,26,76624,bilal.iqbal@example.com,2021-02-22
E7200,Zain Hussain,Female,Sales,Lahore,48,40342,sara.malik@example.com,03/09/2016
E7201,Hina Iqbal,Male,HR,Islamabad,55,35569,zain.qureshi@example.com,2018-08-27
E7202,Sara Hussain,Male,Finance,,33,47997,ali.qureshi@example.com,2020-08-01
E7203,Sara Raza,Male,Operations,Multan,41,75110,ali.iqbal@example.com,2017-04-24
E7204,Fatima Khan,Male,Marketing,Lahore,34,54167,bilal.malik@example.com,2022-02-02
E7205,Nida Iqbal,Female,Marketing,Faisalabad,48,80678,zain.qureshi@example.com,2021-07-27
E7206,Sara Sheikh,Male,Marketing,Faisalabad,54,60616,bilal.hussain@example.com,2017-07-28
E7207,Omar Sheikh,Male,Sales,Multan,26,34508,ahmed.sheikh@example.com,2021-12-14
E7208,Ahmed Malik,Male,,Multan,30,79949,zain.qureshi@example.com,2018-10-21
E7209,Ayesha Hussain,Male,IT,Karachi,24,86481,bilal.iqbal@example.com,2020-12-08
E7210,Omar Sheikh,Female,IT,Lahore,24,35717,bilal.khan@example.com,2020-01-23
E7211,Fatima Ahmed,Male,Marketing,Multan,49,46526,ayesha.iqbal@example.com,2016-03-19
E7212,Ayesha Malik,Male,,Multan,52,85060,ahmed.khan@example.com,2022-02-23
E7213,Bilal Khan,Female,IT,Faisalabad,50,85338,ali.khan@example.com,2016-01-08
E7214,Hina Malik,Male,IT,,32,77692,zain.ahmed@example.com,2019-12-08
E7215,Omar Sheikh,Male,IT,,49,33902,ali.malik@example.com,2020-04-01
E7216,Zain Malik,Female,Marketing,,51,47422,fatima.malik@example.com,2015-08-27
E7217,Nida Iqbal,Male,IT,Islamabad,29,55187,hina.iqbal@example.com,2020-03-21
E7218,Sara Ahmed,Female,,,45,87885,bilal.raza@example.com,2015-10-18
E7219,Ayesha Hussain,Male,HR,Karachi,49,60273,ayesha.iqbal@example.com,2022-04-21
E7220,Ayesha Ahmed,Male,IT,,27,79665,ali.raza@example.com,2019-09-14
E7221,Fatima Raza,Male,,Faisalabad,41,42468,ahmed.malik@example.com,2021-12-27
E7222,Zain Raza,Male,Marketing,Karachi,51,48208,zain.malik@example.com,2022-06-04
E7223,Ali Raza,Male,IT,Lahore,22,77025,ali.raza@example.com,2016-02-18
E7224,Fatima Qureshi,Female,Marketing,Lahore,26,44797,ayesha.sheikh@example.com,2022-08-28
E7225,Fatima Hussain,Male,Finance,Lahore,32,39554,hina.malik@example.com,2015-07-27
E7226,Hina Iqbal,Female,IT,Multan,35,60124,ayesha.malik@example.com,2017-08-30
E7227,Nida Hussain,Female,HR,Karachi,38,57414,zain.hussain@example.com,2021-12-28
E7228,Hina Iqbal,Male,Sales,Multan,44,73569,zain.qureshi@example.com,2016-02-08
E7229,Zain Ahmed,Female,HR,Islamabad,40,72284,omar.iqbal@example.com,2015-10-01
E7230,Fatima Raza,Male,IT,Faisalabad,27,49264,ali.ahmed@example.com,2020-09-18
E7231,Nida Qureshi,Female,Operations,Karachi,46,84068,ahmed.sheikh@example.com,2020-01-19
E7232,Zain Iqbal,Female,Finance,Lahore,39,60230,hina.iqbal@example.com,2017-04-14
E7233,Nida Iqbal,Female,Sales,,46,54657,ayesha.qureshi@example.com,2022-09-20
E7234,Ahmed Iqbal,Female,IT,Islamabad,23,Rs 69775,fatima.qureshi@example.com,2015-01-20
E7235,Zain Sheikh,Female,HR,Lahore,53,77784,omar.ahmed@example.com,2016-09-12
E7236,Fatima Hussain,Male,Operations,Multan,28,36853,ayesha.khan@example.com,2015-11-18
E7237,Bilal Khan,Male,Operations,Islamabad,44,37868,bilal.raza@example.com,2019-07-28
E7238,Nida Hussain,Male,IT,Lahore,24,66653,zain.iqbal@example.com,2019-09-15
E7239,Fatima Sheikh,Male,Sales,,22,39012,ali.iqbal@example.com,2016-07-30
E7240,Nida Sheikh,Female,IT,Multan,49,70666,hina.iqbal@example.com,2016-08-04
E7241,Fatima Iqbal,Male,HR,,47,38199,fatima.khan@example.com,2020-08-13
E7242,Hina Sheikh,Female,Operations,Faisalabad,44,51346,zainhussainexample.com,2015-01-12
E7243,Sara Khan,Female,Sales,Multan,32,77585,bilal.raza@example.com,2021-03-26
E7244,Zain Sheikh,Male,,Karachi,43,89072,omar.sheikh@example.com,20/10/2022
E7245,Nida Malik,Female,Sales,Lahore,34,57459,ayeshaiqbalexample.com,2021-07-25
E7246,Omar Malik,Female,Sales,Karachi,25,68392,omar.hussain@example.com,2019-06-27
E7247,Zain Khan,Male,Marketing,Karachi,24,40754,ahmed.iqbal@example.com,2022-10-08
E7248,Zain Raza,Female,Sales,Islamabad,38,71609,ali.raza@example.com,2022-10-04
E7249,Ayesha Iqbal,Male,Finance,,42,70008,bilal.hussain@example.com,2016-10-18
E7250,Zain Ahmed,Female,Marketing,Lahore,45,45922,bilal.ahmed@example.com,2015-09-21
E7251,Sara Khan,Male,HR,,52,62391,hina.malik@example.com,2019-04-21
E7252,Omar Raza,Male,Marketing,,54,63215,omar.khan@example.com,2015-02-12
E7253,Hina Raza,Female,Finance,Islamabad,47,47055,ali.ahmed@example.com,2019-06-24
E7254,Ali Khan,Male,Sales,Faisalabad,43,32863,sara.ahmed@example.com,2021-07-26
E7255,Ahmed Qureshi,Female,Sales,Multan,33,69049,zain.hussain@example.com,2021-02-20
E7256,Fatima Sheikh,Female,Sales,Lahore,31,,bilal.malik@example.com,2017-08-28
E7257,Ahmed Malik,Male,Sales,Faisalabad,31,59742,omar.malik@example.com,2020-10-22
E7258,Bilal Qureshi,Female,Operations,Multan,30,62066,fatimaqureshiexample.com,2020-05-28
E7259,Bilal Hussain,Female,Finance,,25,83617,bilal.sheikh@example.com,2021-08-13
E7260,Sara Ahmed,Female,Marketing,,23,85965,nida.khan@example.com,2017-10-11
E7261,Zain Sheikh,Female,IT,,46,46370,ayesha.khan@example.com,2015-01-28
E7262,Bilal Qureshi,Female,Marketing,Islamabad,44,38273,bilal.malik@example.com,2018-04-01
E7263,Hina Khan,Female,HR,Lahore,52,30904,fatimamalikexample.com,2016-03-22
E7264,Sara Sheikh,Male,HR,Faisalabad,50,40639,sara.khan@example.com,2016-04-17
E7265,Ali Iqbal,Female,IT,Multan,41,48583,nida.khan@example.com,2021-11-26
E7266,Ayesha Raza,Male,Sales,Multan,29,,ayesha.ahmed@example.com,2015-10-18
E7267,Hina Qureshi,Male,Sales,Karachi,41,51315,ayesha.iqbal@example.com,2018-02-06
E7268,Omar Iqbal,Male,Marketing,Multan,39,53916,zain.hussain@example.com,2022-09-22
E7269,Omar Raza,Female,,Lahore,30,34384,nida.hussain@example.com,2022-09-17
E7270,Ali Malik,Female,Operations,Islamabad,25,39599,omar.iqbal@example.com,2018-04-27
E7271,Ali Khan,Female,Finance,Islamabad,27,54962,zain.sheikh@example.com,2016-01-31
E7272,Fatima Sheikh,Female,IT,Multan,54,48413,fatima.qureshi@example.com,2022-12-13
E7273,  Bilal Malik  ,Female,Marketing,Lahore,22,89462,sara.hussain@example.com,2017-07-12
E7274,Fatima Ahmed,Male,Sales,Multan,35,68357,nida.qureshi@example.com,2016-10-23
E7275,  Ali Khan  ,Female,HR,Islamabad,40,30267,ayesha.hussain@example.com,2022-08-11
E7276,Ayesha Qureshi,Female,Marketing,,31,87165,hina.hussain@example.com,2017-11-10
E7277,Ayesha Sheikh,Female,Sales,Faisalabad,22,Rs 56034,zainahmedexample.com,2020-11-24
E7278,Ayesha Ahmed,Male,HR,,46,86323,ayesha.khan@example.com,2018-07-26
E7279,Sara Malik,Female,,Multan,51,75452,ahmed.ahmed@example.com,2018-08-08
E7280,Nida Hussain,Female,IT,Faisalabad,33,75867,ayesha.ahmed@example.com,2022-03-28
E7281,Nida Malik,Male,Finance,Multan,26,84491,ayesha.hussain@example.com,2019-03-08
E7282,Sara Iqbal,Male,IT,Karachi,53,49673,fatima.sheikh@example.com,2016-12-14
E7283,Ahmed Qureshi,Female,HR,Karachi,23,87734,omar.raza@example.com,2016-05-29
E7284,Ali Raza,Male,Sales,Multan,39,Rs 40547,omarqureshiexample.com,2020-07-10
E7285,Omar Ahmed,Female,Marketing,Faisalabad,49,Rs 47550,bilal.khan@example.com,2019-01-13
E7286,Ayesha Iqbal,Male,,Islamabad,48,66923,ali.raza@example.com,2021-11-20
E7287,Ali Sheikh,Female,HR,,55,35196,nida.hussain@example.com,2015-04-16
E7288,Hina Raza,Male,Finance,Multan,52,78401,ayesha.khan@example.com,2016-10-20
E7289,Fatima Ahmed,Female,Marketing,Multan,23,,nida.ahmed@example.com,2016-10-21
E7290,Sara Raza,Male,IT,Lahore,29,49450,sara.iqbal@example.com,2020-03-03
E7291,Ayesha Qureshi,Male,Finance,,53,76175,nida.sheikh@example.com,2017-12-24
E7292,Nida Raza,Male,IT,Multan,46,81558,bilal.qureshi@example.com,2018-07-25
E7293,  Nida Sheikh  ,Female,HR,Lahore,31,47379,ayesha.iqbal@example.com,2021-11-29
E7294,Fatima Qureshi,Female,Finance,Karachi,29,35647,hina.khan@example.com,2018-05-31
E7295,Sara Ahmed,Male,Sales,Lahore,27,36773,omar.qureshi@example.com,2022-06-27
E7296,Sara Iqbal,Male,Marketing,Faisalabad,49,64278,bilal.malik@example.com,2019-07-15
E7297,Bilal Ahmed,Female,IT,Faisalabad,52,68367,fatima.sheikh@example.com,2018-02-08
E7298,Hina Iqbal,Female,IT,Faisalabad,28,,fatima.khan@example.com,2018-08-31
E7299,  Ali Qureshi  ,Female,IT,Karachi,31,63910,omar.ahmed@example.com,2018-01-20
E7300,Ayesha Iqbal,Female,Operations,,37,45544,fatima.ahmed@example.com,2022-04-20
E7301,Ahmed Sheikh,Male,HR,,24,44031,ali.khan@example.com,2017-05-10
E7302,  Sara Iqbal  ,Female,Operations,Faisalabad,38,68321,sara.hussain@example.com,2022-10-28
E7303,Ali Qureshi,Male,HR,Lahore,46,82859,hina.khan@example.com,2021-06-07
E7304,Omar Malik,Female,IT,Multan,43,52383,hina.khan@example.com,2020-11-16
E7305,Bilal Raza,Female,Operations,Multan,54,57993,zain.khan@example.com,2016-09-06
E7306,Bilal Sheikh,Female,Operations,,36,60891,nida.hussain@example.com,2018-04-30
E7307,Hina Iqbal,Female,Sales,,47,56593,ahmed.hussain@example.com,29/01/2016
E7308,Zain Hussain,Male,IT,Multan,45,69051,bilal.sheikh@example.com,2019-11-15
E7309,Hina Raza,Female,Marketing,Lahore,22,81358,ali.sheikh@example.com,2022-06-07
E7310,Zain Sheikh,Female,Marketing,,28,52081,ali.iqbal@example.com,2022-06-18
E7311,Sara Sheikh,Male,Marketing,Multan,48,36561,bilal.khan@example.com,2017-06-25
E7312,Ayesha Khan,Male,HR,,48,83947,omar.raza@example.com,2019-05-19
E7313,Nida Hussain,Male,Operations,Lahore,44,37801,omar.sheikh@example.com,2016-08-17
E7314,Ayesha Ahmed,Male,Marketing,Lahore,28,69669,ahmed.raza@example.com,2017-02-06
E7315,Nida Sheikh,Male,Sales,Karachi,36,66488,ahmedrazaexample.com,2021-11-13
E7316,Ayesha Sheikh,Female,HR,Karachi,49,54773,ahmed.iqbal@example.com,2020-04-05
E7317,Fatima Iqbal,Male,HR,,48,50335,ayesha.malik@example.com,2017-12-31
E7318,Ayesha Ahmed,Female,Finance,Multan,32,50519,ali.ahmed@example.com,2021-07-03
E7319,Ali Iqbal,Male,IT,Faisalabad,32,32777,bilal.qureshi@example.com,2019-01-14
E7320,Hina Raza,Male,Operations,Multan,31,60463,ayesha.iqbal@example.com,2019-12-13
E7321,Ahmed Khan,Female,Operations,Karachi,24,74141,ali.khan@example.com,2017-08-23
E7322,Hina Hussain,Female,IT,,46,69843,bilal.qureshi@example.com,2017-03-08
E7323,Sara Khan,Female,Finance,Islamabad,26,52046,zain.hussain@example.com,2018-02-23
E7324,Fatima Raza,Male,,Islamabad,23,76561,nida.hussain@example.com,2017-09-28
E7325,Zain Malik,Male,,Islamabad,30,35152,hina.ahmed@example.com,2018-02-26
E7326,  Fatima Sheikh  ,Male,IT,Karachi,28,Rs 70334,sara.raza@example.com,30/10/2021
E7327,Ahmed Raza,Female,Operations,Multan,37,83362,hina.raza@example.com,2020-11-30
E7328,Ayesha Iqbal,Female,Finance,Faisalabad,23,74767,ayesha.raza@example.com,2021-09-21
E7329,Bilal Hussain,Female,Sales,Islamabad,45,Rs 88379,nida.malik@example.com,2016-11-29
E7330,Sara Qureshi,Male,Marketing,Karachi,23,36366,ali.qureshi@example.com,2015-09-21
E7331,Omar Malik,Female,Marketing,Lahore,46,38305,hina.sheikh@example.com,2015-12-14
E7332,  Zain Qureshi  ,Male,,,37,55060,zain.ahmed@example.com,2021-11-11
E7333,Fatima Hussain,Female,IT,Lahore,38,80258,ayesha.sheikh@example.com,2017-08-26
E7334,Ayesha Malik,Female,Marketing,Karachi,53,70039,ahmed.sheikh@example.com,2017-04-29
E7335,Omar Hussain,Female,Operations,Faisalabad,34,43127,ali.iqbal@example.com,2016-12-13
E7336,Nida Ahmed,Male,,Faisalabad,40,42497,zain.raza@example.com,2021-01-08
E7337,Zain Khan,Female,Sales,Multan,55,44497,omar.sheikh@example.com,2017-07-28
E7338,Ahmed Iqbal,Male,,Faisalabad,26,42147,zain.iqbal@example.com,2019-09-13
E7339,Sara Ahmed,Female,Operations,,39,84178,bilal.qureshi@example.com,2021-03-14
E7340,Hina Ahmed,Male,,Lahore,47,32994,ayesha.qureshi@example.com,2018-08-26
E7341,Ali Qureshi,Female,Marketing,Multan,22,67051,bilal.qureshi@example.com,2021-03-28
E7342,Ayesha Khan,Female,,Islamabad,31,62453,bilal.iqbal@example.com,16/09/2021
E7343,Omar Sheikh,Female,Finance,Multan,38,40044,fatima.sheikh@example.com,2019-03-08
E7344,Ahmed Qureshi,Male,HR,Islamabad,50,77919,omar.raza@example.com,2021-09-19
E7345,Ahmed Sheikh,Female,,Faisalabad,41,59710,ali.iqbal@example.com,2015-05-16
E7346,Sara Raza,Female,Marketing,Islamabad,22,87068,hina.qureshi@example.com,2020-05-22
E7347,Omar Iqbal,Female,,,51,47665,bilal.sheikh@example.com,2015-06-10
E7348,Nida Qureshi,Female,Marketing,Faisalabad,41,66739,bilal.malik@example.com,2021-04-29
E7349,Nida Qureshi,Female,HR,Lahore,35,55260,bilal.ahmed@example.com,2021-12-01
E7350,Ayesha Iqbal,Male,IT,,41,87644,sara.malik@example.com,2022-03-07
E7351,Hina Raza,Female,Marketing,Faisalabad,41,79695,omar.ahmed@example.com,2015-04-22
E7352,Nida Sheikh,Female,Finance,Multan,40,64105,nida.ahmed@example.com,2015-03-20
E7353,Omar Khan,Female,Marketing,Faisalabad,29,59619,ayesha.iqbal@example.com,2019-11-13
E7354,Fatima Qureshi,Male,Marketing,,51,58952,omar.malik@example.com,13/10/2022
E7355,Omar Ahmed,Female,Operations,,45,32477,ahmed.iqbal@example.com,2019-05-11
E7356,Sara Hussain,Male,Marketing,Islamabad,46,83436,zain.iqbal@example.com,2015-05-11
E7357,Nida Malik,Male,Operations,Faisalabad,49,Rs 64474,bilal.qureshi@example.com,2015-12-11
E7358,Omar Ahmed,Male,,,46,49065,ahmed.sheikh@example.com,2018-10-02
E7359,Ali Ahmed,Female,,Faisalabad,27,73560,hina.raza@example.com,2022-09-02
E7360,  Ahmed Sheikh  ,Female,IT,Multan,47,Rs 75993,omar.sheikh@example.com,2021-03-01
E7361,Ahmed Malik,Female,Marketing,,33,,zain.raza@example.com,2019-09-12
E7362,Ali Ahmed,Female,HR,Islamabad,27,53773,hina.iqbal@example.com,2019-08-01
E7363,Omar Hussain,Male,Marketing,Faisalabad,36,46816,sara.iqbal@example.com,2022-10-20
E7364,Nida Qureshi,Male,Finance,,32,39364,bilal.raza@example.com,2015-06-06
E7365,  Zain Qureshi  ,Female,,Karachi,37,31988,ayesha.hussain@example.com,2017-01-23
E7366,Ali Khan,Female,Finance,,33,68938,omar.malik@example.com,2021-11-07
E7367,Bilal Qureshi,Male,,Karachi,45,44269,ayesha.iqbal@example.com,2020-01-01
E7368,Zain Iqbal,Male,IT,Lahore,22,78777,ahmed.sheikh@example.com,2016-04-09
E7369,Zain Qureshi,Female,Marketing,Karachi,29,Rs 88009,ayesha.hussain@example.com,2019-04-21
E7370,Zain Malik,Male,Finance,,52,83706,omar.hussain@example.com,2016-06-02
E7371,Sara Iqbal,Female,,Faisalabad,46,74738,ayesha.sheikh@example.com,2017-04-06
E7372,Omar Khan,Female,IT,Karachi,27,86363,ali.iqbal@example.com,2019-07-29
E7373,  Fatima Khan  ,Female,HR,Karachi,24,80241,sara.ahmed@example.com,27/09/2018
E7374,Sara Ahmed,Male,Finance,Multan,34,80883,fatimahussainexample.com,2022-08-24
E7375,Sara Qureshi,Male,HR,Faisalabad,30,74333,sara.iqbal@example.com,2019-10-31
E7376,Nida Iqbal,Female,Finance,Multan,28,44336,fatima.ahmed@example.com,2017-05-13
E7377,Nida Iqbal,Female,Finance,Faisalabad,47,51631,ali.iqbal@example.com,2019-06-06
E7378,Hina Qureshi,Female,Operations,Multan,43,53644,omar.raza@example.com,2020-06-01
E7379,Nida Ahmed,Male,,Lahore,54,78762,zain.hussain@example.com,2019-03-10
E7380,Omar Raza,Male,Marketing,,22,63325,zain.malik@example.com,2018-08-02
E7381,Ali Ahmed,Male,Finance,,51,65612,ali.sheikh@example.com,10/10/2019
E7382,Ali Sheikh,Male,Sales,Karachi,31,63481,nida.raza@example.com,20/06/2018
E7383,Ahmed Sheikh,Female,Operations,Multan,46,82418,ayesha.iqbal@example.com,2017-03-19
E7384,Hina Iqbal,Female,,Islamabad,52,30943,bilal.sheikh@example.com,2016-06-06
E7385,Omar Hussain,Male,IT,Islamabad,24,35520,fatima.raza@example.com,2018-05-29
E7386,Ahmed Ahmed,Female,IT,,43,50135,omar.sheikh@example.com,2016-01-29
E7387,Bilal Ahmed,Male,Marketing,Multan,26,43373,ahmedsheikhexample.com,2016-12-11
E7388,Fatima Hussain,Male,Sales,Faisalabad,29,49825,fatima.iqbal@example.com,2022-05-29
E7389,Omar Raza,Female,HR,Islamabad,36,48699,hina.iqbal@example.com,2019-03-28
E7390,Fatima Hussain,Male,IT,Islamabad,55,78375,omar.qureshi@example.com,2017-07-10
E7391,Zain Raza,Female,Sales,Islamabad,35,63184,ayesha.hussain@example.com,2016-11-05
E7392,Zain Malik,Male,Marketing,Multan,25,71930,bilal.hussain@example.com,2017-09-04
E7393,Zain Malik,Male,Marketing,,23,57537,sara.khan@example.com,2021-01-20
E7394,Nida Raza,Female,Sales,,39,74067,bilalrazaexample.com,2016-10-21
E7395,Sara Hussain,Male,,Multan,43,Rs 50289,ahmed.raza@example.com,2017-09-21
E7396,Hina Hussain,Female,,Islamabad,54,67992,zain.sheikh@example.com,07/08/2019
E7397,Zain Iqbal,Female,Sales,Karachi,27,79170,sara.hussain@example.com,2021-02-10
E7398,Bilal Sheikh,Female,IT,Lahore,47,85064,sara.qureshi@example.com,2017-06-20
E7399,Ali Ahmed,Female,Marketing,Faisalabad,52,53633,fatima.khan@example.com,2018-07-01
E7400,Ayesha Qureshi,Male,Marketing,Karachi,33,38109,ahmed.khan@example.com,2015-11-03
E7401,Sara Hussain,Female,HR,Islamabad,27,31916,zain.hussain@example.com,2021-01-26
E7402,Ayesha Malik,Male,,,37,63322,sara.raza@example.com,2022-08-25
E7403,Nida Qureshi,Male,Sales,Multan,22,62322,ayesha.hussain@example.com,2015-01-03
E7404,Ayesha Malik,Female,Finance,Islamabad,39,50356,fatima.qureshi@example.com,2019-03-17
E7405,Ali Qureshi,Female,Marketing,Karachi,30,66963,bilal.raza@example.com,2020-01-08
E7406,Bilal Ahmed,Male,Sales,Lahore,24,89190,hina.raza@example.com,2016-02-25
E7407,Omar Ahmed,Female,Sales,Faisalabad,27,60486,bilal.iqbal@example.com,2022-06-08
E7408,Nida Sheikh,Male,,Lahore,45,63381,ayesha.ahmed@example.com,2019-05-21
E7409,Ayesha Khan,Female,Finance,Karachi,25,46243,zain.iqbal@example.com,2017-07-01
E7410,Ali Hussain,Female,,Karachi,44,39520,ayesha.malik@example.com,2015-09-22
E7411,Omar Hussain,Male,Sales,Karachi,32,43382,sarasheikhexample.com,2018-04-24
E7412,Ahmed Sheikh,Female,IT,Karachi,52,80690,ahmed.ahmed@example.com,2021-09-13
E7413,Sara Khan,Male,Operations,Islamabad,36,32481,omarahmedexample.com,2022-08-02
E7414,Ayesha Ahmed,Female,Sales,Multan,29,Rs 80070,ahmed.iqbal@example.com,31/01/2016
E7415,Ahmed Raza,Male,Sales,Islamabad,27,87621,omar.qureshi@example.com,2016-08-05
E7416,Hina Ahmed,Male,HR,Lahore,50,64204,fatima.iqbal@example.com,2020-11-16
E7417,Fatima Iqbal,Female,Finance,Islamabad,47,46560,omar.malik@example.com,2019-05-07
E7418,Nida Ahmed,Male,HR,Lahore,44,43333,sara.qureshi@example.com,2016-11-03
E7419,Hina Khan,Female,Operations,Karachi,48,54100,zain.qureshi@example.com,2022-02-08
E7420,Omar Malik,Male,Marketing,Karachi,53,55758,ahmedhussainexample.com,2021-02-04
E7421,Nida Raza,Male,Marketing,Multan,33,48545,ayesha.ahmed@example.com,2022-08-27
E7422,Zain Ahmed,Female,Finance,Multan,33,55419,ayesha.iqbal@example.com,2019-02-15
E7423,Sara Hussain,Male,HR,Islamabad,39,41511,ali.sheikh@example.com,2017-04-06
E7424,Omar Iqbal,Male,IT,Karachi,28,63406,omar.khan@example.com,2017-09-09
E7425,Ahmed Raza,Female,Operations,,32,55713,omar.khan@example.com,2018-04-19
E7426,  Bilal Ahmed  ,Female,HR,Islamabad,54,33678,hina.iqbal@example.com,2018-11-26
E7427,Sara Hussain,Male,,,46,82374,sara.sheikh@example.com,2020-06-13
E7428,Sara Iqbal,Male,HR,Lahore,43,80071,bilal.hussain@example.com,2021-01-28
E7429,Ayesha Khan,Female,Operations,Faisalabad,23,86183,sara.sheikh@example.com,2022-09-04
E7430,Sara Hussain,Female,Finance,Islamabad,37,63514,fatima.khan@example.com,2022-02-27
E7431,Ayesha Hussain,Male,,Islamabad,55,34591,aliiqbalexample.com,2022-10-23
E7432,Ahmed Khan,Female,IT,Islamabad,41,88342,zain.sheikh@example.com,2020-06-28
E7433,Hina Iqbal,Male,IT,,29,72847,omar.khan@example.com,2017-05-31
E7434,  Omar Khan  ,Male,Finance,,25,70710,zain.iqbal@example.com,2016-07-28
E7435,Fatima Sheikh,Female,Sales,,28,74911,ahmed.qureshi@example.com,2020-10-15
E7436,Zain Iqbal,Female,IT,Multan,44,Rs 62786,bilal.iqbal@example.com,2017-06-28
E7437,Ali Sheikh,Male,Finance,Karachi,33,84918,fatima.ahmed@example.com,2019-04-09
E7438,Ahmed Qureshi,Male,IT,Lahore,32,39728,sara.malik@example.com,2022-09-21
E7439,Zain Malik,Male,HR,Islamabad,33,34643,fatimarazaexample.com,2019-03-18
E7440,Sara Khan,Female,HR,Faisalabad,38,78237,ahmed.iqbal@example.com,2017-02-07
E7441,Fatima Khan,Male,,Karachi,33,57200,ali.qureshi@example.com,2016-09-20
E7442,Bilal Ahmed,Male,Operations,,39,72264,omar.qureshi@example.com,2018-01-04
E7443,Ayesha Sheikh,Female,IT,Multan,38,87631,aliahmedexample.com,2015-09-02
E7444,Nida Hussain,Male,Finance,Multan,38,75624,zain.raza@example.com,2019-11-24
E7445,Fatima Sheikh,Female,,Karachi,23,71194,ahmed.sheikh@example.com,2020-04-21
E7446,Fatima Sheikh,Male,HR,Karachi,47,71325,omar.raza@example.com,2015-08-25
E7447,Ayesha Sheikh,Male,Sales,,49,87967,hina.malik@example.com,2022-02-18
E7448,Sara Khan,Male,Finance,Islamabad,27,66356,nida.hussain@example.com,2020-09-22
E7449,Ayesha Ahmed,Male,,Multan,44,30401,hina.qureshi@example.com,2016-10-15
E7450,Ahmed Raza,Male,Marketing,Multan,33,35125,ahmed.raza@example.com,2021-10-10
E7451,  Ali Raza  ,Female,Sales,Multan,30,57469,ayesha.hussain@example.com,2017-10-08
E7452,Sara Hussain,Female,HR,Lahore,30,50556,ayesha.raza@example.com,2016-12-13
E7453,Hina Malik,Female,Sales,Karachi,25,35625,fatima.hussain@example.com,2022-12-19
E7454,Ahmed Iqbal,Male,Operations,Faisalabad,53,37076,ayesha.iqbal@example.com,2020-09-21
E7455,Fatima Khan,Female,Sales,Karachi,46,84508,omar.ahmed@example.com,2020-05-29
E7456,Omar Sheikh,Male,Marketing,,39,73206,hina.ahmed@example.com,2016-09-28
E7457,Nida Ahmed,Female,IT,Faisalabad,46,65301,ahmed.qureshi@example.com,2019-03-18
E7458,Fatima Raza,Female,Marketing,Lahore,26,33275,ali.hussain@example.com,2021-10-22
E7459,Ali Sheikh,Male,IT,Multan,34,62278,sara.khan@example.com,2018-11-10
E7460,Fatima Raza,Male,Marketing,Lahore,32,45575,ali.ahmed@example.com,2021-05-29
E7461,Ayesha Raza,Male,IT,Lahore,44,41638,fatima.hussain@example.com,2022-07-22
E7462,Bilal Hussain,Male,HR,Lahore,43,71630,ahmed.hussain@example.com,2016-07-07
E7463,  Ayesha Raza  ,Male,HR,Karachi,29,,omar.qureshi@example.com,2017-10-23
E7464,  Zain Sheikh  ,Male,HR,Islamabad,40,39843,nida.hussain@example.com,2018-07-22
E7465,Bilal Hussain,Female,IT,Islamabad,36,64473,sara.sheikh@example.com,2016-03-01
E7466,Nida Khan,Male,Finance,Faisalabad,33,76535,sara.malik@example.com,2017-06-22
E7467,Ayesha Sheikh,Male,Finance,,26,45464,ali.iqbal@example.com,2021-03-14
E7468,Ayesha Hussain,Male,Finance,Faisalabad,29,51701,ayesha.raza@example.com,2018-04-20
E7469,Fatima Khan,Male,HR,,52,59693,ahmed.raza@example.com,2017-03-21
E7470,Omar Hussain,Male,,Multan,32,32796,ali.hussain@example.com,2022-11-03
E7471,Bilal Qureshi,Female,Sales,Islamabad,39,59813,ayesha.hussain@example.com,2018-03-06
E7472,Ahmed Qureshi,Female,Finance,Lahore,44,31580,ahmed.hussain@example.com,2019-07-23
E7473,Hina Ahmed,Female,,,46,,hina.malik@example.com,2022-09-28
E7474,Omar Malik,Female,Sales,Multan,25,84426,ayesha.raza@example.com,2015-09-04
E7475,Nida Sheikh,Female,HR,,44,64266,nida.raza@example.com,2016-10-22
E7476,Ali Iqbal,Female,Sales,Faisalabad,26,59650,ayesha.ahmed@example.com,2015-06-27
E7477,Bilal Raza,Female,HR,Karachi,54,77098,bilal.malik@example.com,2018-03-01
E7478,Hina Sheikh,Male,Sales,Faisalabad,33,61056,ahmed.sheikh@example.com,2015-04-10
E7479,Hina Sheikh,Female,Operations,Faisalabad,25,88660,sara.iqbal@example.com,2020-07-19
E7480,Ahmed Sheikh,Female,Marketing,Multan,55,58433,zain.malik@example.com,2017-05-17
E7481,Nida Khan,Female,Sales,Faisalabad,24,48508,ali.qureshi@example.com,2018-10-06
E7482,Nida Ahmed,Female,IT,Multan,48,36581,bilal.malik@example.com,2019-06-30
E7483,Bilal Hussain,Female,Operations,Faisalabad,29,70448,ahmed.iqbal@example.com,2017-12-10
E7484,Bilal Sheikh,Female,Sales,Karachi,50,41633,ayesha.iqbal@example.com,2022-01-16
E7485,Hina Raza,Female,Operations,,54,79074,ahmed.qureshi@example.com,2019-07-19
E7486,Hina Malik,Female,,,22,32359,sara.sheikh@example.com,2015-10-23
E7487,Ahmed Sheikh,Female,Finance,Karachi,55,53096,sara.raza@example.com,2021-07-09
E7488,Ali Malik,Male,Marketing,Faisalabad,53,Rs 80191,omar.ahmed@example.com,2016-01-15
E7489,Bilal Khan,Male,Marketing,Karachi,29,84472,ahmed.iqbal@example.com,2017-01-30
E7490,Fatima Iqbal,Female,IT,Karachi,34,55204,hina.malik@example.com,2016-04-02
E7491,Nida Khan,Male,Marketing,Faisalabad,43,63906,nida.sheikh@example.com,2018-04-06
E7492,Ahmed Qureshi,Female,,Karachi,36,34138,omar.ahmed@example.com,2018-04-03
E7493,Hina Hussain,Female,HR,,55,Rs 71346,ali.raza@example.com,2022-12-22
E7494,Sara Sheikh,Male,Operations,Karachi,41,69213,ali.iqbal@example.com,2016-04-25
E7495,Nida Hussain,Female,,Faisalabad,50,65009,zain.hussain@example.com,2017-05-29
E7496,Ayesha Ahmed,Male,Finance,Multan,34,48162,fatima.iqbal@example.com,2015-11-26
E7497,Ahmed Qureshi,Male,Marketing,Multan,31,62256,ayesha.khan@example.com,2019-08-21
E7498,Ayesha Sheikh,Male,Marketing,Faisalabad,38,71534,zain.raza@example.com,2018-08-28
E7499,Omar Hussain,Male,,Faisalabad,31,57244,fatimahussainexample.com,2015-05-25
E7500,Bilal Qureshi,Female,Operations,Karachi,25,68880,hina.hussain@example.com,2018-08-02
E7501,Ali Ahmed,Male,,Faisalabad,44,43360,zain.hussain@example.com,2017-12-02
E7502,Ayesha Sheikh,Female,IT,,51,36166,bilalkhanexample.com,2022-06-08
E7503,Ayesha Iqbal,Female,Operations,Multan,25,73517,hina.malik@example.com,2019-10-06
E7504,Zain Iqbal,Male,,Faisalabad,36,52051,nida.sheikh@example.com,21/03/2017
E7505,Sara Raza,Male,Finance,Faisalabad,49,36119,hina.malik@example.com,2019-04-05
E7506,Ali Raza,Male,,Faisalabad,45,30478,nida.malik@example.com,2021-09-11
E7507,Zain Hussain,Male,Finance,Karachi,45,88675,bilal.sheikh@example.com,2017-08-05
E7508,Ali Hussain,Male,Finance,Islamabad,33,70911,bilal.iqbal@example.com,2016-12-17
E7509,Bilal Qureshi,Male,Finance,Faisalabad,42,88145,zain.sheikh@example.com,2019-04-12
E7510,  Nida Ahmed  ,Male,,Lahore,52,87414,ahmed.khan@example.com,2019-08-11
E7511,Hina Khan,Male,Sales,Multan,23,39626,omar.ahmed@example.com,2015-12-27
E7512,Ali Ahmed,Male,Marketing,Karachi,53,49382,zain.qureshi@example.com,2018-12-24
E7513,Omar Ahmed,Female,,Faisalabad,33,76177,sara.hussain@example.com,2015-01-18
E7514,Fatima Raza,Male,IT,,52,88759,ali.iqbal@example.com,2018-03-07
E7515,Hina Qureshi,Female,Sales,Multan,32,84111,zain.malik@example.com,2016-02-13
E7516,Ayesha Iqbal,Female,Finance,Faisalabad,22,54311,bilal.qureshi@example.com,2022-10-12
E7517,Sara Sheikh,Female,HR,Lahore,38,34042,ahmed.ahmed@example.com,2020-08-30
E7518,Nida Ahmed,Male,HR,Multan,49,56506,ayesha.raza@example.com,2022-10-21
E7519,Zain Sheikh,Female,IT,Islamabad,26,54557,ayesha.malik@example.com,2022-06-16
E7520,Hina Qureshi,Male,Sales,Karachi,26,61235,nidamalikexample.com,2019-07-02
E7521,Ayesha Sheikh,Male,Sales,,50,31907,omar.iqbal@example.com,2021-08-24
E7522,  Nida Sheikh  ,Female,,Karachi,31,49482,zain.qureshi@example.com,2018-03-18
E7523,Ahmed Iqbal,Female,Sales,Karachi,27,75665,sara.qureshi@example.com,2022-11-11
E7524,Ahmed Sheikh,Male,Marketing,Islamabad,36,54206,hina.ahmed@example.com,2018-12-14
E7525,Ayesha Khan,Female,Marketing,Lahore,52,66992,ali.ahmed@example.com,2019-02-14
E7526,Nida Sheikh,Male,Marketing,Multan,25,69190,ayesha.malik@example.com,2022-10-20
E7527,Zain Malik,Female,HR,,33,43302,ali.hussain@example.com,2021-09-14
E7528,  Omar Raza  ,Male,Marketing,Faisalabad,49,84144,hina.malik@example.com,2017-11-29
E7529,Nida Ahmed,Female,,,26,41091,hina.sheikh@example.com,2020-11-25
E7530,Nida Iqbal,Female,,,46,38149,sara.raza@example.com,2015-12-26
E7531,Sara Qureshi,Female,Operations,Faisalabad,53,33801,ayesha.hussain@example.com,2018-12-25
E7532,Ayesha Iqbal,Male,Operations,Karachi,27,68977,hina.sheikh@example.com,2019-02-26
E7533,Nida Hussain,Female,Finance,Multan,46,78836,fatima.iqbal@example.com,2015-01-30
E7534,Ayesha Khan,Male,IT,Faisalabad,52,89906,ali.sheikh@example.com,2015-05-27
E7535,Ahmed Ahmed,Female,,Multan,33,48084,ali.malik@example.com,2019-05-27
E7536,Nida Khan,Female,,Karachi,53,40580,fatima.ahmed@example.com,2020-11-06
E7537,Bilal Ahmed,Female,Operations,,25,63307,ali.malik@example.com,2020-10-29
E7538,Sara Malik,Female,,,31,78746,fatima.raza@example.com,2020-07-02
E7539,  Bilal Khan  ,Male,Sales,Islamabad,31,70320,fatima.raza@example.com,2022-05-24
E7540,Nida Raza,Male,HR,Karachi,40,48163,nida.raza@example.com,2021-03-06
E7541,Ayesha Malik,Female,Operations,Lahore,27,30461,omar.hussain@example.com,2015-06-30
E7542,Ahmed Sheikh,Female,Marketing,Faisalabad,24,38025,hina.iqbal@example.com,2015-01-20
E7543,Ahmed Sheikh,Male,Sales,Faisalabad,32,77799,omar.raza@example.com,2017-06-26
E7544,Fatima Hussain,Female,HR,Faisalabad,48,47093,zain.malik@example.com,2017-10-04
E7545,Ahmed Ahmed,Male,HR,Lahore,32,79273,ahmed.malik@example.com,2022-05-26
E7546,Omar Iqbal,Female,Finance,Multan,28,73552,bilal.qureshi@example.com,2020-08-26
E7547,Omar Hussain,Female,HR,Faisalabad,23,61694,ayeshakhanexample.com,2022-05-11
E7548,Ahmed Malik,Male,IT,Islamabad,35,47403,bilal.iqbal@example.com,2020-12-08
E7549,Zain Khan,Male,Sales,Faisalabad,22,33266,ayesha.iqbal@example.com,2020-05-17
E7550,Zain Sheikh,Male,HR,Multan,35,63569,nida.hussain@example.com,2015-11-28
E7551,Ali Khan,Female,Operations,Lahore,33,61706,hina.hussain@example.com,2018-04-19
E7552,Ayesha Qureshi,Male,Operations,,23,Rs 35203,ayesha.qureshi@example.com,2017-10-01
E7553,Bilal Qureshi,Female,Marketing,Karachi,27,63975,ahmed.sheikh@example.com,2015-12-05
E7554,Fatima Ahmed,Female,Finance,Karachi,41,89306,hina.malik@example.com,2021-04-12
E7555,Omar Iqbal,Female,Operations,Islamabad,36,58537,nida.malik@example.com,2017-02-19
E7556,Omar Hussain,Male,Finance,Karachi,29,61063,sara.sheikh@example.com,2019-04-28
E7557,Ahmed Iqbal,Female,Operations,Faisalabad,37,43441,nida.ahmed@example.com,2017-12-06
E7558,Sara Hussain,Male,Marketing,Faisalabad,38,44002,ahmed.iqbal@example.com,2020-12-29
E7559,Ahmed Sheikh,Male,Sales,,26,82245,ahmed.sheikh@example.com,2020-01-27
E7560,Omar Sheikh,Male,,Islamabad,43,34641,ahmed.ahmed@example.com,2021-02-12
E7561,  Sara Sheikh  ,Male,Finance,Lahore,37,87312,nidamalikexample.com,2022-01-18
E7562,Ahmed Khan,Female,Finance,Faisalabad,27,58299,bilal.ahmed@example.com,2021-02-08
E7563,Nida Hussain,Male,Sales,Multan,26,62048,ahmed.qureshi@example.com,2016-03-27
E7564,Ahmed Hussain,Female,Operations,Multan,55,57547,omar.iqbal@example.com,2018-05-07
E7565,Bilal Malik,Female,Marketing,Karachi,32,41714,zain.iqbal@example.com,2022-09-07
E7566,Nida Qureshi,Male,Sales,,36,33108,ahmed.iqbal@example.com,2019-06-13
E7567,Omar Hussain,Male,Operations,Karachi,25,32460,ali.khan@example.com,2022-12-27
E7568,Bilal Malik,Female,Sales,Multan,52,39946,omar.malik@example.com,2016-02-16
E7569,Bilal Raza,Male,Sales,,36,35077,zain.raza@example.com,2018-11-14
E7570,Bilal Khan,Female,Marketing,,27,47766,hina.malik@example.com,2022-07-29
E7571,Omar Iqbal,Male,Operations,Multan,36,56768,bilal.raza@example.com,2016-09-15
E7572,Ayesha Khan,Female,HR,Karachi,51,46773,omar.hussain@example.com,2018-10-07
E7573,Fatima Raza,Female,Finance,Faisalabad,31,42900,omar.sheikh@example.com,2017-09-06
E7574,Bilal Ahmed,Male,,Lahore,55,71193,omarhussainexample.com,2017-08-08
E7575,Omar Raza,Female,Operations,Lahore,52,49756,nida.malik@example.com,2022-09-17
E7576,Ali Ahmed,Female,,Multan,33,47256,ahmed.qureshi@example.com,2020-10-20
E7577,Fatima Sheikh,Male,HR,Multan,55,30857,fatima.iqbal@example.com,2018-06-13
E7578,Bilal Raza,Female,Finance,Multan,50,49598,sarasheikhexample.com,2021-07-17
E7579,Ali Ahmed,Female,,Multan,51,74423,nida.khan@example.com,2021-01-29
E7580,Ayesha Iqbal,Female,,,26,31613,ali.hussain@example.com,2017-08-23
E7581,Nida Sheikh,Female,IT,Multan,35,60865,nida.iqbal@example.com,2016-03-29
E7582,Nida Khan,Female,Sales,Faisalabad,24,45653,fatima.sheikh@example.com,2018-02-21
E7583,Omar Iqbal,Female,Operations,Multan,41,70933,omar.iqbal@example.com,2022-02-05
E7584,Hina Iqbal,Female,Marketing,Multan,31,82934,zain.iqbal@example.com,2019-04-06
E7585,Sara Sheikh,Female,Marketing,,36,70358,hina.iqbal@example.com,2015-02-04
E7586,Sara Iqbal,Male,Operations,,54,87458,zain.ahmed@example.com,2019-08-09
E7587,Sara Raza,Male,Finance,Karachi,52,54057,nida.hussain@example.com,2022-07-20
E8387,Omar Malik,Male,Marketing,,47,57807,ayesha.ahmed@example.com,2019-04-07
E7589,Ahmed Iqbal,Male,Sales,Faisalabad,54,86206,hinarazaexample.com,2022-03-08
E7590,Hina Malik,Female,Sales,Multan,23,30353,hina.malik@example.com,2022-03-25
E7591,Bilal Hussain,Male,Operations,Lahore,22,79421,fatima.raza@example.com,2018-10-08
E7592,Ahmed Khan,Female,HR,Faisalabad,22,68031,omar.raza@example.com,2022-03-28
E7593,Sara Sheikh,Male,HR,Lahore,52,57496,alikhanexample.com,2019-02-23
E7594,Ayesha Raza,Female,,Faisalabad,51,86818,omar.ahmed@example.com,2022-05-01
E7595,Nida Sheikh,Male,IT,Lahore,49,31633,ahmed.khan@example.com,2015-02-15
E7596,Bilal Raza,Female,,Islamabad,40,44790,nida.khan@example.com,2021-05-17
E7597,Ayesha Qureshi,Female,,,32,41953,fatima.ahmed@example.com,2015-09-02
E7598,Ahmed Qureshi,Female,IT,Faisalabad,51,52448,omar.raza@example.com,2022-10-17
E7599,Ali Iqbal,Female,IT,Multan,51,Rs 46747,fatima.ahmed@example.com,25/02/2022
E7600,Hina Qureshi,Female,Finance,Islamabad,24,51524,bilal.qureshi@example.com,2020-05-23
E7601,Ali Iqbal,Female,Operations,Multan,51,32963,ahmed.hussain@example.com,2022-02-26
E7602,  Fatima Sheikh  ,Male,IT,Faisalabad,55,53358,ali.khan@example.com,19/02/2015
E7603,Bilal Malik,Male,IT,Faisalabad,45,53934,bilal.sheikh@example.com,2016-07-16
E7604,Zain Raza,Female,HR,Faisalabad,31,80224,omar.raza@example.com,2018-10-04
E7605,Nida Sheikh,Female,Sales,Karachi,45,37417,ali.khan@example.com,2017-07-08
E7606,Hina Iqbal,Female,Operations,Karachi,37,32530,omar.iqbal@example.com,2019-01-28
E7607,Bilal Malik,Male,Finance,Lahore,26,Rs 60750,zain.iqbal@example.com,2020-06-30
E7608,Nida Iqbal,Male,,Islamabad,34,42724,ahmed.sheikh@example.com,2015-05-26
E7609,Bilal Raza,Female,Sales,Karachi,55,88964,hina.qureshi@example.com,2020-01-27
E7610,Zain Ahmed,Female,Finance,,42,84550,fatimarazaexample.com,2017-04-04
E7611,Ayesha Khan,Female,Sales,Multan,41,75466,hinaqureshiexample.com,2019-10-19
E7612,Ayesha Iqbal,Male,,Islamabad,26,60190,nida.raza@example.com,2020-02-21
E7613,Omar Iqbal,Male,Operations,Lahore,36,34016,hina.hussain@example.com,2022-01-03
E7614,Nida Ahmed,Female,Sales,,29,39169,omar.ahmed@example.com,2017-07-31
E7615,Ahmed Sheikh,Female,,Multan,51,54048,sarasheikhexample.com,2018-09-02
E7616,Sara Hussain,Male,Finance,Karachi,38,64298,ali.sheikh@example.com,2022-10-23
E7617,Nida Sheikh,Female,Sales,Islamabad,38,65967,omar.malik@example.com,2015-04-12
E7618,Sara Hussain,Male,Operations,Karachi,43,78055,sara.raza@example.com,2019-06-28
E7619,Ali Qureshi,Male,Operations,Multan,29,88022,fatima.qureshi@example.com,2020-03-05
E7620,Ayesha Khan,Male,,Lahore,44,53337,ali.hussain@example.com,2016-07-05
E7621,Hina Sheikh,Male,Marketing,Lahore,38,79875,fatima.qureshi@example.com,2017-10-28
E7622,Omar Iqbal,Female,Finance,,39,89505,fatima.malik@example.com,2018-04-21
E7623,Zain Malik,Male,,Karachi,32,71047,nida.sheikh@example.com,2017-01-23
E7624,Nida Iqbal,Female,IT,Karachi,36,84255,ahmed.iqbal@example.com,2015-04-11
E7625,Bilal Khan,Female,Operations,Karachi,35,Rs 77183,hina.hussain@example.com,2021-10-21
E7626,Nida Qureshi,Male,,Islamabad,38,68927,ayesha.hussain@example.com,2019-11-13
E7627,Hina Hussain,Female,Marketing,Faisalabad,38,59763,ali.ahmed@example.com,2016-01-29
E7628,Nida Hussain,Male,,,24,34738,zain.malik@example.com,2020-03-17
E7629,Ahmed Raza,Female,Operations,Multan,33,78176,fatima.khan@example.com,2022-03-16
E7630,Bilal Hussain,Female,Operations,Multan,45,84001,hina.malik@example.com,2022-02-02
E7631,Hina Raza,Male,HR,Karachi,54,68428,sara.qureshi@example.com,2017-04-13
E7632,Hina Ahmed,Male,Marketing,Multan,45,39365,sara.sheikh@example.com,28/02/2016
E7633,Nida Malik,Male,Operations,Islamabad,43,74038,fatima.hussain@example.com,28/09/2022
E7634,Zain Khan,Female,IT,Lahore,26,34060,sarakhanexample.com,2016-11-03
E7635,Fatima Khan,Male,HR,Faisalabad,22,31078,nida.hussain@example.com,2017-07-12
E7636,Ayesha Iqbal,Male,,Faisalabad,55,72357,omar.qureshi@example.com,26/04/2018
E7637,Fatima Sheikh,Female,,Islamabad,55,Rs 78968,zain.khan@example.com,2016-11-09
E7638,Ali Sheikh,Male,Finance,Faisalabad,31,44540,hina.malik@example.com,2018-10-06
E7639,Hina Khan,Female,,Lahore,28,32702,bilal.iqbal@example.com,2020-03-09
E7640,  Zain Khan  ,Male,IT,Faisalabad,50,75934,nida.sheikh@example.com,2015-12-11
E7641,Bilal Sheikh,Male,Sales,Faisalabad,28,72182,fatima.ahmed@example.com,2017-04-16
E7642,Zain Ahmed,Female,Operations,Multan,22,73452,ayesha.ahmed@example.com,2017-10-21
E7643,Sara Khan,Female,Marketing,Multan,55,82544,ali.sheikh@example.com,2019-06-02
E7644,Bilal Raza,Female,,Lahore,50,62740,omar.malik@example.com,2020-11-11
E7645,Ali Ahmed,Female,Sales,Karachi,39,42519,ayesha.sheikh@example.com,14/05/2020
E7646,Bilal Raza,Female,,Karachi,42,35839,omar.iqbal@example.com,2020-07-30
E7647,Hina Hussain,Male,HR,Faisalabad,37,67621,bilal.sheikh@example.com,2018-02-15
E7648,Ahmed Ahmed,Female,Finance,Islamabad,27,33457,zain.raza@example.com,08/06/2022
E7649,Sara Khan,Female,Operations,Lahore,43,32429,ali.sheikh@example.com,2019-12-20
E7650,Hina Ahmed,Female,,Multan,49,60212,hina.sheikh@example.com,2017-09-12
E7651,Ali Khan,Male,Sales,Karachi,40,43846,ahmed.sheikh@example.com,2020-03-15
E7652,Fatima Iqbal,Male,,Islamabad,47,77210,sara.iqbal@example.com,2019-05-25
E7653,Omar Malik,Male,HR,Multan,22,69693,ayesha.sheikh@example.com,2019-04-03
E7654,Nida Ahmed,Female,Marketing,Karachi,50,41871,sara.raza@example.com,2022-12-16
E7655,Ali Ahmed,Female,Operations,Islamabad,30,64200,nida.sheikh@example.com,2020-06-21
E7656,Ahmed Hussain,Female,Sales,Multan,43,69314,bilal.sheikh@example.com,2019-07-02
E7657,Sara Qureshi,Male,IT,Multan,38,69685,bilal.raza@example.com,2016-08-02
E7658,Zain Iqbal,Female,HR,Karachi,53,54078,fatima.raza@example.com,11/05/2017
E7659,Ali Qureshi,Male,IT,Faisalabad,53,45887,omar.khan@example.com,2020-06-02
E7660,Ali Malik,Female,,Faisalabad,53,54187,ayesha.malik@example.com,2022-05-09
E7661,Ayesha Iqbal,Female,Operations,Islamabad,43,44928,bilal.khan@example.com,2020-03-19
E7662,Ali Khan,Male,Sales,Multan,37,Rs 35257,zain.sheikh@example.com,2017-01-18
E7663,Sara Iqbal,Female,HR,Karachi,54,Rs 78682,sara.ahmed@example.com,2019-06-21
E7664,Ahmed Khan,Female,Sales,Multan,29,77840,nida.iqbal@example.com,2018-12-13
E7665,Zain Hussain,Female,Operations,,50,86073,nida.ahmed@example.com,2021-10-04
E7666,Zain Sheikh,Male,IT,,49,81754,bilal.malik@example.com,19/06/2016
E7667,Ali Iqbal,Female,Finance,Faisalabad,36,71965,zain.raza@example.com,2016-04-20
E7668,Fatima Iqbal,Female,Operations,Islamabad,45,67719,omar.ahmed@example.com,25/07/2019
E7669,Omar Ahmed,Female,Sales,Lahore,34,52104,omar.qureshi@example.com,2021-04-10
E7670,Ali Iqbal,Female,HR,Lahore,30,88581,sara.sheikh@example.com,2017-05-21
E7671,Ayesha Malik,Male,,Multan,39,55184,sara.malik@example.com,2019-01-22
E7672,Fatima Iqbal,Female,Sales,Karachi,52,58910,bilal.hussain@example.com,28/01/2017
E7673,Ayesha Ahmed,Female,Operations,Faisalabad,55,52041,ahmed.sheikh@example.com,08/05/2016
E7674,Ayesha Sheikh,Female,Sales,,27,37928,zain.ahmed@example.com,2015-07-02
E7675,Ayesha Malik,Male,,,29,34739,ahmed.raza@example.com,2019-11-28
E7676,Fatima Raza,Male,Sales,Islamabad,22,69761,ali.raza@example.com,2017-06-28
E7677,Zain Qureshi,Female,Marketing,Karachi,29,67804,bilal.iqbal@example.com,2015-12-17
E7678,Zain Qureshi,Male,Operations,Faisalabad,49,Rs 79044,nida.qureshi@example.com,2015-05-22
E7679,Omar Hussain,Female,Sales,,31,Rs 39434,hinamalikexample.com,2021-11-06
E7680,Fatima Ahmed,Female,HR,,29,50043,ayesha.khan@example.com,2016-05-06
E7681,Nida Iqbal,Female,Finance,,55,86864,omar.hussain@example.com,2018-09-15
E7682,Ahmed Raza,Male,HR,Islamabad,52,31945,ali.khan@example.com,2021-10-17
E7683,Fatima Khan,Female,Marketing,Faisalabad,38,74156,nida.qureshi@example.com,2016-05-01
E7684,Ahmed Sheikh,Female,IT,Lahore,40,34292,sara.ahmed@example.com,2015-10-06
E7685,Fatima Raza,Female,HR,Lahore,48,70412,zain.hussain@example.com,2019-08-20
E7686,  Nida Khan  ,Male,Operations,Faisalabad,34,57090,bilal.qureshi@example.com,2019-01-22
E7687,Sara Iqbal,Female,Operations,Faisalabad,27,58870,bilal.ahmed@example.com,2020-09-16
E7688,Ayesha Malik,Male,Operations,Faisalabad,48,60403,bilal.iqbal@example.com,2015-10-25
E7689,Ahmed Qureshi,Male,Marketing,Faisalabad,27,41010,nida.qureshi@example.com,2017-06-15
E7690,Ayesha Qureshi,Male,HR,Multan,44,64545,ali.iqbal@example.com,2016-07-11
E7691,Omar Hussain,Male,HR,Multan,26,43352,zain.ahmed@example.com,2017-01-26
E7692,Bilal Raza,Female,IT,,46,54888,zain.iqbal@example.com,2019-11-11
E7693,Bilal Ahmed,Female,,,40,64505,ali.iqbal@example.com,2017-03-04
E7694,Fatima Ahmed,Male,Operations,Faisalabad,29,33567,bilal.hussain@example.com,2017-08-09
E7695,Nida Hussain,Male,Sales,Karachi,23,82671,zain.ahmed@example.com,2017-10-13
E7696,Fatima Sheikh,Male,,,53,83915,fatima.iqbal@example.com,2015-12-10
E7697,Fatima Malik,Female,IT,Islamabad,25,34543,ali.khan@example.com,2017-07-23
E7698,Bilal Ahmed,Female,Marketing,,39,80050,hina.ahmed@example.com,2015-12-17
E7699,Nida Malik,Male,Finance,Islamabad,39,44336,sara.qureshi@example.com,2016-09-23
E7700,Ali Ahmed,Male,Operations,,43,89578,bilal.raza@example.com,2022-05-02
E7701,Bilal Khan,Female,Marketing,Lahore,29,50068,ali.ahmed@example.com,2021-11-19
E7702,Nida Malik,Female,Finance,Islamabad,46,35734,bilal.iqbal@example.com,2015-10-24
E7703,Hina Hussain,Female,Sales,Lahore,40,69216,bilalmalikexample.com,2015-02-16
E7704,Sara Ahmed,Male,Finance,Islamabad,33,75627,sara.qureshi@example.com,2018-04-29
E7705,Fatima Sheikh,Male,,Faisalabad,37,46779,omar.raza@example.com,2018-03-13
E7706,Bilal Hussain,Male,HR,Lahore,23,49209,omarmalikexample.com,2015-05-29
E7707,Hina Malik,Male,Finance,Islamabad,46,70767,fatima.qureshi@example.com,2020-02-21
E7708,Zain Qureshi,Female,HR,Faisalabad,49,37911,zain.raza@example.com,2021-05-20
E7709,  Zain Raza  ,Female,Sales,Multan,26,77857,zain.malik@example.com,2016-12-02
E7710,Sara Qureshi,Female,IT,,22,52170,zain.raza@example.com,2021-06-27
E7711,Ali Raza,Female,Sales,Karachi,29,,omar.iqbal@example.com,2018-08-24
E7712,Bilal Raza,Female,Marketing,Islamabad,52,Rs 60755,nida.malik@example.com,2022-07-08
E7713,Ahmed Raza,Female,Sales,,39,39653,hina.sheikh@example.com,2018-08-21
E7714,Bilal Sheikh,Female,Finance,Faisalabad,55,47939,zain.raza@example.com,2015-09-22
E7715,Ali Qureshi,Female,,Multan,40,33948,omar.sheikh@example.com,2018-10-20
E7716,Ayesha Malik,Male,IT,Islamabad,32,73398,sara.qureshi@example.com,2019-10-13
E7717,Ayesha Qureshi,Male,,Islamabad,42,71458,ahmed.malik@example.com,2016-08-18
E7718,Sara Khan,Female,Sales,Karachi,32,53440,fatima.khan@example.com,2015-10-20
E7719,Bilal Iqbal,Male,Sales,Islamabad,39,64640,bilal.malik@example.com,2020-10-04
E7720,Ahmed Ahmed,Male,,Islamabad,48,Rs 53433,zain.iqbal@example.com,2022-12-25
E7721,Hina Hussain,Female,,Karachi,51,51567,fatima.raza@example.com,2015-02-28
E7722,Sara Ahmed,Male,Finance,Multan,29,72525,ali.hussain@example.com,2017-07-06
E7723,Hina Khan,Female,IT,Islamabad,35,45060,ahmed.malik@example.com,2018-11-02
E7724,Nida Malik,Male,HR,Faisalabad,25,67330,bilalahmedexample.com,2015-05-18
E7725,Hina Raza,Female,Operations,Faisalabad,46,43050,nida.iqbal@example.com,2015-08-30
E7726,Omar Qureshi,Male,Sales,Multan,40,77858,zain.qureshi@example.com,2016-11-14
E7727,Hina Qureshi,Female,Sales,Lahore,53,43515,zain.sheikh@example.com,2019-01-07
E7728,Ayesha Iqbal,Male,Operations,,34,87045,zain.iqbal@example.com,2016-02-28
E7729,Ahmed Hussain,Male,HR,Lahore,23,44145,bilal.khan@example.com,2018-11-12
E7730,Omar Sheikh,Female,HR,Multan,55,35533,ahmed.raza@example.com,2016-12-25
E7731,Nida Hussain,Male,IT,Multan,52,79415,sara.qureshi@example.com,2017-03-05
E7732,Omar Hussain,Female,Finance,,44,71863,bilal.khan@example.com,2018-09-26
E7733,Fatima Khan,Female,,Faisalabad,34,33558,sara.ahmed@example.com,2017-06-22
E7734,Nida Khan,Male,Operations,Faisalabad,43,64164,ali.ahmed@example.com,2016-02-02
E7735,Ahmed Khan,Male,,,35,34190,fatima.hussain@example.com,2015-02-12
E7736,Bilal Ahmed,Male,Finance,Multan,32,66318,fatima.sheikh@example.com,2021-12-17
E7737,Nida Khan,Male,HR,Multan,39,85081,fatima.iqbal@example.com,2021-02-14
E7738,Sara Ahmed,Male,IT,Karachi,35,83847,nida.sheikh@example.com,30/05/2015
E7739,Ahmed Iqbal,Female,Sales,Karachi,43,88311,nida.raza@example.com,17/08/2021
E7740,Zain Hussain,Female,HR,Karachi,45,,ayesha.sheikh@example.com,2016-01-30
E7741,Zain Iqbal,Female,Marketing,Karachi,29,79080,nida.raza@example.com,2022-05-19
E7742,Bilal Hussain,Male,IT,,37,40732,hina.hussain@example.com,2015-07-13
E7743,Nida Qureshi,Male,Marketing,Multan,34,77149,omar.hussain@example.com,2019-01-08
E7744,Hina Sheikh,Female,Finance,Islamabad,36,44838,hina.ahmed@example.com,2020-03-05
E7745,Fatima Qureshi,Female,HR,Multan,26,52767,ali.raza@example.com,2021-01-27
E7746,Nida Ahmed,Male,,,48,60306,fatima.hussain@example.com,2022-12-08
E7747,Ayesha Malik,Male,Sales,,45,32837,zain.khan@example.com,09/05/2016
E7748,Ali Sheikh,Male,Operations,Lahore,39,65103,hina.ahmed@example.com,2015-03-20
E7749,Hina Qureshi,Female,Finance,Islamabad,34,72950,nida.ahmed@example.com,2018-06-22
E7750,Nida Malik,Male,IT,Karachi,30,,fatima.iqbal@example.com,2019-04-18
E7751,Zain Raza,Female,HR,Karachi,37,54685,ahmed.raza@example.com,2015-10-19
E7752,Hina Malik,Male,,Lahore,33,42704,bilal.khan@example.com,2020-02-15
E7753,Fatima Hussain,Female,HR,Lahore,39,68843,fatima.malik@example.com,2017-05-12
E7754,Zain Ahmed,Female,Finance,Karachi,48,58723,sara.ahmed@example.com,12/01/2015
E7755,Zain Raza,Male,,Multan,36,,omar.khan@example.com,2022-04-08
E7756,Ayesha Iqbal,Female,Sales,Lahore,44,59978,zain.iqbal@example.com,2021-12-28
E7757,Ahmed Malik,Male,Operations,Karachi,44,64548,hina.ahmed@example.com,2017-02-04
E7758,Sara Khan,Female,Operations,Multan,29,51656,hina.hussain@example.com,2018-05-26
E7759,Bilal Ahmed,Male,,Islamabad,48,41635,ahmed.sheikh@example.com,2018-07-09
E7760,Bilal Malik,Male,Operations,,53,53423,fatima.hussain@example.com,2022-05-19
E7761,Nida Raza,Male,Finance,Lahore,55,81985,ahmed.malik@example.com,2016-11-01
E7762,Hina Malik,Male,Finance,Multan,34,77429,ayesha.sheikh@example.com,2018-01-21
E7763,Fatima Khan,Female,Operations,Multan,53,61118,nida.khan@example.com,2017-08-02
E7764,Ali Sheikh,Male,IT,Faisalabad,52,48199,hina.ahmed@example.com,2021-01-27
E7765,Hina Qureshi,Female,Finance,Multan,52,69300,ayesha.qureshi@example.com,2015-09-18
E7766,Fatima Ahmed,Female,Marketing,,32,54646,ahmed.qureshi@example.com,2018-05-07
E7767,Omar Iqbal,Female,Finance,Multan,25,88566,omar.khan@example.com,2015-04-23
E7768,Sara Ahmed,Male,HR,,41,51311,sara.qureshi@example.com,2015-12-05
E7769,Fatima Khan,Female,Sales,Faisalabad,36,82212,ayesha.iqbal@example.com,2020-10-15
E7770,Hina Khan,Female,Operations,Karachi,53,73469,bilal.iqbal@example.com,2021-06-15
E7771,Fatima Raza,Female,Sales,Faisalabad,29,64003,nida.qureshi@example.com,2016-12-24
E7772,Omar Khan,Female,,,54,82349,ayeshahussainexample.com,2022-11-01
E7773,Ahmed Malik,Female,Operations,Lahore,54,60814,fatima.ahmed@example.com,08/06/2017
E7774,  Nida Malik  ,Female,Sales,Islamabad,39,87081,ayesha.raza@example.com,2022-06-15
E7775,Bilal Sheikh,Male,Operations,Lahore,31,68374,hina.sheikh@example.com,2020-07-26
E7776,Hina Hussain,Female,Sales,Islamabad,51,79003,hina.khan@example.com,2018-06-14
E7777,Fatima Ahmed,Male,Operations,Islamabad,29,,bilal.iqbal@example.com,2018-05-06
E7778,Omar Khan,Male,Marketing,Karachi,46,41819,ahmed.raza@example.com,2018-01-20
E7779,Bilal Ahmed,Female,,Faisalabad,49,35664,sara.malik@example.com,2018-06-02
E7780,  Ahmed Malik  ,Male,Finance,Multan,42,87549,omar.malik@example.com,2022-12-03
E7781,Fatima Khan,Male,IT,,48,73275,zain.ahmed@example.com,31/03/2016
E7782,Zain Raza,Male,Sales,Faisalabad,40,70186,bilal.qureshi@example.com,2021-07-10
E7783,Sara Iqbal,Male,IT,,44,39881,ahmed.ahmed@example.com,2020-02-24
E7784,Fatima Qureshi,Female,Marketing,Lahore,45,31104,nida.sheikh@example.com,2015-08-26
E7785,Omar Sheikh,Male,Sales,Lahore,35,58067,fatima.hussain@example.com,2020-04-04
E7786,Ahmed Raza,Male,Marketing,Multan,32,65158,ayesha.iqbal@example.com,2019-01-17
E7787,Bilal Iqbal,Male,,Faisalabad,55,Rs 65539,ayesha.qureshi@example.com,2021-02-09
E7788,Sara Ahmed,Male,Sales,Lahore,38,44403,ahmed.iqbal@example.com,2015-10-05
E7789,Nida Khan,Female,Operations,Karachi,23,80859,ahmed.hussain@example.com,2016-02-21
E7790,Fatima Ahmed,Male,Marketing,Lahore,35,71920,fatima.raza@example.com,2016-03-11
E7791,Omar Malik,Female,IT,Multan,39,43388,sara.raza@example.com,2022-05-19
E7792,Zain Qureshi,Female,Operations,Islamabad,53,64114,omar.khan@example.com,2018-03-13
E7793,Ahmed Ahmed,Female,Finance,Lahore,49,56600,zain.khan@example.com,2018-04-04
E7794,Omar Raza,Male,,Lahore,47,63885,ayesha.ahmed@example.com,2016-03-13
E7795,Nida Sheikh,Female,,Lahore,41,52258,zain.ahmed@example.com,2016-08-06
E7796,Ahmed Malik,Male,Finance,Multan,45,44950,nida.iqbal@example.com,2021-01-08
E7797,Sara Iqbal,Male,IT,Faisalabad,39,49347,bilal.qureshi@example.com,2020-01-27
E7798,Nida Khan,Female,Finance,Faisalabad,41,65223,nida.malik@example.com,2020-08-05
E7799,Bilal Raza,Female,IT,,22,40153,zain.malik@example.com,2015-10-03
E7800,  Ayesha Qureshi  ,Male,IT,Lahore,48,79464,ali.malik@example.com,2015-01-17
E7801,Ayesha Iqbal,Male,,Islamabad,47,68898,fatima.khan@example.com,2019-05-21
E7802,  Omar Iqbal  ,Male,Sales,Islamabad,55,70219,omar.malik@example.com,2018-08-13
E7803,Sara Hussain,Male,Finance,Faisalabad,41,35241,hina.sheikh@example.com,2021-06-04
E7804,Ahmed Iqbal,Male,HR,Islamabad,31,81139,nida.malik@example.com,2019-06-01
E7805,Zain Malik,Male,HR,Faisalabad,43,76840,omar.khan@example.com,2022-04-12
E7806,  Omar Malik  ,Female,IT,Karachi,35,36321,omar.malik@example.com,08/12/2020
E7807,Ahmed Qureshi,Female,Operations,Faisalabad,32,53865,zain.hussain@example.com,2021-05-24
E7808,Fatima Raza,Female,Sales,,54,65368,ayeshasheikhexample.com,2020-07-29
E7809,Zain Iqbal,Male,HR,Karachi,34,54716,hina.qureshi@example.com,2017-07-30
E7810,Ali Ahmed,Male,IT,Karachi,47,73230,zain.malik@example.com,2018-02-02
E7811,Ali Raza,Female,IT,Islamabad,36,39986,nida.raza@example.com,2017-01-31
E7812,Bilal Khan,Male,IT,Islamabad,22,41349,fatima.ahmed@example.com,2018-11-26
E7813,Sara Khan,Male,Sales,Islamabad,23,72386,hina.hussain@example.com,2019-06-18
E7814,Hina Iqbal,Male,,Islamabad,26,31272,ahmed.iqbal@example.com,2016-09-02
E7815,Ayesha Malik,Male,Marketing,Multan,28,31872,hina.malik@example.com,2015-11-26
E7816,Zain Hussain,Male,IT,Islamabad,53,64365,nida.sheikh@example.com,2015-07-13
E7817,Bilal Raza,Male,Marketing,Karachi,33,36246,bilal.malik@example.com,2019-06-07
E7818,Sara Khan,Female,IT,Karachi,29,88718,bilal.ahmed@example.com,2022-12-27
E7819,Nida Khan,Female,Finance,Karachi,34,56439,ahmed.iqbal@example.com,2019-04-26
E7820,Omar Hussain,Male,,Karachi,34,41120,ahmed.khan@example.com,2020-04-09
E7821,Nida Khan,Male,IT,Lahore,23,67489,ahmed.khan@example.com,2016-04-30
E7822,Ayesha Hussain,Female,,Islamabad,32,67740,sara.raza@example.com,2019-04-17
E7823,Bilal Qureshi,Female,HR,,24,62109,nidaqureshiexample.com,2018-02-06
E7824,Fatima Ahmed,Female,Operations,Faisalabad,23,43174,fatima.malik@example.com,2015-12-23
E7825,Sara Ahmed,Female,,Faisalabad,44,80922,fatima.ahmed@example.com,2017-07-15
E7826,Hina Sheikh,Male,IT,Islamabad,49,43636,fatima.raza@example.com,2016-04-25
E7827,Ahmed Qureshi,Female,Sales,Islamabad,43,88300,omar.hussain@example.com,12/05/2021
E7828,Sara Khan,Female,Marketing,Lahore,50,75781,ahmed.raza@example.com,2019-01-03
E7829,Omar Malik,Female,Finance,Karachi,32,47122,nida.malik@example.com,2019-10-02
E7830,Omar Hussain,Male,Operations,Faisalabad,34,79153,fatima.iqbal@example.com,03/07/2019
E7831,Ali Raza,Male,,Faisalabad,49,43417,nida.qureshi@example.com,2020-08-18
E7832,Sara Malik,Male,,Faisalabad,29,83568,fatima.khan@example.com,2015-05-05
E7833,Sara Qureshi,Male,IT,Islamabad,48,,zain.khan@example.com,2016-07-22
E7834,Fatima Raza,Female,Finance,,25,67338,omar.qureshi@example.com,2021-09-06
E7835,Sara Iqbal,Female,IT,Lahore,26,34412,ahmed.qureshi@example.com,2016-12-21
E7836,  Hina Qureshi  ,Female,Marketing,Multan,49,72845,hina.hussain@example.com,2017-08-17
E7837,Zain Malik,Female,IT,Multan,26,50307,zain.raza@example.com,2022-08-29
E7838,Ali Khan,Male,Finance,Faisalabad,28,67683,ali.raza@example.com,2020-03-31
E7839,Ahmed Ahmed,Male,HR,Faisalabad,37,66263,hina.sheikh@example.com,2021-05-25
E7840,Omar Khan,Male,Operations,Karachi,49,48977,ali.qureshi@example.com,2017-06-08
E7841,Ayesha Iqbal,Female,,Karachi,39,87009,fatima.hussain@example.com,2022-02-22
E7842,Zain Sheikh,Male,HR,Lahore,25,76533,ali.iqbal@example.com,2016-06-14
E7843,Zain Malik,Male,IT,Karachi,48,49266,ahmed.ahmed@example.com,2019-01-25
E7844,Ayesha Raza,Female,IT,Faisalabad,43,82046,bilal.sheikh@example.com,2015-11-26
E7845,Nida Khan,Male,IT,Lahore,24,53585,ayeshasheikhexample.com,17/02/2019
E7846,Fatima Qureshi,Male,Marketing,Islamabad,45,76782,omar.qureshi@example.com,2020-01-10
E7847,Ali Hussain,Female,,Multan,26,Rs 89118,bilal.qureshi@example.com,2018-02-03
E7848,Ahmed Khan,Female,Sales,Faisalabad,54,48335,zain.khan@example.com,2015-10-30
E7849,Hina Hussain,Male,Operations,Islamabad,41,52391,bilal.iqbal@example.com,16/03/2020
E7850,Sara Sheikh,Female,Operations,Faisalabad,24,60701,omar.qureshi@example.com,2020-02-07
E7851,Sara Malik,Male,IT,Lahore,40,49280,bilal.khan@example.com,2017-07-12
E7852,Hina Hussain,Male,,Multan,53,43329,zain.sheikh@example.com,2017-12-22
E7853,Ayesha Sheikh,Male,,Lahore,53,70433,ahmed.hussain@example.com,2021-01-21
E7854,  Bilal Qureshi  ,Male,Operations,Islamabad,37,48207,nida.iqbal@example.com,2021-02-07
E7855,Bilal Qureshi,Female,IT,,44,72449,bilal.ahmed@example.com,2021-08-07
E7856,Omar Hussain,Female,Sales,,24,40072,nida.raza@example.com,2018-05-03
E7857,Nida Iqbal,Male,Marketing,,37,77120,sara.hussain@example.com,2020-07-29
E7858,Ayesha Ahmed,Female,,Multan,29,Rs 79948,bilal.malik@example.com,2021-09-02
E7859,Hina Hussain,Female,,Faisalabad,54,79986,sara.malik@example.com,2015-01-04
E7860,  Ayesha Hussain  ,Female,Operations,Islamabad,55,66596,fatima.hussain@example.com,2015-04-18
E7861,Sara Sheikh,Female,Operations,,41,60285,bilal.malik@example.com,2017-05-22
E7862,  Ahmed Khan  ,Male,Operations,Lahore,51,37038,fatimahussainexample.com,2021-11-19
E7863,Zain Iqbal,Female,HR,Lahore,40,68540,bilal.khan@example.com,2020-12-20
E7864,Ahmed Iqbal,Male,,Multan,26,Rs 84707,sara.sheikh@example.com,2020-07-18
E7865,Hina Khan,Male,Marketing,Karachi,46,61738,hina.sheikh@example.com,2016-06-01
E7866,Omar Qureshi,Male,,Multan,36,61504,ahmed.malik@example.com,2020-07-24
E7867,Ayesha Khan,Female,Sales,Lahore,33,57414,fatima.qureshi@example.com,2021-02-02
E7868,  Ayesha Khan  ,Female,Sales,,32,77383,hina.qureshi@example.com,2017-01-17
E7869,Fatima Raza,Female,,Lahore,55,44804,fatima.malik@example.com,2016-12-01
E7870,Omar Sheikh,Male,Marketing,Karachi,42,34764,zain.malik@example.com,2019-02-02
E7871,Fatima Raza,Female,Finance,Faisalabad,44,61134,nida.hussain@example.com,2022-09-11
E7872,  Bilal Khan  ,Male,Operations,Multan,48,38686,sara.sheikh@example.com,2016-09-07
E7873,Hina Qureshi,Male,Sales,Islamabad,36,66644,ali.hussain@example.com,2015-05-22
E7874,Ali Khan,Female,Operations,Lahore,36,62979,ahmed.sheikh@example.com,2021-04-15
E7875,Sara Sheikh,Female,Operations,,49,35024,ayesha.hussain@example.com,2019-10-07
E7876,  Nida Khan  ,Male,Marketing,Faisalabad,48,87747,ali.iqbal@example.com,2015-02-02
E7877,Hina Raza,Female,Operations,,22,62239,ayesha.raza@example.com,2019-10-19
E7878,Ahmed Raza,Female,Marketing,Lahore,33,84783,zain.malik@example.com,26/11/2015
E7879,Ali Qureshi,Male,HR,Lahore,36,39676,hina.khan@example.com,2017-06-24
E7880,Ahmed Malik,Female,Finance,Multan,43,70196,ahmed.malik@example.com,2021-10-16
E7881,Omar Khan,Male,Finance,Karachi,31,54884,hina.ahmed@example.com,2022-01-29
E7882,Hina Malik,Male,Marketing,Lahore,27,77452,ali.sheikh@example.com,2017-04-12
E7883,Hina Sheikh,Male,HR,,53,81455,nida.sheikh@example.com,2020-12-30
E7884,Ali Hussain,Male,IT,Multan,30,39910,omar.khan@example.com,2019-05-10
E7885,Zain Iqbal,Male,,Faisalabad,28,58488,omar.sheikh@example.com,2021-04-27
E7886,Hina Malik,Female,Operations,Faisalabad,29,45789,sara.sheikh@example.com,2021-02-22
E7887,Bilal Malik,Male,IT,Karachi,33,82521,nida.sheikh@example.com,2015-01-16
E7888,Ali Qureshi,Female,Marketing,Faisalabad,26,30517,omar.malik@example.com,2017-01-05
E7889,Sara Iqbal,Female,Sales,Karachi,37,50096,fatima.raza@example.com,2018-06-06
E7890,Ayesha Raza,Female,IT,Lahore,23,83194,sara.raza@example.com,2017-11-08
E7891,Zain Sheikh,Female,Marketing,Islamabad,42,86027,sarasheikhexample.com,2019-07-12
E7892,Ayesha Malik,Female,,Islamabad,26,78088,bilalsheikhexample.com,2019-01-03
E7893,Ali Sheikh,Female,Sales,Karachi,23,81082,fatimamalikexample.com,2017-09-24
E7894,Sara Hussain,Male,HR,Faisalabad,31,67510,hina.iqbal@example.com,2022-12-02
E7895,Ayesha Khan,Male,,Multan,51,36118,bilal.malik@example.com,2018-06-07
E7896,Zain Qureshi,Female,IT,Faisalabad,27,68820,omar.khan@example.com,2019-11-01
E7897,Hina Sheikh,Male,IT,Faisalabad,23,50088,nida.malik@example.com,2015-07-13
E7898,Ali Raza,Female,,Faisalabad,44,69753,nida.iqbal@example.com,2020-06-27
E7899,Omar Ahmed,Female,HR,Faisalabad,55,42077,ahmed.ahmed@example.com,2021-10-15
E7900,Sara Sheikh,Female,Operations,Faisalabad,27,,ayesha.hussain@example.com,21/07/2020
E7901,Ahmed Qureshi,Female,Finance,Multan,38,49306,ayesha.qureshi@example.com,2021-10-10
E7902,Zain Khan,Female,HR,Karachi,51,79526,bilal.malik@example.com,2021-04-13
E7903,Ayesha Hussain,Male,Marketing,Faisalabad,48,44812,nida.khan@example.com,2021-02-19
E7904,Fatima Ahmed,Male,Sales,Faisalabad,25,81697,bilal.malik@example.com,2016-07-29
E7905,Ali Sheikh,Male,Operations,Karachi,43,75431,zain.ahmed@example.com,2017-12-30
E7906,Nida Malik,Female,Finance,Lahore,46,78711,ali.khan@example.com,2019-07-24
E7907,Bilal Malik,Male,HR,,30,76703,ahmed.khan@example.com,2021-03-04
E7908,Omar Iqbal,Female,Sales,Karachi,37,43313,hina.qureshi@example.com,2016-08-06
E7909,Zain Iqbal,Female,Marketing,Faisalabad,35,77336,omar.hussain@example.com,2017-12-22
E7910,Bilal Iqbal,Male,,Islamabad,24,36438,nida.qureshi@example.com,2019-02-15
E7911,Bilal Iqbal,Male,IT,Lahore,38,78669,omar.raza@example.com,2021-10-07
E7912,Hina Iqbal,Female,HR,Islamabad,51,56002,ali.khan@example.com,2019-07-11
E7913,Ali Hussain,Female,Marketing,Karachi,50,88447,ali.raza@example.com,2022-12-05
E7914,Zain Khan,Female,Sales,Lahore,47,66482,nida.hussain@example.com,2016-12-12
E7915,Sara Qureshi,Male,Finance,Faisalabad,54,Rs 79601,bilal.hussain@example.com,2015-09-22
E7916,Bilal Malik,Female,IT,Islamabad,55,77642,bilal.hussain@example.com,2018-11-15
E7917,Ahmed Khan,Female,HR,Lahore,43,82636,sara.malik@example.com,2016-03-01
E7918,Nida Sheikh,Female,Operations,Islamabad,39,39253,bilal.qureshi@example.com,2022-03-25
E7919,Zain Khan,Female,Marketing,Multan,34,60690,fatima.raza@example.com,2019-12-23
E7920,Nida Raza,Female,,Lahore,38,65985,fatima.iqbal@example.com,2019-10-08
E7921,Ayesha Raza,Female,Sales,Faisalabad,46,76588,ayesha.raza@example.com,2018-12-29
E7922,Sara Hussain,Male,IT,Karachi,39,59853,ahmed.qureshi@example.com,2015-08-11
E7923,Bilal Iqbal,Male,Sales,,42,59939,hina.iqbal@example.com,2018-12-22
E7924,Ali Sheikh,Female,Marketing,Lahore,54,31552,nida.ahmed@example.com,2019-06-30
E7925,Nida Iqbal,Female,Marketing,Faisalabad,31,87022,ayesha.malik@example.com,2017-07-31
E7926,Omar Sheikh,Female,Finance,Lahore,42,32966,ahmedrazaexample.com,2016-02-16
E7927,Ali Sheikh,Male,IT,Karachi,38,35963,ayesha.qureshi@example.com,2020-12-11
E7928,Ayesha Raza,Male,Finance,,47,50729,omar.iqbal@example.com,08/05/2015
E7929,Hina Sheikh,Male,HR,Multan,35,Rs 83978,nida.ahmed@example.com,2017-05-02
E7930,  Fatima Ahmed  ,Female,Finance,Lahore,52,49471,fatima.iqbal@example.com,2020-05-26
E7931,  Sara Raza  ,Female,Sales,Islamabad,35,82296,hina.ahmed@example.com,2019-03-29
E7932,Ali Khan,Female,Operations,,37,Rs 32078,sara.hussain@example.com,2020-11-15
E7933,Omar Raza,Female,,,36,38519,omar.iqbal@example.com,2020-09-29
E7934,Omar Qureshi,Male,Sales,Faisalabad,22,39850,nida.sheikh@example.com,2021-09-19
E7935,  Ahmed Khan  ,Male,,Islamabad,24,53075,ahmed.khan@example.com,2016-01-18
E7936,Bilal Malik,Male,,,36,74928,nida.ahmed@example.com,2018-12-27
E7937,Ahmed Iqbal,Female,Sales,Faisalabad,22,,ayesha.raza@example.com,2017-03-23
E7938,Ali Malik,Male,HR,Faisalabad,39,39343,sara.raza@example.com,2022-08-27
E7939,Ayesha Raza,Female,Operations,Multan,51,31903,ali.ahmed@example.com,2020-02-05
E7940,Hina Raza,Male,Marketing,Islamabad,28,41320,nida.ahmed@example.com,2017-04-10
E7941,Nida Qureshi,Male,Finance,Islamabad,46,43142,ali.hussain@example.com,2016-07-01
E7942,Nida Khan,Female,Operations,Faisalabad,47,52057,ayesha.raza@example.com,2019-01-09
E7943,Bilal Ahmed,Male,HR,Faisalabad,31,41291,fatima.hussain@example.com,2018-01-23
E7944,Ahmed Iqbal,Male,IT,Lahore,37,,zain.malik@example.com,2021-07-04
E7945,Zain Iqbal,Female,Marketing,Faisalabad,40,87269,ahmed.hussain@example.com,2021-03-03
E7946,Ali Khan,Male,HR,Islamabad,33,69393,nida.sheikh@example.com,2022-05-29
E7947,Nida Hussain,Female,IT,Islamabad,45,,ayesha.malik@example.com,2017-01-06
E7948,Sara Iqbal,Female,Operations,Lahore,37,36033,ali.khan@example.com,2021-12-09
E7949,Ahmed Raza,Male,IT,Faisalabad,24,,ali.khan@example.com,2021-01-26
E7950,Ahmed Malik,Female,Operations,Karachi,29,Rs 86555,sara.qureshi@example.com,2017-09-05
E7951,Ahmed Ahmed,Male,Operations,Faisalabad,30,69313,ali.qureshi@example.com,2018-02-14
E7952,Nida Ahmed,Female,HR,Multan,55,80256,zain.malik@example.com,2018-10-11
E7953,Fatima Sheikh,Male,HR,Islamabad,27,54428,fatima.raza@example.com,2021-11-03
E7954,Zain Sheikh,Female,HR,Islamabad,40,64261,bilal.raza@example.com,2022-04-14
E7955,Sara Hussain,Male,Finance,Multan,22,63198,hina.hussain@example.com,2015-01-15
E7956,Ali Malik,Female,HR,Lahore,22,88225,nida.ahmed@example.com,2020-06-29
E7957,Fatima Raza,Male,,Faisalabad,28,79473,ayesha.raza@example.com,2021-09-01
E7958,Omar Khan,Male,Finance,Karachi,27,60620,fatima.ahmed@example.com,2015-11-05
E7959,Omar Hussain,Male,,Multan,30,63227,ayeshasheikhexample.com,2016-09-28
E7960,Zain Iqbal,Male,Marketing,,44,48118,sara.hussain@example.com,2019-05-21
E7961,Ayesha Khan,Male,Marketing,Lahore,30,52280,zainrazaexample.com,29/11/2018
E7962,Bilal Sheikh,Male,Finance,,25,Rs 56429,ayesha.hussain@example.com,2022-03-23
E7963,Ali Sheikh,Male,IT,Islamabad,53,42417,alirazaexample.com,2022-12-15
E7964,Bilal Malik,Male,Operations,Islamabad,54,65248,ayesha.qureshi@example.com,2022-02-10
E7965,Ayesha Sheikh,Male,Operations,Faisalabad,28,39068,zain.qureshi@example.com,2018-08-31
E7966,Bilal Qureshi,Male,HR,Multan,53,38622,ahmed.khan@example.com,28/06/2020
E7967,Zain Khan,Female,Operations,Islamabad,40,60682,ayesha.hussain@example.com,2021-03-16
E7968,  Omar Sheikh  ,Female,Marketing,Faisalabad,28,32934,bilal.hussain@example.com,2022-09-12
E7969,Fatima Malik,Female,IT,Multan,41,85524,sara.qureshi@example.com,2017-04-04
E7970,Fatima Sheikh,Female,,Lahore,46,39760,hina.qureshi@example.com,2015-02-21
E7971,Fatima Raza,Male,Operations,Islamabad,44,64758,ayesha.khan@example.com,2021-09-13
E7972,Ayesha Raza,Female,Sales,Multan,48,76309,zain.hussain@example.com,2016-04-16
E7973,  Hina Khan  ,Male,Finance,Multan,48,60142,sara.qureshi@example.com,2017-02-17
E7974,Ahmed Sheikh,Male,Marketing,Karachi,37,Rs 71732,sara.qureshi@example.com,2016-06-24
E7975,Bilal Sheikh,Male,HR,Karachi,50,89425,fatima.qureshi@example.com,2015-11-04
E7976,Fatima Malik,Female,Operations,Lahore,24,38704,ayesha.sheikh@example.com,2019-01-18
E7977,Omar Malik,Male,,,53,60389,sara.ahmed@example.com,2022-05-25
E7978,Fatima Ahmed,Female,Marketing,Lahore,24,55298,zain.ahmed@example.com,2018-06-29
E7979,Zain Iqbal,Female,Marketing,Islamabad,38,62598,bilal.malik@example.com,2016-10-19
E7980,Ali Khan,Male,Operations,Multan,37,81870,omar.iqbal@example.com,2015-08-29
E7981,Ayesha Raza,Female,Marketing,Lahore,52,82163,fatima.qureshi@example.com,2015-11-30
E7982,  Omar Iqbal  ,Female,Sales,Faisalabad,34,40856,ayeshaqureshiexample.com,2019-01-29
E7983,Ahmed Sheikh,Female,Marketing,,51,73045,ahmed.khan@example.com,2019-09-21
E7984,Bilal Sheikh,Female,HR,Islamabad,45,65575,sara.ahmed@example.com,2017-03-30
E7985,Ali Malik,Male,HR,Islamabad,27,83083,fatima.malik@example.com,2020-06-10
E7986,Ayesha Raza,Female,Marketing,,38,,sara.iqbal@example.com,2020-01-01
E7987,Ayesha Iqbal,Male,Operations,Multan,37,64751,ayesha.raza@example.com,2017-10-08
E7988,  Ahmed Sheikh  ,Male,IT,Lahore,45,31274,alihussainexample.com,2015-08-20
E7989,  Zain Ahmed  ,Female,Finance,Islamabad,37,54112,omar.hussain@example.com,2020-08-09
E7990,Omar Iqbal,Female,Sales,Lahore,42,38233,fatima.qureshi@example.com,2021-11-18
E7991,Sara Hussain,Female,Finance,Lahore,44,55821,fatima.qureshi@example.com,2016-10-06
E7992,Ali Hussain,Female,Marketing,Karachi,38,75058,hina.khan@example.com,2022-12-24
E7993,Ayesha Qureshi,Female,Sales,,49,58571,ali.iqbal@example.com,2020-03-30
E7994,Sara Hussain,Male,Marketing,,32,74710,sara.ahmed@example.com,2022-09-22
E7995,Ali Malik,Female,Sales,Karachi,30,74323,zain.malik@example.com,2021-02-21
E7996,  Fatima Raza  ,Female,Finance,Islamabad,31,50932,bilal.raza@example.com,2016-08-26
E7997,Hina Raza,Female,Operations,Lahore,41,31582,ayesha.sheikh@example.com,2020-05-17
E7998,Zain Qureshi,Male,Operations,Multan,51,57300,nida.ahmed@example.com,2019-11-16
E7999,Zain Raza,Female,HR,Multan,47,82805,ayesha.raza@example.com,2016-11-24
E8000,Omar Malik,Female,IT,,46,50994,sara.malik@example.com,2016-01-09
E8001,Omar Sheikh,Female,Finance,Islamabad,24,74080,fatima.qureshi@example.com,2020-07-23
E8002,Fatima Malik,Female,HR,Multan,25,86965,fatima.malik@example.com,2016-06-08
E8003,Ayesha Qureshi,Male,Operations,Multan,53,89906,fatima.hussain@example.com,2022-09-07
E8004,Ayesha Iqbal,Male,,Lahore,41,47640,bilal.sheikh@example.com,2016-09-19
E8005,Ali Iqbal,Male,,Islamabad,22,51894,bilal.hussain@example.com,2018-12-06
E8006,Omar Ahmed,Female,Finance,Lahore,27,76297,bilal.khan@example.com,2016-10-09
E8007,Omar Sheikh,Female,HR,Islamabad,31,48765,sara.malik@example.com,2022-03-18
E8008,Zain Malik,Male,Operations,Faisalabad,46,Rs 73110,fatima.khan@example.com,2019-08-07
E8009,Nida Qureshi,Female,HR,Lahore,28,35367,ali.malik@example.com,2019-05-31
E8010,Omar Qureshi,Female,HR,Faisalabad,36,44537,ayesha.khan@example.com,2016-01-31
E8011,Zain Hussain,Female,Operations,Islamabad,45,Rs 70537,hina.raza@example.com,2019-02-14
E8012,Ahmed Sheikh,Female,Marketing,,28,53823,zain.sheikh@example.com,2018-05-06
E8013,  Sara Ahmed  ,Male,HR,Islamabad,45,49611,fatima.malik@example.com,2017-12-21
E8014,Omar Malik,Male,Operations,,28,35597,hina.ahmed@example.com,2022-03-08
E8015,Zain Qureshi,Female,,Multan,41,31088,omar.raza@example.com,2020-06-01
E8016,Ayesha Sheikh,Female,IT,Multan,28,45293,ali.sheikh@example.com,2022-02-08
E8017,Zain Raza,Male,Finance,Islamabad,45,86485,fatima.raza@example.com,2016-02-09
E8018,Zain Iqbal,Male,Finance,Multan,41,51480,ayesha.raza@example.com,2022-04-19
E8019,Omar Sheikh,Male,HR,Faisalabad,25,48089,hina.khan@example.com,2022-07-28
E8020,Ayesha Malik,Female,Sales,Faisalabad,25,Rs 44775,bilal.hussain@example.com,2017-12-26
E8021,Omar Hussain,Male,Finance,Karachi,41,75282,ali.malik@example.com,2022-03-24
E8022,Fatima Sheikh,Male,IT,Multan,54,66658,omar.malik@example.com,2022-08-06
E8023,  Nida Sheikh  ,Male,HR,Faisalabad,47,82372,sara.raza@example.com,04/09/2018
E8024,Omar Hussain,Male,HR,,43,88610,nidasheikhexample.com,2020-03-06
E8025,Ahmed Malik,Female,,Karachi,49,30844,omar.khan@example.com,2016-03-20
E8026,Nida Qureshi,Female,Marketing,Faisalabad,22,53511,ali.hussain@example.com,2018-12-21
E8027,Bilal Malik,Male,Sales,Lahore,38,84272,ali.hussain@example.com,2016-02-14
E8028,  Hina Raza  ,Female,HR,Faisalabad,46,49745,hina.iqbal@example.com,2016-08-26
E8029,Omar Raza,Female,,Islamabad,45,82017,ayesha.raza@example.com,2021-07-31
E8030,Fatima Hussain,Female,Operations,Multan,39,57018,ayesha.raza@example.com,2021-09-27
E8031,Bilal Sheikh,Male,Marketing,Islamabad,39,70882,ayesha.iqbal@example.com,2019-10-12
E8032,Bilal Hussain,Male,Marketing,Karachi,42,69069,ali.malik@example.com,2015-07-29
E8033,Omar Khan,Female,Operations,Multan,46,35505,ahmed.khan@example.com,2015-07-02
E8034,Omar Hussain,Male,Operations,Karachi,51,76353,bilal.khan@example.com,2022-07-06
E8035,Ali Ahmed,Female,Sales,Faisalabad,51,64219,fatima.khan@example.com,2016-06-08
E8036,Ahmed Khan,Male,Finance,Faisalabad,45,47874,zain.sheikh@example.com,2015-05-11
E8037,Ayesha Ahmed,Male,HR,Lahore,45,79792,nida.qureshi@example.com,2018-07-04
E8038,Zain Malik,Female,IT,,49,69153,omar.malik@example.com,2018-05-01
E8039,Ayesha Raza,Female,Marketing,Karachi,26,84428,sara.qureshi@example.com,2021-02-20
E8040,Ahmed Iqbal,Male,HR,Islamabad,32,39884,ahmed.khan@example.com,2020-06-06
E8041,  Nida Iqbal  ,Female,,Karachi,37,Rs 73503,ahmed.malik@example.com,2020-04-23
E8042,Sara Qureshi,Female,Sales,Lahore,40,37070,fatima.sheikh@example.com,2016-02-19
E8043,Bilal Iqbal,Male,Finance,,23,78690,hina.malik@example.com,2021-04-01
E8044,Ali Raza,Male,IT,Faisalabad,24,42248,fatima.qureshi@example.com,2017-10-19
E8045,Sara Malik,Male,,,27,52819,nida.iqbal@example.com,2021-10-06
E8046,Bilal Khan,Male,Operations,Multan,42,37595,fatima.hussain@example.com,2015-10-11
E8047,Zain Khan,Male,Finance,Lahore,30,73003,ali.raza@example.com,2021-02-25
E8048,Sara Hussain,Male,HR,Faisalabad,33,Rs 76016,zain.khan@example.com,2018-01-31
E8049,Hina Malik,Female,Marketing,Lahore,23,72947,omar.sheikh@example.com,2022-06-07
E8050,Hina Malik,Male,Marketing,Lahore,40,59851,ayesha.qureshi@example.com,2015-04-24
E8051,  Hina Iqbal  ,Female,Finance,Karachi,23,Rs 78823,ahmed.hussain@example.com,2021-05-02
E8052,Ahmed Iqbal,Female,Finance,Multan,27,85506,ahmedkhanexample.com,2021-03-11
E8053,Ayesha Ahmed,Female,Finance,Multan,44,49596,ayesha.sheikh@example.com,2015-04-14
E8054,Nida Khan,Female,,Islamabad,23,30944,ali.sheikh@example.com,2019-06-19
E8055,Zain Malik,Male,Sales,Multan,52,51539,nida.malik@example.com,2015-04-24
E8056,Zain Qureshi,Female,Marketing,Lahore,49,36578,bilal.qureshi@example.com,2015-10-05
E8057,Fatima Ahmed,Female,,Islamabad,32,67890,sara.hussain@example.com,2022-04-15
E8058,Ahmed Malik,Female,Operations,Karachi,39,40889,ahmed.hussain@example.com,2022-08-29
E8059,Hina Ahmed,Male,Sales,Islamabad,32,74007,sara.malik@example.com,2020-05-24
E8060,Bilal Sheikh,Female,Sales,,23,43813,fatima.iqbal@example.com,2018-03-04
E8061,Ali Qureshi,Male,Marketing,,28,68810,nida.qureshi@example.com,2018-12-25
E8062,Bilal Qureshi,Male,HR,Karachi,31,59785,ayesha.hussain@example.com,2022-09-27
E8063,Ali Qureshi,Female,HR,Karachi,28,89811,sara.raza@example.com,01/02/2021
E8064,Hina Khan,Male,Marketing,Lahore,51,86196,bilal.ahmed@example.com,2016-03-24
E8065,Hina Malik,Male,HR,Lahore,30,56654,bilal.sheikh@example.com,2022-04-03
E8066,  Ahmed Iqbal  ,Male,,Lahore,33,87559,ayesha.qureshi@example.com,2017-02-13
E8067,Bilal Malik,Female,Marketing,,24,30899,bilal.sheikh@example.com,25/09/2017
E8068,Hina Sheikh,Female,HR,Faisalabad,41,49807,nida.iqbal@example.com,2016-09-18
E8069,Sara Iqbal,Female,Marketing,Lahore,36,65561,ahmedahmedexample.com,2019-08-02
E8070,Hina Malik,Male,Marketing,Karachi,38,43993,ahmed.qureshi@example.com,2021-06-22
E8071,Hina Ahmed,Male,Operations,Multan,33,50871,ali.raza@example.com,2020-02-01
E8072,Ali Qureshi,Male,Finance,,33,55453,zain.hussain@example.com,2018-03-31
E8073,Bilal Malik,Male,Marketing,Multan,23,40133,nidahussainexample.com,2022-11-24
E8074,Ali Sheikh,Male,Marketing,,55,32172,zain.ahmed@example.com,2017-03-16
E8075,Bilal Khan,Male,IT,Karachi,30,31709,fatima.malik@example.com,2017-02-09
E8076,Bilal Ahmed,Female,IT,Karachi,41,72475,zain.ahmed@example.com,2019-10-31
E8077,  Hina Khan  ,Female,IT,Multan,27,30359,ayesha.khan@example.com,2019-12-02
E8078,Zain Hussain,Male,Finance,Multan,45,57917,zain.khan@example.com,2017-03-12
E8079,Ayesha Raza,Female,HR,Karachi,51,Rs 74823,zain.khan@example.com,2022-01-17
E8080,Ayesha Sheikh,Male,Sales,,51,,sara.hussain@example.com,2018-12-22
E8081,Ahmed Iqbal,Female,HR,Faisalabad,54,83367,hina.iqbal@example.com,2021-02-28
E8082,Omar Iqbal,Male,IT,Lahore,52,65975,ayesha.hussain@example.com,2015-01-08
E8083,Hina Hussain,Male,HR,Karachi,35,81730,omar.qureshi@example.com,2016-02-15
E8084,Hina Khan,Male,HR,Karachi,40,68432,ahmed.khan@example.com,2018-09-21
E8085,Hina Ahmed,Male,HR,Lahore,29,56304,ali.hussain@example.com,2018-05-30
E8086,Nida Malik,Male,Marketing,Faisalabad,37,34390,nida.hussain@example.com,2020-02-12
E8087,Fatima Sheikh,Female,Finance,Faisalabad,50,61503,nida.sheikh@example.com,2019-07-20
E8088,Ali Malik,Female,,Karachi,31,39307,nida.sheikh@example.com,2021-03-26
E8089,Zain Sheikh,Male,IT,Lahore,35,66281,sara.qureshi@example.com,2019-04-03
E8090,Ali Qureshi,Female,HR,Islamabad,24,30441,ali.raza@example.com,2021-02-01
E8091,Sara Raza,Male,IT,Islamabad,51,32153,ali.qureshi@example.com,2022-06-15
E8092,Bilal Hussain,Female,Operations,Karachi,36,85612,ayesha.qureshi@example.com,2018-07-31
E8093,Ayesha Hussain,Male,Sales,Karachi,42,56285,nida.khan@example.com,2019-06-21
E8094,Ahmed Raza,Male,Marketing,Multan,53,,bilalmalikexample.com,2015-12-20
E8095,Zain Hussain,Female,IT,Faisalabad,28,54612,ahmed.malik@example.com,2020-07-09
E8096,  Sara Khan  ,Female,,Lahore,35,Rs 31713,omar.sheikh@example.com,2020-10-27
E8097,Ahmed Iqbal,Male,,Karachi,46,86333,sara.qureshi@example.com,2021-09-25
E8098,Ahmed Khan,Male,IT,Islamabad,26,44664,nida.sheikh@example.com,2017-08-01
E8099,Sara Khan,Male,Operations,Multan,54,85238,ali.malik@example.com,2021-08-13
E8100,Fatima Malik,Male,HR,Karachi,50,57506,nida.malik@example.com,2020-09-19
E8101,Fatima Iqbal,Female,Operations,Karachi,51,58295,zain.khan@example.com,2021-10-23
E8102,Omar Raza,Female,HR,,38,86466,sara.iqbal@example.com,2015-07-21
E8103,Nida Ahmed,Female,Operations,Karachi,53,61631,bilal.ahmed@example.com,2019-05-04
E8104,Bilal Malik,Female,HR,Faisalabad,54,Rs 39129,zain.sheikh@example.com,2021-01-22
E8105,Fatima Khan,Female,Marketing,Multan,45,41959,zain.sheikh@example.com,12/08/2015
E8106,Zain Qureshi,Male,HR,Islamabad,35,68168,zain.hussain@example.com,2021-11-30
E8107,Ayesha Qureshi,Female,Operations,,45,57977,zain.raza@example.com,2022-10-21
E8108,Nida Iqbal,Male,Sales,Karachi,32,86038,nida.hussain@example.com,2022-10-20
E8109,Ahmed Ahmed,Female,,Islamabad,42,51894,nida.qureshi@example.com,2017-06-13
E8110,Bilal Ahmed,Male,Marketing,Multan,42,Rs 61698,ali.hussain@example.com,2016-04-17
E8111,Ahmed Sheikh,Male,Sales,Islamabad,37,55467,ahmed.khan@example.com,2019-03-29
E8112,Ahmed Qureshi,Female,Marketing,Multan,42,Rs 45476,ali.ahmed@example.com,2018-07-11
E8113,Fatima Malik,Male,Operations,Faisalabad,42,42463,fatima.hussain@example.com,2022-08-13
E8114,Nida Ahmed,Male,,Multan,43,68949,omar.hussain@example.com,2017-11-08
E8115,Hina Malik,Female,Operations,Multan,29,82364,nida.iqbal@example.com,2016-07-19
E8116,Zain Sheikh,Male,Marketing,Faisalabad,42,39069,zain.ahmed@example.com,2021-05-10
E8117,Ali Qureshi,Female,Operations,Lahore,39,61467,zain.raza@example.com,2018-05-29
E8118,Omar Khan,Female,Sales,,28,89018,hinamalikexample.com,2022-01-16
E8119,Zain Iqbal,Female,IT,,40,Rs 66435,hinaqureshiexample.com,2017-02-18
E8120,Fatima Hussain,Male,Operations,Islamabad,37,88671,hina.qureshi@example.com,2015-02-04
E8121,Hina Qureshi,Male,Sales,Faisalabad,48,68361,bilal.malik@example.com,2022-07-16
E8122,Fatima Malik,Male,Marketing,Lahore,25,76412,sara.hussain@example.com,2016-09-18
E8123,Ali Qureshi,Male,,Lahore,40,81714,omar.iqbal@example.com,2020-07-26
E8124,Bilal Qureshi,Female,Sales,Lahore,37,82574,nida.malik@example.com,2019-05-04
E8125,Omar Hussain,Male,Marketing,,53,67182,bilal.qureshi@example.com,2022-02-03
E8126,Hina Raza,Male,IT,Islamabad,30,39018,nida.qureshi@example.com,2019-01-23
E8127,Ali Raza,Male,HR,Faisalabad,40,52950,omar.qureshi@example.com,2020-04-21
E8128,Fatima Hussain,Female,Finance,Faisalabad,37,42946,bilal.hussain@example.com,2018-12-13
E8129,Bilal Khan,Male,,,22,86637,ayesha.raza@example.com,2022-01-08
E8130,Hina Hussain,Male,Operations,Islamabad,54,49337,fatima.iqbal@example.com,2018-10-22
E8131,Zain Ahmed,Female,Finance,,40,71227,nida.raza@example.com,2015-02-03
E8132,  Ayesha Iqbal  ,Female,Marketing,Karachi,47,69522,bilal.hussain@example.com,2019-02-25
E8133,Nida Sheikh,Male,Operations,Faisalabad,24,49913,hina.khan@example.com,2018-10-14
E8134,Omar Iqbal,Male,Marketing,Lahore,49,73314,ali.hussain@example.com,2017-11-19
E8135,Hina Sheikh,Male,,Islamabad,38,35959,omar.hussain@example.com,2016-08-02
E8136,Zain Khan,Female,Operations,Multan,29,37600,ahmed.khan@example.com,2018-08-03
E8137,Omar Hussain,Male,Sales,Islamabad,41,47458,ahmed.ahmed@example.com,2021-12-05
E8138,Hina Iqbal,Female,Operations,Lahore,41,67818,omar.hussain@example.com,2020-08-04
E8139,Ayesha Qureshi,Female,IT,Lahore,31,71754,nida.sheikh@example.com,2016-02-25
E8140,Sara Ahmed,Male,,Islamabad,45,44869,nida.sheikh@example.com,2016-02-19
E8141,Bilal Iqbal,Female,Operations,Islamabad,25,54606,sara.khan@example.com,2015-11-28
E8142,Ayesha Ahmed,Male,Sales,Karachi,46,48987,nida.khan@example.com,2021-08-16
E8143,Sara Iqbal,Male,,,34,49739,hina.hussain@example.com,2019-12-04
E8144,Hina Khan,Male,Marketing,Faisalabad,37,62414,ali.raza@example.com,2016-01-20
E8145,Ali Hussain,Male,IT,,53,52306,ali.qureshi@example.com,2018-12-23
E8146,Bilal Iqbal,Male,HR,,43,61466,fatima.iqbal@example.com,2015-09-13
E8147,Sara Sheikh,Female,,Islamabad,53,43389,ahmed.malik@example.com,2022-12-01
E8148,Fatima Ahmed,Female,HR,Multan,25,34232,nida.khan@example.com,2018-06-11
E8149,Zain Khan,Male,,Faisalabad,28,80550,zain.khan@example.com,2019-02-09
E8150,Ali Sheikh,Female,IT,Lahore,42,71325,omar.qureshi@example.com,2016-09-14
E8151,Nida Iqbal,Female,,Faisalabad,44,85752,nida.malik@example.com,2022-03-15
E8152,Fatima Qureshi,Female,IT,,23,Rs 80037,fatima.ahmed@example.com,2021-02-19
E8153,Zain Khan,Female,Operations,Lahore,55,53852,bilal.malik@example.com,2016-10-04
E8154,Fatima Iqbal,Female,IT,Multan,22,41150,nida.ahmed@example.com,2015-12-25
E8155,Hina Qureshi,Female,IT,Multan,49,33546,omar.iqbal@example.com,2021-11-23
E8156,Fatima Ahmed,Male,,Faisalabad,34,82244,ayesha.ahmed@example.com,2016-07-26
E8157,Omar Malik,Male,Operations,,43,Rs 77597,omar.iqbal@example.com,2019-11-07
E8158,Ali Raza,Male,Finance,Islamabad,55,46272,ali.hussain@example.com,2015-03-27
E8159,Bilal Hussain,Male,Operations,Faisalabad,40,46928,omar.iqbal@example.com,22/12/2015
E8160,Ayesha Qureshi,Male,,,43,71153,bilal.khan@example.com,2015-07-29
E8161,Omar Sheikh,Male,Marketing,Lahore,39,87327,ayesha.khan@example.com,2019-01-15
E8162,Sara Sheikh,Male,IT,Islamabad,44,68196,sara.khan@example.com,2016-10-05
E8163,Ayesha Sheikh,Female,Sales,Faisalabad,22,67247,zain.khan@example.com,2019-06-06
E8164,Ayesha Qureshi,Female,IT,Faisalabad,42,68454,bilal.qureshi@example.com,2015-06-23
E8165,Ahmed Qureshi,Female,Operations,Lahore,33,47128,ahmed.hussain@example.com,2015-02-06
E8166,Hina Iqbal,Female,,Islamabad,46,36948,alirazaexample.com,2019-02-28
E8167,Hina Malik,Male,Marketing,,44,62250,zain.qureshi@example.com,2016-04-19
E8168,Ali Hussain,Female,Sales,,37,82124,omar.malik@example.com,30/04/2015
E8169,Bilal Ahmed,Male,Finance,Lahore,52,35582,ayesha.raza@example.com,2017-08-25
E8170,Zain Iqbal,Male,Finance,Islamabad,24,77695,omar.malik@example.com,2016-12-22
E8171,Sara Khan,Male,,Islamabad,38,Rs 66870,nidakhanexample.com,2020-11-22
E8172,Ahmed Iqbal,Male,HR,Multan,52,84827,hina.malik@example.com,2021-03-02
E8173,Ali Raza,Female,IT,Multan,48,35529,hina.qureshi@example.com,2019-10-30
E8174,  Ayesha Sheikh  ,Male,HR,Lahore,54,82667,bilal.khan@example.com,09/09/2021
E8175,Ayesha Iqbal,Female,Sales,Faisalabad,25,81882,ahmed.raza@example.com,18/11/2022
E8176,Nida Khan,Female,Sales,,44,57390,nida.khan@example.com,2022-02-05
E8177,Zain Sheikh,Female,,Faisalabad,47,45531,bilal.khan@example.com,2015-09-22
E8178,Zain Qureshi,Female,Finance,Islamabad,37,35212,fatima.malik@example.com,2019-10-08
E8179,Ali Iqbal,Male,Finance,Islamabad,42,42467,nida.malik@example.com,2017-01-11
E8180,Ahmed Qureshi,Male,Sales,Lahore,25,76735,hina.iqbal@example.com,2020-01-26
E8181,Ali Raza,Female,Finance,Multan,44,55740,sara.malik@example.com,2015-07-15
E8182,Ahmed Iqbal,Female,HR,Lahore,28,42586,ali.raza@example.com,2017-02-05
E8183,Hina Khan,Male,Sales,Lahore,55,Rs 32538,ali.khan@example.com,2022-05-02
E8184,Ali Khan,Female,IT,Lahore,37,52765,omar.qureshi@example.com,2017-09-06
E8185,Sara Raza,Female,,Multan,39,39949,sara.ahmed@example.com,2021-06-10
E8186,Hina Sheikh,Female,IT,Islamabad,41,30284,ali.malik@example.com,2015-09-16
E8187,Zain Iqbal,Female,Finance,Multan,23,Rs 82479,hina.iqbal@example.com,2018-05-21
E8188,Ahmed Qureshi,Male,HR,Karachi,33,89799,sara.malik@example.com,2018-09-24
E8189,Zain Qureshi,Male,,Multan,51,68198,nida.qureshi@example.com,2016-04-21
E8190,Sara Khan,Female,Marketing,Multan,45,73469,ahmed.raza@example.com,2019-12-11
E8191,Nida Khan,Female,,Multan,45,88512,nida.khan@example.com,2020-06-26
E8192,Fatima Hussain,Female,HR,Faisalabad,38,66166,omar.khan@example.com,2022-05-09
E8193,Fatima Ahmed,Female,HR,Faisalabad,53,47440,zain.sheikh@example.com,2021-08-13
E8194,Nida Raza,Female,HR,Islamabad,25,75427,omar.sheikh@example.com,2021-08-26
E8195,Sara Sheikh,Female,Finance,Islamabad,29,80665,ahmed.hussain@example.com,2019-05-09
E8196,Ayesha Qureshi,Male,Marketing,Islamabad,39,31779,ahmed.khan@example.com,2015-09-30
E8197,Ahmed Sheikh,Female,,,33,66343,omar.sheikh@example.com,2020-03-29
E8198,Ahmed Iqbal,Female,Marketing,Islamabad,43,44271,zain.khan@example.com,2015-05-20
E8199,Ali Hussain,Male,Sales,Karachi,23,43121,hina.khan@example.com,2021-03-17
E8200,Nida Iqbal,Female,Sales,,37,57090,bilal.hussain@example.com,2016-10-22
E8201,Omar Iqbal,Female,Sales,,34,68505,ali.malik@example.com,2021-09-06
E8202,Fatima Sheikh,Male,Marketing,Multan,49,41794,bilal.khan@example.com,2019-07-27
E8203,Ayesha Hussain,Female,Sales,Karachi,37,Rs 51436,ahmed.sheikh@example.com,2020-03-05
E8204,Sara Qureshi,Female,Finance,Multan,46,40675,fatima.khan@example.com,2017-07-26
E8205,  Nida Ahmed  ,Female,,Multan,36,30491,fatima.hussain@example.com,2019-07-16
E8206,Ali Iqbal,Female,Operations,Multan,41,57632,fatima.khan@example.com,2021-10-11
E8207,Ali Iqbal,Male,,Multan,24,88347,ali.malik@example.com,11/08/2021
E8208,Fatima Iqbal,Female,IT,Islamabad,31,75727,fatima.ahmed@example.com,2017-09-23
E8209,  Ali Sheikh  ,Male,Marketing,Faisalabad,28,69604,zain.khan@example.com,2022-05-19
E8210,Ali Malik,Female,,Faisalabad,29,70949,zain.qureshi@example.com,2017-11-12
E8211,Ayesha Khan,Male,Sales,Islamabad,23,82457,nida.hussain@example.com,2020-11-17
E8212,Ahmed Ahmed,Male,,Faisalabad,39,65710,omar.hussain@example.com,2017-10-25
E8213,Zain Raza,Female,Operations,Faisalabad,44,34721,sara.qureshi@example.com,2017-06-16
E8214,Zain Hussain,Male,HR,Lahore,41,64299,ayesha.sheikh@example.com,2019-01-23
E8215,Ali Raza,Male,Marketing,Karachi,55,68761,zain.ahmed@example.com,2017-02-20
E8216,Ayesha Ahmed,Male,Finance,,24,37420,ahmed.qureshi@example.com,05/04/2015
E8217,Sara Raza,Female,IT,Karachi,40,54858,sara.khan@example.com,2017-08-27
E8218,Ayesha Raza,Female,Finance,Islamabad,46,Rs 41884,nida.raza@example.com,2016-05-12
E8219,Ali Sheikh,Female,Sales,Islamabad,23,72137,fatima.raza@example.com,2019-08-20
E8220,Fatima Ahmed,Male,HR,Karachi,47,78367,zain.malik@example.com,2020-06-09
E8221,Ali Malik,Male,HR,Karachi,45,30774,sara.raza@example.com,2017-08-07
E8222,Sara Ahmed,Female,Marketing,Faisalabad,34,63026,sara.raza@example.com,2015-04-28
E8223,Ali Raza,Male,,Lahore,41,83436,zain.sheikh@example.com,2020-07-14
E8224,Nida Hussain,Female,,Multan,35,84101,bilal.ahmed@example.com,2015-06-03
E8225,Sara Raza,Female,Finance,Karachi,23,,fatima.malik@example.com,2021-01-14
E8226,Sara Raza,Female,,Karachi,49,86822,ali.iqbal@example.com,2017-08-19
E8227,Zain Raza,Female,Operations,Multan,48,35358,hina.qureshi@example.com,2017-06-19
E8228,Ayesha Iqbal,Female,Finance,Multan,49,42940,ahmed.khan@example.com,2016-10-25
E8229,Bilal Khan,Female,HR,Islamabad,34,40468,nida.raza@example.com,2018-08-02
E8230,Bilal Raza,Male,Finance,Faisalabad,41,30280,ayesha.malik@example.com,2015-12-22
E8231,Zain Hussain,Female,,Islamabad,29,62894,sara.hussain@example.com,2022-03-20
E8232,Nida Khan,Male,,Faisalabad,48,82015,sara.raza@example.com,28/05/2018
E8233,Fatima Iqbal,Female,Sales,,46,73448,omar.hussain@example.com,2019-05-25
E8234,Nida Sheikh,Male,IT,Lahore,25,,ahmed.malik@example.com,2020-08-27
E8235,Ahmed Sheikh,Male,Finance,Faisalabad,45,60465,nida.khan@example.com,2017-10-08
E8236,Hina Iqbal,Male,HR,,42,84684,bilal.qureshi@example.com,2017-01-10
E8237,Hina Qureshi,Male,Marketing,Multan,53,Rs 78183,hina.qureshi@example.com,2021-04-16
E8238,Fatima Hussain,Male,,Lahore,50,42464,hina.qureshi@example.com,2015-05-03
E8239,Ali Iqbal,Female,Finance,Islamabad,34,59977,omar.sheikh@example.com,2022-11-18
E8240,Zain Malik,Female,Marketing,Multan,24,33883,omar.khan@example.com,2019-08-10
E8241,Hina Ahmed,Female,Finance,Karachi,38,59071,alimalikexample.com,2021-11-19
E8242,Ahmed Sheikh,Male,Operations,Faisalabad,44,69673,ali.ahmed@example.com,2021-05-22
E8243,Hina Malik,Male,Finance,Faisalabad,43,37134,fatima.khan@example.com,2020-09-18
E8244,Ahmed Qureshi,Female,,Karachi,40,70190,ahmed.ahmed@example.com,2022-04-12
E8245,Omar Sheikh,Female,HR,Multan,34,42055,sara.sheikh@example.com,2022-11-11
E8246,Zain Qureshi,Female,IT,Karachi,48,88469,hina.iqbal@example.com,2020-12-25
E8247,Bilal Iqbal,Male,,,33,60465,ali.raza@example.com,2015-08-17
E8248,Ahmed Sheikh,Male,HR,Islamabad,36,87040,zain.qureshi@example.com,2016-01-08
E8249,Nida Iqbal,Female,,Faisalabad,34,84796,bilal.khan@example.com,2022-11-17
E8250,  Sara Khan  ,Female,Operations,Lahore,27,66892,ali.hussain@example.com,2018-12-24
E8251,Nida Sheikh,Female,Sales,,35,56295,zain.ahmed@example.com,2016-01-09
E8252,Bilal Hussain,Male,IT,Islamabad,26,39640,ayesha.iqbal@example.com,2017-11-01
E8253,Ayesha Hussain,Male,,Karachi,31,53625,ayesha.khan@example.com,2018-02-17
E8254,Ayesha Malik,Male,,Karachi,26,48569,ayeshakhanexample.com,2018-07-08
E8255,Sara Ahmed,Male,Operations,Lahore,24,83583,nida.khan@example.com,2020-07-10
E8256,Fatima Malik,Male,Operations,,29,46595,zain.iqbal@example.com,2017-06-10
E8257,Ayesha Malik,Female,HR,Islamabad,29,73204,bilal.khan@example.com,2018-07-02
E8258,Ahmed Hussain,Female,IT,Lahore,24,Rs 70904,nida.qureshi@example.com,2019-02-03
E8259,Ali Qureshi,Male,Operations,,35,83925,zain.sheikh@example.com,2020-04-22
E8260,Nida Qureshi,Female,IT,Karachi,53,62666,fatima.raza@example.com,2019-05-17
E8261,Zain Qureshi,Female,Operations,Lahore,52,57082,omar.malik@example.com,2017-07-03
E8262,Ayesha Ahmed,Female,Marketing,,34,55243,bilal.hussain@example.com,2022-01-03
E8263,Zain Sheikh,Male,Operations,Karachi,23,38972,hina.khan@example.com,2020-06-05
E8264,Ahmed Raza,Female,HR,Islamabad,24,65490,fatima.qureshi@example.com,2021-09-25
E8265,Zain Ahmed,Male,HR,Multan,50,38325,zain.ahmed@example.com,2018-08-17
E8266,Bilal Malik,Female,Finance,Lahore,53,57521,hina.hussain@example.com,2021-09-01
E8267,Ali Hussain,Female,,Lahore,55,Rs 41116,ahmed.iqbal@example.com,2017-01-07
E8268,  Hina Qureshi  ,Female,Sales,Multan,28,69481,fatima.raza@example.com,2022-11-30
E8269,Hina Iqbal,Male,IT,Lahore,47,Rs 66438,hina.raza@example.com,2022-06-26
E8270,Sara Raza,Female,HR,Karachi,50,84218,zain.sheikh@example.com,2016-02-29
E8271,Ayesha Iqbal,Male,Sales,Multan,22,61984,omarmalikexample.com,2015-11-23
E8272,Fatima Khan,Male,Sales,Faisalabad,48,85746,nida.ahmed@example.com,2017-06-15
E8273,Hina Hussain,Male,Operations,Islamabad,46,56943,sararazaexample.com,2021-08-21
E8274,Zain Khan,Male,Finance,Multan,49,41418,sara.malik@example.com,2019-09-21
E8275,Fatima Ahmed,Female,HR,Karachi,54,45096,nida.raza@example.com,2016-05-13
E8276,Bilal Raza,Male,Marketing,Islamabad,54,80220,ahmed.qureshi@example.com,2019-09-14
E8277,Bilal Sheikh,Female,Sales,Islamabad,41,57909,nida.sheikh@example.com,2015-10-30
E8278,Fatima Iqbal,Male,Operations,Multan,34,62123,hina.malik@example.com,2021-09-22
E8279,Hina Sheikh,Female,,Faisalabad,34,72555,zain.qureshi@example.com,2017-04-14
E8280,Ayesha Khan,Male,,Karachi,27,64735,nida.raza@example.com,2019-05-30
E8281,Zain Iqbal,Female,Marketing,Multan,49,33393,ayesha.raza@example.com,2015-10-11
E8282,Nida Sheikh,Male,Marketing,Karachi,42,76385,omar.ahmed@example.com,2020-09-19
E8283,Sara Ahmed,Female,Finance,,24,55583,nida.hussain@example.com,2022-02-02
E8284,Ahmed Iqbal,Female,HR,Karachi,35,58089,ayesha.raza@example.com,2017-05-13
E8285,Ayesha Sheikh,Female,HR,Karachi,36,38164,hina.iqbal@example.com,2021-12-08
E8286,Fatima Khan,Female,Finance,Faisalabad,26,43068,ahmed.hussain@example.com,25/06/2018
E8287,Bilal Sheikh,Female,Marketing,,33,58738,zain.hussain@example.com,2016-05-08
E8288,Omar Sheikh,Male,HR,Lahore,53,39050,omar.hussain@example.com,03/12/2017
E8289,Zain Qureshi,Male,Operations,Multan,30,70938,saraqureshiexample.com,09/04/2017
E8290,Omar Raza,Female,Marketing,Multan,40,55099,hina.ahmed@example.com,2015-08-31
E8291,Zain Sheikh,Male,IT,Lahore,24,80690,ahmedahmedexample.com,2015-01-13
E8292,Ahmed Sheikh,Male,HR,Faisalabad,28,Rs 82600,sarasheikhexample.com,2019-06-05
E8293,Sara Hussain,Female,HR,,39,31260,omar.ahmed@example.com,2015-04-23
E8294,Nida Sheikh,Female,IT,Multan,25,79160,ali.sheikh@example.com,2017-08-21
E8295,Ali Iqbal,Female,IT,Faisalabad,45,39039,hina.iqbal@example.com,2022-01-28
E8296,Hina Khan,Female,HR,Karachi,41,34612,zain.malik@example.com,10/09/2021
E8297,Omar Khan,Male,,Karachi,34,50487,ahmed.qureshi@example.com,2021-02-05
E8298,Fatima Khan,Female,Operations,Islamabad,36,67911,nida.khan@example.com,2020-12-30
E8299,Fatima Iqbal,Male,,Faisalabad,39,38548,bilal.raza@example.com,2018-07-11
E8300,Ahmed Qureshi,Male,Marketing,Faisalabad,46,33132,nida.khan@example.com,2017-05-03
E8301,Ali Khan,Male,Marketing,Islamabad,55,37902,hina.iqbal@example.com,2017-08-11
E8302,  Nida Malik  ,Male,Marketing,,55,33967,ayeshaqureshiexample.com,2019-11-21
E8303,Ahmed Raza,Male,Finance,Faisalabad,38,83517,omar.sheikh@example.com,2019-12-15
E8304,Sara Sheikh,Female,Sales,Islamabad,52,58787,nida.qureshi@example.com,10/10/2016
E8305,Zain Qureshi,Male,Finance,,37,46837,ahmed.iqbal@example.com,2019-12-14
E8306,Nida Raza,Male,HR,Karachi,54,60524,ahmed.khan@example.com,2017-05-02
E8307,Ali Khan,Male,Sales,Lahore,40,73669,ahmed.hussain@example.com,2017-01-11
E8890,Ali Sheikh,Male,Finance,Karachi,37,32879,ali.ahmed@example.com,2021-08-10
E8309,Ali Ahmed,Male,Marketing,,42,36734,zain.sheikh@example.com,2022-08-26
E8310,Omar Malik,Female,Marketing,,35,86773,bilal.sheikh@example.com,2015-02-23
E8311,Omar Khan,Male,Finance,Islamabad,53,73335,ahmed.ahmed@example.com,2017-06-10
E8312,Omar Sheikh,Female,,,33,36943,zain.malik@example.com,2021-04-15
E8313,  Sara Ahmed  ,Male,Operations,,45,58139,sara.malik@example.com,2015-05-17
E8314,Nida Ahmed,Female,Marketing,,55,78472,zain.qureshi@example.com,2020-10-30
E8315,Ayesha Raza,Male,HR,Multan,22,31944,fatima.khan@example.com,2016-04-29
E8316,Ahmed Qureshi,Female,HR,Islamabad,27,67755,fatima.iqbal@example.com,2021-12-14
E8317,Ayesha Raza,Female,HR,Lahore,43,69431,ahmed.qureshi@example.com,2017-07-15
E8318,Sara Raza,Female,Marketing,Faisalabad,36,78507,ali.hussain@example.com,2017-02-10
E8319,Ahmed Khan,Female,,Multan,45,68630,fatima.hussain@example.com,2020-02-22
E8320,Nida Hussain,Female,HR,Islamabad,55,84605,ahmed.hussain@example.com,2018-11-15
E8321,Ahmed Iqbal,Male,Marketing,Multan,40,64361,ayesha.khan@example.com,2016-12-06
E8322,Sara Malik,Male,IT,Islamabad,48,41497,ayesha.khan@example.com,2017-03-11
E8323,Zain Hussain,Female,Marketing,Lahore,31,88920,fatima.iqbal@example.com,2021-02-08
E8324,Sara Qureshi,Male,IT,Multan,23,,ayesha.iqbal@example.com,2015-10-06
E8325,Hina Iqbal,Male,Operations,Karachi,24,50370,hina.qureshi@example.com,2018-12-20
E8326,Hina Iqbal,Female,Marketing,Faisalabad,35,85648,ayesha.khan@example.com,2019-03-21
E8327,Ali Iqbal,Male,Sales,Multan,33,74230,hina.khan@example.com,2019-12-04
E8328,Sara Hussain,Male,Marketing,Karachi,36,78315,bilal.ahmed@example.com,2022-01-04
E8329,Ayesha Khan,Male,Operations,Faisalabad,24,36091,bilal.sheikh@example.com,2018-10-06
E8330,Omar Malik,Female,,,32,32522,ayesha.raza@example.com,2015-09-16
E8331,Fatima Malik,Female,Sales,Multan,22,86143,ahmed.iqbal@example.com,2019-01-16
E8332,Hina Khan,Male,HR,Lahore,29,76246,ahmed.khan@example.com,2019-03-03
E8333,Hina Raza,Male,Sales,,30,52791,sara.sheikh@example.com,2020-08-13
E8334,Ayesha Khan,Male,Marketing,Multan,46,63695,ahmed.qureshi@example.com,2022-07-19
E8335,Zain Raza,Male,Finance,Islamabad,47,39394,omar.iqbal@example.com,2018-02-21
E8336,Zain Hussain,Male,Sales,Multan,25,30173,ahmed.iqbal@example.com,2021-11-04
E8337,Hina Sheikh,Female,,Islamabad,29,44334,ayesharazaexample.com,2017-02-20
E8338,Fatima Iqbal,Female,IT,Multan,53,43338,nida.qureshi@example.com,2019-01-10
E8339,Sara Iqbal,Male,,Multan,36,65584,ahmed.hussain@example.com,2022-06-17
E8340,Hina Khan,Female,Sales,Faisalabad,54,65756,zain.khan@example.com,2021-12-22
E8341,Zain Ahmed,Female,Marketing,Faisalabad,44,47793,hina.raza@example.com,2020-04-25
E8342,Omar Sheikh,Male,IT,Lahore,42,55349,ahmed.sheikh@example.com,2022-03-15
E8343,Nida Khan,Female,IT,Multan,45,77156,omar.malik@example.com,2020-03-22
E8344,Hina Sheikh,Female,Sales,Lahore,45,58448,omar.raza@example.com,2020-03-04
E8345,Omar Hussain,Female,Finance,Faisalabad,44,38228,sara.raza@example.com,2015-11-20
E8346,Ali Khan,Female,Operations,Karachi,25,67625,zain.raza@example.com,2021-07-07
E8347,Sara Ahmed,Female,Marketing,,44,80916,hina.qureshi@example.com,2021-10-12
E8348,Fatima Qureshi,Male,Sales,Islamabad,28,55313,nida.ahmed@example.com,2021-10-11
E8349,Zain Sheikh,Female,Finance,Islamabad,27,60667,ayesha.iqbal@example.com,2022-10-17
E8350,Zain Raza,Female,Sales,Karachi,51,62201,ali.ahmed@example.com,2015-11-07
E8351,Nida Khan,Male,Finance,Islamabad,46,74493,zain.malik@example.com,2021-06-12
E8352,Ali Raza,Male,Sales,Lahore,27,61809,ayesha.raza@example.com,2019-09-10
E8353,Ahmed Hussain,Male,Marketing,Lahore,41,38141,ahmed.malik@example.com,2022-10-11
E8354,Ali Hussain,Male,Marketing,Faisalabad,32,59671,omar.sheikh@example.com,2020-10-20
E8355,Omar Malik,Female,Marketing,Lahore,46,66931,nida.sheikh@example.com,2015-01-15
E8356,Hina Hussain,Male,IT,Faisalabad,48,56401,zain.sheikh@example.com,2017-01-24
E8357,Hina Khan,Female,IT,Islamabad,30,65295,bilal.qureshi@example.com,2018-08-06
E8358,Omar Malik,Male,,Islamabad,40,40563,nida.qureshi@example.com,2017-04-26
E8359,Hina Ahmed,Female,IT,Islamabad,41,59164,ahmedmalikexample.com,2016-05-04
E8360,Zain Iqbal,Female,Operations,Islamabad,36,53024,sara.sheikh@example.com,2022-09-20
E8361,Ayesha Iqbal,Female,Operations,Lahore,48,44679,ali.qureshi@example.com,2015-04-02
E8362,Omar Malik,Female,Marketing,Faisalabad,53,74568,bilal.hussain@example.com,2022-07-05
E8363,Zain Malik,Male,Operations,,52,84677,nida.qureshi@example.com,2022-09-11
E8364,Bilal Khan,Female,Marketing,Karachi,22,84357,ali.sheikh@example.com,2019-06-04
E8365,Ayesha Qureshi,Female,,Islamabad,38,30053,zain.ahmed@example.com,2019-01-23
E8366,  Ayesha Malik  ,Female,,Lahore,27,56615,nida.malik@example.com,2020-01-10
E8367,Bilal Hussain,Male,Finance,Islamabad,27,39194,nida.raza@example.com,2018-06-19
E8368,  Hina Iqbal  ,Male,Operations,Karachi,23,76583,nida.qureshi@example.com,2018-12-14
E8369,Sara Ahmed,Male,,Faisalabad,54,55345,zain.iqbal@example.com,2019-01-03
E8370,Omar Khan,Male,IT,Multan,24,75988,ayesha.qureshi@example.com,2022-12-27
E8371,Ali Raza,Male,Sales,Karachi,25,40572,bilal.qureshi@example.com,2019-05-16
E8372,Hina Hussain,Female,HR,Islamabad,33,63929,nida.khan@example.com,2022-07-06
E8373,Nida Raza,Female,Marketing,Faisalabad,47,79842,ahmed.sheikh@example.com,2018-04-27
E8374,Omar Qureshi,Male,Operations,Islamabad,39,Rs 88621,zain.khan@example.com,2016-12-28
E8375,Sara Khan,Female,Marketing,Lahore,28,35428,omar.ahmed@example.com,2017-03-31
E8376,Hina Malik,Female,HR,Lahore,34,84271,omar.raza@example.com,2021-11-30
E8377,Ayesha Sheikh,Female,Finance,Multan,42,85687,ali.malik@example.com,2019-01-10
E8378,Omar Iqbal,Male,Operations,Lahore,52,73586,nida.iqbal@example.com,2015-04-06
E8379,Hina Hussain,Female,Finance,,38,47279,ayesha.hussain@example.com,2020-04-17
E8380,Nida Khan,Male,Operations,Multan,55,48947,omar.qureshi@example.com,2021-04-25
E8381,Hina Iqbal,Male,Operations,Lahore,44,85316,omarahmedexample.com,2020-12-22
E8382,Bilal Ahmed,Female,Finance,,47,86568,ahmed.iqbal@example.com,2021-08-13
E8383,Ali Iqbal,Male,Operations,,39,62039,omar.malik@example.com,2016-05-24
E8384,Sara Iqbal,Male,Marketing,Multan,30,64359,zain.malik@example.com,2017-09-08
E8385,Ayesha Qureshi,Male,Operations,Islamabad,45,44041,ahmed.raza@example.com,2016-10-07
E8386,Ali Ahmed,Female,,Faisalabad,31,68781,ali.sheikh@example.com,2017-02-13
E8387,Fatima Khan,Female,HR,Lahore,53,64852,ahmed.qureshi@example.com,2020-12-13
E8388,Zain Sheikh,Male,HR,Islamabad,43,62456,ali.hussain@example.com,2019-10-12
E8389,Ahmed Qureshi,Male,Sales,Islamabad,35,42874,ahmed.ahmed@example.com,2020-10-29
E8390,Bilal Iqbal,Female,Operations,Islamabad,27,75449,ali.ahmed@example.com,2022-06-25
E8391,Ahmed Iqbal,Male,Operations,Karachi,50,43873,hina.hussain@example.com,2020-05-08
E8392,Hina Khan,Female,HR,Karachi,53,52050,zain.ahmed@example.com,2016-05-12
E8393,Sara Sheikh,Male,IT,Multan,26,54062,ali.iqbal@example.com,2018-06-18
E8394,Ahmed Iqbal,Male,Sales,,22,60593,nida.malik@example.com,2020-09-11
E8395,Nida Khan,Male,Operations,Islamabad,45,75057,bilal.khan@example.com,2016-07-17
E8396,Nida Sheikh,Male,Operations,Karachi,36,59042,ayesha.ahmed@example.com,2019-11-25
E8397,Bilal Malik,Female,HR,Lahore,50,78400,zain.khan@example.com,2018-04-17
E8398,Nida Sheikh,Female,Operations,Lahore,33,42693,hina.qureshi@example.com,2020-03-29
E8399,Bilal Sheikh,Male,Marketing,Islamabad,44,64881,nida.khan@example.com,2022-12-17
E8400,Fatima Raza,Female,,Multan,48,35052,fatima.hussain@example.com,2019-06-08
E8401,Sara Qureshi,Female,Operations,Faisalabad,44,52969,ali.malik@example.com,2020-05-02
E8402,Ali Iqbal,Female,,Lahore,46,78850,nida.sheikh@example.com,2016-04-20
E8403,Zain Hussain,Male,HR,Islamabad,36,59474,ali.ahmed@example.com,2021-02-01
E8404,Nida Hussain,Male,Sales,Multan,35,37816,bilal.qureshi@example.com,2015-08-17
E8405,Sara Raza,Female,Operations,,53,73432,sara.raza@example.com,2018-10-02
E8406,Ahmed Raza,Male,,Lahore,34,83308,fatima.iqbal@example.com,2017-05-27
E8407,Zain Khan,Female,HR,Multan,38,83606,fatima.hussain@example.com,18/09/2016
E8408,Fatima Iqbal,Male,IT,,34,63644,bilal.hussain@example.com,2020-11-24
E8409,Omar Sheikh,Male,IT,Islamabad,41,76153,fatima.ahmed@example.com,2015-05-16
E8410,Fatima Qureshi,Male,Marketing,Lahore,26,44120,zain.malik@example.com,2015-01-10
E8411,Fatima Hussain,Male,Operations,Islamabad,25,76715,ayesha.iqbal@example.com,2022-04-26
E8412,Bilal Sheikh,Male,Operations,Multan,23,47046,zain.hussain@example.com,2019-08-21
E8413,Zain Raza,Male,Operations,Karachi,23,89089,fatima.sheikh@example.com,2015-02-21
E8414,Bilal Hussain,Female,Operations,Karachi,23,63540,sara.khan@example.com,2015-10-31
E8415,Sara Khan,Female,Finance,Multan,32,81104,omar.malik@example.com,2016-12-01
E8416,Ahmed Qureshi,Male,Finance,Multan,38,Rs 34675,ahmed.ahmed@example.com,2020-07-11
E8417,Ahmed Iqbal,Female,Finance,Faisalabad,33,37827,ayesha.qureshi@example.com,2018-11-27
E8418,Ali Iqbal,Female,HR,Islamabad,23,84928,hina.raza@example.com,2020-06-07
E8419,Zain Raza,Male,Operations,Lahore,26,63405,ali.sheikh@example.com,2016-11-12
E8420,Fatima Khan,Male,Sales,,30,44459,omarhussainexample.com,2018-01-21
E8421,Zain Sheikh,Female,Marketing,Faisalabad,50,59433,omar.ahmed@example.com,2020-12-11
E8422,Bilal Malik,Female,Marketing,Lahore,51,46630,fatima.khan@example.com,2016-05-11
E8423,Sara Qureshi,Female,Finance,Karachi,46,61821,bilal.ahmed@example.com,28/10/2015
E8424,Ahmed Qureshi,Female,Sales,Islamabad,23,58057,hina.sheikh@example.com,2021-06-21
E8425,Nida Sheikh,Male,Operations,Lahore,46,55041,alikhanexample.com,2017-07-29
E8426,Zain Khan,Female,IT,,47,49905,ayesha.raza@example.com,2022-02-10
E8427,  Ali Raza  ,Male,Marketing,Multan,30,62004,zain.malik@example.com,2017-06-19
E8428,Bilal Khan,Female,HR,Faisalabad,45,63506,ayesha.raza@example.com,2019-11-24
E8429,Ahmed Qureshi,Female,Operations,Lahore,45,44596,fatima.ahmed@example.com,2016-02-16
E8430,Ayesha Sheikh,Female,HR,Lahore,52,Rs 58106,fatima.ahmed@example.com,2016-04-15
E8431,Omar Sheikh,Male,Sales,Faisalabad,52,71484,zain.sheikh@example.com,2021-04-02
E8432,Zain Hussain,Male,Operations,Lahore,40,56876,sara.raza@example.com,2016-04-18
E8433,Fatima Khan,Female,Operations,Multan,41,84478,sara.raza@example.com,2018-11-06
E8434,Ali Qureshi,Male,IT,Lahore,29,79885,ali.hussain@example.com,2021-09-08
E8435,Bilal Ahmed,Male,Operations,Faisalabad,28,81079,nida.raza@example.com,2018-01-01
E8436,Ayesha Qureshi,Male,Sales,Islamabad,30,53343,hina.ahmed@example.com,2020-09-04
E8437,Ahmed Malik,Female,Operations,Multan,54,65619,bilal.hussain@example.com,2019-02-11
E8438,Ali Iqbal,Female,Operations,,41,69109,hina.iqbal@example.com,2018-03-01
E8439,Ahmed Iqbal,Male,Operations,Lahore,54,73851,ahmed.ahmed@example.com,2019-05-29
E8440,Ayesha Qureshi,Male,,,40,36162,hina.iqbal@example.com,2016-06-22
E8441,Ayesha Khan,Female,Finance,Islamabad,33,61193,ahmed.malik@example.com,2017-01-25
E8442,Bilal Sheikh,Female,Finance,Islamabad,27,63758,hina.malik@example.com,2019-03-23
E8443,Sara Malik,Male,,Lahore,52,87693,ahmed.sheikh@example.com,2022-03-18
E8444,Ayesha Iqbal,Male,,Islamabad,33,70517,bilal.qureshi@example.com,2017-12-18
E8445,Zain Hussain,Male,IT,Faisalabad,53,39714,nida.hussain@example.com,2020-10-10
E8446,Fatima Iqbal,Female,,Islamabad,38,52804,fatima.ahmed@example.com,2022-08-18
E8447,Ayesha Hussain,Male,Sales,Lahore,31,60768,zain.malik@example.com,2019-10-22
E8448,Bilal Qureshi,Female,HR,Islamabad,26,85821,ayesha.hussain@example.com,2021-11-17
E8449,  Ahmed Sheikh  ,Female,Marketing,Faisalabad,38,45534,ayesha.sheikh@example.com,2020-08-06
E8450,Zain Sheikh,Male,Finance,,25,75665,ali.qureshi@example.com,2016-09-04
E8451,Fatima Raza,Male,,,40,63399,fatima.hussain@example.com,2020-01-11
E8452,Ali Malik,Female,Operations,Islamabad,52,53962,ayesha.iqbal@example.com,2017-06-04
E8453,Ayesha Raza,Female,,Islamabad,27,88478,sara.hussain@example.com,2015-05-07
E8454,Sara Khan,Female,IT,Faisalabad,34,48921,ahmed.ahmed@example.com,2021-10-16
E8455,Zain Qureshi,Male,Operations,Karachi,49,62840,bilal.hussain@example.com,2018-10-01
E8456,Ali Raza,Male,,Faisalabad,52,73556,zain.ahmed@example.com,2016-02-14
E8457,Hina Khan,Female,HR,Multan,29,70540,ali.khan@example.com,2015-09-23
E8458,Zain Raza,Male,Marketing,Karachi,49,65074,sara.ahmed@example.com,2019-02-27
E8459,  Ayesha Hussain  ,Female,Finance,Multan,26,43244,ali.khan@example.com,2015-03-29
E8460,Fatima Raza,Female,IT,Faisalabad,48,73936,sara.raza@example.com,2018-03-28
E8461,Omar Hussain,Male,Operations,Lahore,55,57141,bilal.qureshi@example.com,2022-12-07
E8462,Ahmed Qureshi,Male,,Multan,40,30238,ali.khan@example.com,2018-12-04
E8463,Zain Khan,Female,IT,Karachi,54,81477,nida.khan@example.com,2018-10-17
E8464,Omar Hussain,Female,HR,Faisalabad,26,57236,sara.malik@example.com,2021-01-27
E8465,Bilal Sheikh,Female,Sales,Multan,31,49155,bilal.ahmed@example.com,2021-11-21
E8466,Nida Qureshi,Female,Operations,Multan,46,52864,ali.hussain@example.com,2019-03-20
E8467,Sara Ahmed,Female,Operations,,37,,ali.ahmed@example.com,2022-08-29
E8468,Omar Iqbal,Female,Operations,Lahore,55,60248,omar.malik@example.com,20/10/2022
E8469,Sara Sheikh,Male,Marketing,Faisalabad,30,53145,zain.malik@example.com,2019-12-28
E8470,Ali Iqbal,Male,Marketing,Lahore,50,78078,ahmed.ahmed@example.com,2017-08-04
E8471,Hina Iqbal,Male,HR,Faisalabad,41,77680,zain.iqbal@example.com,2016-07-31
E8472,Ahmed Sheikh,Female,Operations,Islamabad,27,52133,hina.raza@example.com,2015-10-29
E8473,Zain Qureshi,Female,,Karachi,41,85209,sara.qureshi@example.com,2020-02-27
E8474,Ayesha Sheikh,Male,,Faisalabad,44,69386,fatima.khan@example.com,2018-06-27
E8475,Zain Sheikh,Male,Finance,Faisalabad,44,73312,nida.qureshi@example.com,2015-08-04
E8476,Omar Sheikh,Female,HR,Lahore,22,Rs 66636,ahmed.khan@example.com,06/05/2017
E8477,  Omar Sheikh  ,Male,IT,Multan,51,35313,bilal.raza@example.com,2017-05-08
E8478,Omar Iqbal,Male,IT,Faisalabad,37,87702,ayesha.qureshi@example.com,2016-04-05
E8479,Hina Iqbal,Male,HR,Islamabad,35,Rs 77714,hina.qureshi@example.com,2018-08-29
E8480,Fatima Iqbal,Female,Sales,Faisalabad,34,31822,ayesha.khan@example.com,2016-06-18
E8481,Nida Sheikh,Female,HR,Karachi,24,89948,sara.hussain@example.com,2020-07-31
E8482,Nida Raza,Female,Operations,Multan,55,69807,ayesha.malik@example.com,2019-01-09
E8483,Bilal Qureshi,Male,IT,,52,Rs 38762,bilal.sheikh@example.com,2017-09-16
E8484,Omar Qureshi,Female,Finance,Karachi,24,Rs 36237,nida.qureshi@example.com,2022-03-28
E8485,Hina Sheikh,Male,Sales,Karachi,36,Rs 69414,ayesha.sheikh@example.com,2019-04-25
E8486,Omar Khan,Male,Finance,,54,78093,omar.khan@example.com,2021-03-21
E8487,Sara Hussain,Male,Sales,Lahore,32,41597,ahmed.raza@example.com,2021-05-31
E8488,Ali Hussain,Female,,Faisalabad,39,52799,bilal.hussain@example.com,2015-06-05
E8489,Sara Malik,Male,IT,Faisalabad,32,31718,hina.khan@example.com,2020-02-13
E8490,Nida Raza,Female,Finance,Lahore,45,68450,fatima.sheikh@example.com,2021-12-11
E8491,Nida Malik,Male,Marketing,Multan,31,44189,fatima.raza@example.com,2018-07-04
E8492,  Ayesha Iqbal  ,Male,Finance,Lahore,53,72676,ahmed.hussain@example.com,2017-11-12
E8493,Ali Malik,Male,Sales,Islamabad,25,38932,bilal.hussain@example.com,2020-04-22
E8494,Ali Qureshi,Male,Marketing,,40,74243,sararazaexample.com,24/10/2020
E8495,Ayesha Malik,Female,IT,Multan,50,61811,ahmed.ahmed@example.com,2018-09-19
E8496,Zain Raza,Male,HR,Islamabad,36,70424,sara.hussain@example.com,2019-06-24
E8497,Zain Malik,Female,Operations,Islamabad,39,33566,fatima.sheikh@example.com,2016-06-04
E8498,Ahmed Khan,Female,IT,Islamabad,41,82638,zain.ahmed@example.com,28/10/2017
E8499,Nida Qureshi,Female,Marketing,Lahore,41,64278,ayesha.sheikh@example.com,2015-02-04
E8500,Bilal Qureshi,Male,Marketing,Karachi,46,33741,omar.raza@example.com,2018-12-04
E8501,Nida Iqbal,Female,IT,Lahore,35,,ahmed.ahmed@example.com,2015-05-15
E8502,Omar Hussain,Female,Operations,,40,43266,sara.raza@example.com,2015-07-30
E8503,Ayesha Hussain,Male,,Lahore,46,49908,sara.raza@example.com,2015-09-15
E8504,Fatima Sheikh,Male,Finance,Multan,38,52238,sara.qureshi@example.com,2016-02-19
E8505,Ayesha Raza,Male,Sales,,52,40404,zain.ahmed@example.com,2018-05-07
E8506,Sara Khan,Male,Marketing,Lahore,38,77714,zain.raza@example.com,2022-06-21
E8507,Hina Iqbal,Female,Finance,Islamabad,49,50741,zain.raza@example.com,2017-08-13
E8508,Ahmed Hussain,Male,Sales,Islamabad,43,68011,fatima.iqbal@example.com,2015-06-10
E8509,Nida Iqbal,Female,Operations,,29,66925,zain.khan@example.com,2021-05-04
E8510,Nida Khan,Female,Sales,,37,74964,hina.raza@example.com,2020-09-30
E8511,Fatima Iqbal,Female,HR,Lahore,28,52813,hina.sheikh@example.com,2021-06-15
E8512,Ali Malik,Female,Operations,,27,38749,ayesha.iqbal@example.com,2016-02-11
E8513,Fatima Raza,Female,Marketing,Faisalabad,22,36172,bilal.hussain@example.com,2021-05-23
E8514,Ali Qureshi,Male,Marketing,Faisalabad,26,48090,ali.iqbal@example.com,2022-04-22
E8515,Omar Malik,Male,Marketing,Lahore,45,Rs 37494,fatima.khan@example.com,2022-09-10
E8516,Omar Ahmed,Male,Finance,Faisalabad,30,80492,hina.iqbal@example.com,2018-11-20
E8517,Ayesha Hussain,Female,HR,Lahore,32,57369,fatima.raza@example.com,2020-05-03
E8518,Ali Hussain,Male,,Faisalabad,26,76815,zain.raza@example.com,2015-04-13
E8519,Zain Qureshi,Male,IT,Multan,55,62227,omar.qureshi@example.com,2018-01-14
E8520,Ayesha Ahmed,Male,Marketing,Karachi,27,39903,bilal.khan@example.com,2016-12-30
E8521,Ahmed Raza,Male,Operations,Karachi,44,49618,ayesha.sheikh@example.com,2017-05-29
E8522,Nida Ahmed,Male,Sales,Lahore,44,39896,nida.iqbal@example.com,2022-08-30
E8523,Ahmed Khan,Female,Finance,Lahore,26,45420,fatima.iqbal@example.com,2019-05-10
E8524,Hina Qureshi,Male,HR,Karachi,32,64217,hina.iqbal@example.com,2016-06-20
E8525,Ayesha Malik,Male,IT,Multan,34,56518,bilal.iqbal@example.com,2017-05-02
E8526,Fatima Khan,Female,Marketing,,49,78227,ayesha.hussain@example.com,2021-04-30
E8527,Ahmed Sheikh,Male,Sales,Multan,55,58153,bilal.sheikh@example.com,2016-12-10
E8528,Ayesha Ahmed,Male,Marketing,Karachi,48,89908,hina.qureshi@example.com,2021-04-07
E8529,Nida Malik,Female,Sales,,46,55957,nida.raza@example.com,2017-05-23
E8530,Bilal Qureshi,Female,Finance,Karachi,24,35488,ali.khan@example.com,2020-01-01
E8531,Hina Khan,Male,IT,Multan,54,85079,zain.hussain@example.com,2021-02-04
E8532,Ayesha Hussain,Male,Operations,Karachi,33,69238,hina.malik@example.com,2018-08-05
E8533,Zain Hussain,Male,Finance,Karachi,36,35899,zain.sheikh@example.com,2020-02-25
E8534,Zain Khan,Female,Finance,Karachi,31,33118,omar.hussain@example.com,2018-10-27
E8535,  Hina Iqbal  ,Female,Marketing,Multan,37,70877,zain.khan@example.com,2019-06-25
E8536,Bilal Iqbal,Male,IT,Karachi,45,52020,ali.ahmed@example.com,2022-12-24
E8537,Sara Ahmed,Female,Finance,Multan,28,59792,omar.malik@example.com,2015-01-23
E8538,Ali Qureshi,Male,Operations,Faisalabad,26,72961,omar.hussain@example.com,2021-07-06
E8539,Ahmed Malik,Female,Sales,Islamabad,37,48345,hina.khan@example.com,2019-12-07
E8540,Ali Ahmed,Male,IT,Lahore,43,76735,hina.khan@example.com,2015-11-17
E8541,Sara Sheikh,Female,Marketing,Islamabad,32,85255,bilal.iqbal@example.com,2015-12-11
E8542,Nida Ahmed,Male,HR,Karachi,33,84350,bilal.ahmed@example.com,2017-03-03
E8543,Fatima Iqbal,Male,IT,Karachi,42,83708,ayesha.sheikh@example.com,2021-10-26
E8544,Zain Khan,Female,Operations,,38,72936,nida.iqbal@example.com,2018-10-12
E8545,Ahmed Ahmed,Male,Operations,Multan,40,30572,sara.hussain@example.com,2020-06-16
E8546,Fatima Ahmed,Male,Finance,Lahore,45,76068,alimalikexample.com,2021-04-30
E8547,Ahmed Malik,Female,IT,Islamabad,50,64209,omar.sheikh@example.com,2015-05-30
E8548,Hina Hussain,Male,,Faisalabad,23,44409,bilal.ahmed@example.com,2017-06-20
E8549,Nida Iqbal,Male,Sales,Lahore,35,44976,omar.ahmed@example.com,2017-05-22
E8550,Sara Malik,Male,HR,Islamabad,27,35966,nida.hussain@example.com,2016-04-03
E8551,Ali Qureshi,Male,Marketing,Multan,52,46617,ali.iqbal@example.com,2022-11-17
E8552,Ali Khan,Female,Operations,Karachi,47,85685,ali.hussain@example.com,2019-05-18
E8553,Nida Raza,Male,Finance,Islamabad,28,73067,nida.raza@example.com,2022-12-05
E8554,Ali Hussain,Male,IT,Karachi,25,55035,hina.sheikh@example.com,2020-06-05
E8555,Zain Malik,Female,Operations,Islamabad,27,35579,zain.qureshi@example.com,2019-06-14
E8556,Ali Raza,Female,IT,Karachi,35,31091,omar.hussain@example.com,2022-09-26
E8557,Bilal Sheikh,Female,HR,Karachi,32,75504,nida.khan@example.com,2020-12-23
E8558,Bilal Khan,Male,IT,Multan,39,60022,nida.hussain@example.com,2018-06-09
E8559,Nida Iqbal,Male,Sales,,52,62228,fatima.malik@example.com,2020-08-24
E8560,Ayesha Khan,Male,Sales,Islamabad,25,57932,omar.iqbal@example.com,2015-01-11
E8561,Fatima Iqbal,Female,Sales,Islamabad,52,72711,omar.khan@example.com,2017-04-12
E8562,Zain Khan,Female,IT,Faisalabad,34,58550,sara.raza@example.com,2018-06-03
E8563,Bilal Khan,Male,,Karachi,25,81853,sara.iqbal@example.com,2018-01-06
E8564,Fatima Sheikh,Male,Finance,Lahore,54,40045,ayesha.raza@example.com,2016-02-04
E8565,Fatima Malik,Female,Marketing,Islamabad,28,31876,bilal.qureshi@example.com,2019-07-08
E8566,Omar Hussain,Female,Finance,Karachi,40,41154,omar.malik@example.com,2020-03-08
E8567,Nida Raza,Female,Marketing,Faisalabad,27,45315,bilal.qureshi@example.com,2016-10-14
E8568,Sara Ahmed,Female,Marketing,Multan,39,64120,ayesha.hussain@example.com,2019-05-26
E8569,Ayesha Raza,Male,Finance,Karachi,33,40084,hina.ahmed@example.com,2022-05-12
E8570,Sara Qureshi,Female,Finance,Islamabad,36,75260,zain.sheikh@example.com,2022-10-14
E8571,Ali Khan,Male,HR,Islamabad,50,38209,sara.sheikh@example.com,2017-08-02
E8572,  Omar Qureshi  ,Female,,Lahore,44,52127,fatima.iqbal@example.com,2022-12-13
E8573,Nida Qureshi,Male,Finance,Karachi,50,44402,fatima.hussain@example.com,2016-05-28
E8574,  Ali Sheikh  ,Male,Sales,,39,64371,ali.ahmed@example.com,2021-01-08
E8575,Ahmed Malik,Male,IT,,43,61461,omar.ahmed@example.com,2019-12-27
E8576,Zain Raza,Male,HR,Islamabad,39,58316,zain.ahmed@example.com,2017-02-02
E8577,Sara Sheikh,Female,Finance,Faisalabad,45,72050,ayesha.qureshi@example.com,2019-07-08
E8578,Omar Malik,Female,Operations,Faisalabad,29,43776,zainrazaexample.com,2018-05-09
E8579,Bilal Hussain,Male,,Multan,50,55867,hina.ahmed@example.com,2020-01-05
E8580,Bilal Khan,Female,,Islamabad,36,77275,hina.ahmed@example.com,2020-09-06
E8581,Omar Raza,Female,IT,Karachi,34,52407,zain.malik@example.com,2017-12-10
E8582,Ahmed Malik,Male,Marketing,Multan,22,66379,sara.sheikh@example.com,2022-07-29
E8583,Omar Khan,Male,Marketing,Lahore,26,55001,nida.malik@example.com,2015-09-06
E8584,Hina Sheikh,Male,Marketing,,48,54776,ali.raza@example.com,2018-08-11
E8585,Fatima Raza,Female,Finance,Multan,43,55524,ayesha.malik@example.com,2018-06-18
E8586,Hina Khan,Male,Sales,Lahore,38,53196,omar.qureshi@example.com,2019-02-17
E8587,Zain Ahmed,Female,HR,,54,54299,omar.ahmed@example.com,2017-04-29
E8588,Zain Qureshi,Male,Sales,Lahore,51,43750,fatima.raza@example.com,2019-12-23
E8589,Ali Sheikh,Female,,Faisalabad,47,44820,nida.raza@example.com,2016-11-16
E8590,Sara Malik,Female,HR,Faisalabad,45,34986,bilal.sheikh@example.com,2019-12-23
E8591,Ahmed Hussain,Male,IT,Faisalabad,50,73452,sara.iqbal@example.com,2018-09-08
E8592,Ahmed Ahmed,Female,Marketing,,55,67427,sara.iqbal@example.com,2015-02-05
E8593,Nida Hussain,Male,,Multan,27,30336,ayesha.khan@example.com,2020-11-27
E8594,Hina Iqbal,Female,Operations,Karachi,45,88590,hina.ahmed@example.com,2015-09-25
E8595,Ayesha Iqbal,Male,Sales,Multan,26,57422,ali.malik@example.com,2019-03-06
E8596,Fatima Iqbal,Male,Sales,Islamabad,48,75970,ayesha.iqbal@example.com,2016-06-01
E8597,Fatima Raza,Male,Marketing,Lahore,47,66086,ali.sheikh@example.com,2016-05-08
E8598,Ayesha Iqbal,Female,Marketing,,44,Rs 52231,sara.malik@example.com,2022-10-30
E8599,  Bilal Hussain  ,Female,Sales,Islamabad,43,66167,ahmed.raza@example.com,2019-02-27
E8600,Fatima Qureshi,Male,Operations,Lahore,27,88417,nida.ahmed@example.com,2015-12-28
E8601,Hina Khan,Male,Finance,Islamabad,50,70014,omar.sheikh@example.com,2015-03-17
E8602,  Omar Iqbal  ,Male,,,31,73264,sara.sheikh@example.com,2020-10-16
E8603,Ali Iqbal,Male,,,46,89997,zain.hussain@example.com,2018-11-13
E8604,Omar Iqbal,Female,Finance,Karachi,38,43357,nida.ahmed@example.com,2021-04-19
E8605,  Ali Ahmed  ,Female,Sales,Lahore,31,56339,hina.qureshi@example.com,2020-05-05
E8606,Bilal Malik,Female,Marketing,Multan,26,70634,omar.malik@example.com,2019-12-29
E8607,Omar Hussain,Female,,Islamabad,35,42043,omar.malik@example.com,2019-05-09
E8608,  Nida Malik  ,Female,IT,Lahore,49,84071,ali.raza@example.com,2018-01-31
E8609,Sara Khan,Male,Marketing,Lahore,25,79695,ahmed.ahmed@example.com,2022-08-26
E8610,Ayesha Khan,Male,IT,Faisalabad,29,57910,ahmed.qureshi@example.com,2016-02-06
E8611,Sara Khan,Male,,Faisalabad,52,47822,fatima.iqbal@example.com,2018-10-08
E8612,Ayesha Khan,Female,Sales,Lahore,27,82144,ahmed.khan@example.com,2020-11-23
E8613,Fatima Sheikh,Male,,,41,81412,bilal.malik@example.com,2017-01-27
E8614,Hina Ahmed,Female,HR,Karachi,52,32863,ali.sheikh@example.com,08/02/2019
E8615,Nida Ahmed,Female,Marketing,Multan,32,43244,hina.khan@example.com,2015-03-10
E8616,Ahmed Sheikh,Male,IT,Islamabad,33,37350,nida.malik@example.com,2019-02-05
E8617,Ali Khan,Male,Finance,Multan,30,83860,zain.hussain@example.com,2019-10-26
E8618,  Bilal Iqbal  ,Male,HR,Islamabad,40,84278,zain.qureshi@example.com,2016-02-28
E8619,Hina Ahmed,Female,Marketing,,43,54432,ahmed.khan@example.com,2019-07-16
E8620,Hina Hussain,Female,Sales,Lahore,34,Rs 57744,bilal.khan@example.com,2021-07-12
E8621,Zain Hussain,Female,HR,,28,67937,ahmed.khan@example.com,2015-12-29
E8622,  Nida Sheikh  ,Female,Marketing,Karachi,47,73187,nida.sheikh@example.com,2015-05-23
E8623,Zain Hussain,Female,HR,,42,31520,omar.sheikh@example.com,2022-11-30
E8624,Fatima Raza,Female,Finance,Islamabad,27,85905,ali.raza@example.com,2022-08-26
E8625,Ahmed Khan,Female,Sales,Islamabad,46,41675,bilalsheikhexample.com,2021-03-29
E8626,Ahmed Iqbal,Male,Operations,Karachi,40,82084,ali.sheikh@example.com,2017-01-20
E8627,Fatima Raza,Female,Operations,Multan,40,40770,zain.raza@example.com,2021-12-31
E8628,Zain Ahmed,Female,Finance,Lahore,28,82405,sarasheikhexample.com,2017-11-08
E8629,Omar Sheikh,Female,Operations,Lahore,22,81346,hina.malik@example.com,2019-03-31
E8630,Nida Ahmed,Female,IT,Multan,43,70483,ayesha.hussain@example.com,2020-07-16
E8631,Hina Qureshi,Female,Sales,Karachi,39,41477,nida.raza@example.com,2019-10-26
E8632,  Omar Iqbal  ,Female,Sales,Faisalabad,22,83483,sara.iqbal@example.com,15/03/2020
E8633,Omar Malik,Male,Sales,,23,79641,omar.sheikh@example.com,2017-12-08
E8634,Ayesha Hussain,Female,Operations,Faisalabad,55,65412,omar.khan@example.com,2022-01-20
E8635,  Ali Qureshi  ,Male,Marketing,,42,34081,ayesha.ahmed@example.com,2022-12-13
E8636,Hina Sheikh,Male,HR,Karachi,36,81695,ahmedsheikhexample.com,2016-11-13
E8637,Omar Khan,Female,Operations,Karachi,55,40623,hina.malik@example.com,17/01/2017
E8638,Fatima Malik,Female,Operations,Karachi,22,61046,nida.qureshi@example.com,2016-12-24
E8639,Fatima Khan,Male,,Faisalabad,39,Rs 54403,ali.raza@example.com,2017-10-02
E8640,Sara Khan,Female,Sales,Islamabad,32,86632,nida.hussain@example.com,2017-10-14
E8641,Sara Malik,Female,HR,Karachi,23,35973,fatimahussainexample.com,25/03/2019
E8642,Ahmed Ahmed,Female,Operations,Islamabad,51,74308,sara.qureshi@example.com,2018-05-23
E8643,Fatima Qureshi,Male,HR,Multan,47,39360,sara.qureshi@example.com,2021-11-23
E8644,Fatima Sheikh,Male,Sales,Faisalabad,28,58021,bilal.sheikh@example.com,29/06/2021
E8645,Zain Malik,Male,,Faisalabad,24,68656,bilal.khan@example.com,2019-04-25
E8646,Nida Ahmed,Male,Marketing,Karachi,51,Rs 87039,zain.sheikh@example.com,2015-07-15
E8647,Nida Hussain,Male,Sales,Faisalabad,49,79778,hina.sheikh@example.com,2020-10-03
E8648,Omar Hussain,Male,Operations,,43,58759,sara.malik@example.com,2015-08-12
E8649,Fatima Raza,Female,Sales,Faisalabad,27,33599,ayesha.sheikh@example.com,12/11/2015
E8650,Fatima Qureshi,Male,Operations,Islamabad,36,67330,bilal.sheikh@example.com,2019-09-28
E8651,Fatima Qureshi,Male,IT,Faisalabad,28,52845,zain.qureshi@example.com,2015-07-19
E8652,Ahmed Iqbal,Female,HR,Islamabad,28,57184,sara.khan@example.com,2022-07-03
E8653,Zain Iqbal,Male,Marketing,Islamabad,53,34554,omar.hussain@example.com,2015-06-07
E8654,Omar Ahmed,Female,Marketing,Faisalabad,23,75341,omar.ahmed@example.com,2022-10-03
E8655,Ahmed Raza,Male,Marketing,Faisalabad,55,30857,bilal.hussain@example.com,2017-02-07
E8656,Fatima Qureshi,Female,Sales,Karachi,51,55225,omar.sheikh@example.com,2021-02-12
E8657,Bilal Qureshi,Male,IT,Karachi,55,77254,hina.iqbal@example.com,2021-01-15
E8658,Ali Ahmed,Male,Marketing,Islamabad,26,62653,zain.malik@example.com,2018-08-31
E8659,Ali Sheikh,Female,IT,Lahore,43,Rs 39472,nida.malik@example.com,2022-08-20
E8660,Hina Qureshi,Male,Sales,,50,41718,ahmed.khan@example.com,2016-06-18
E8661,Ahmed Hussain,Female,HR,Multan,38,85113,bilal.malik@example.com,2022-04-21
E8662,Ali Malik,Male,Finance,Islamabad,29,46876,sara.qureshi@example.com,2016-01-14
E8663,Ayesha Khan,Male,IT,Multan,49,48897,ahmediqbalexample.com,04/03/2019
E8664,Omar Qureshi,Female,Operations,Islamabad,53,41276,hina.raza@example.com,2017-08-03
E8665,Sara Sheikh,Female,Finance,Karachi,26,47612,fatima.malik@example.com,2022-06-28
E8666,Nida Qureshi,Female,HR,Faisalabad,49,70485,nida.iqbal@example.com,2017-04-09
E8667,Ayesha Raza,Female,Finance,Islamabad,42,53812,hina.raza@example.com,2020-05-26
E8668,Omar Hussain,Female,Marketing,Faisalabad,49,33303,ahmed.ahmed@example.com,2021-04-26
E8669,Ayesha Sheikh,Male,Marketing,Multan,52,74732,nida.qureshi@example.com,2016-10-10
E8670,Ayesha Iqbal,Female,HR,Multan,25,89575,bilal.sheikh@example.com,2022-04-12
E8671,Hina Iqbal,Female,Marketing,Islamabad,55,55110,ahmed.sheikh@example.com,2019-08-15
E8672,Nida Sheikh,Female,IT,Multan,49,36074,nida.sheikh@example.com,2019-07-17
E8673,Hina Qureshi,Male,,Islamabad,49,38796,hina.malik@example.com,2017-05-26
E8674,Nida Sheikh,Male,Finance,Islamabad,53,45249,sara.khan@example.com,01/09/2019
E8675,Bilal Ahmed,Male,Finance,Lahore,43,65746,ali.hussain@example.com,2022-04-01
E8676,Ali Sheikh,Female,Sales,Karachi,29,52365,zain.ahmed@example.com,2020-04-14
E8677,Ayesha Khan,Male,IT,Faisalabad,49,83799,omar.iqbal@example.com,2017-11-29
E8678,Zain Khan,Female,Sales,Faisalabad,33,42984,hina.raza@example.com,2015-07-10
E8679,Nida Raza,Female,IT,,23,62781,ahmed.qureshi@example.com,2021-02-24
E8680,Ayesha Hussain,Male,Finance,Faisalabad,34,47921,sara.malik@example.com,2020-02-11
E8681,Sara Hussain,Female,Operations,,45,40050,ayesha.qureshi@example.com,2022-04-28
E8682,Ahmed Sheikh,Female,,Islamabad,31,70112,omar.qureshi@example.com,2022-05-03
E8683,Ali Qureshi,Male,,Multan,55,46089,fatima.malik@example.com,2019-03-06
E8684,Fatima Malik,Female,Finance,Karachi,45,37677,bilal.qureshi@example.com,2020-02-19
E8685,Zain Ahmed,Male,Sales,Faisalabad,51,52925,ayesha.ahmed@example.com,2016-08-26
E8686,Omar Khan,Male,Sales,Karachi,41,30077,alimalikexample.com,2022-05-15
E8687,Hina Ahmed,Female,Finance,Multan,25,68599,hina.malik@example.com,2019-10-09
E8688,Nida Malik,Male,Sales,Multan,26,68660,fatima.iqbal@example.com,2015-05-18
E8689,  Sara Malik  ,Female,,Multan,43,71202,omar.hussain@example.com,2020-02-19
E8690,Omar Hussain,Female,,Multan,40,44764,fatima.raza@example.com,2015-07-24
E8691,Sara Sheikh,Female,,Islamabad,27,66090,ahmed.ahmed@example.com,2021-09-22
E8692,Omar Sheikh,Male,IT,Multan,45,73736,hina.iqbal@example.com,2020-03-15
E8693,Hina Qureshi,Male,IT,Lahore,23,37342,hina.sheikh@example.com,2015-05-22
E8694,Sara Raza,Male,HR,Karachi,47,88893,ahmed.malik@example.com,2017-05-23
E8695,Omar Khan,Male,Marketing,Lahore,54,44719,ayesha.khan@example.com,10/07/2021
E8696,Omar Hussain,Male,,,43,71850,omarahmedexample.com,2018-09-18
E8697,  Ali Qureshi  ,Female,HR,Lahore,27,89554,nida.qureshi@example.com,2015-07-21
E8698,Bilal Ahmed,Male,Operations,Lahore,28,83962,ahmed.sheikh@example.com,2021-04-30
E8699,Omar Khan,Female,Finance,Karachi,27,70056,bilal.hussain@example.com,2021-02-15
E8700,Fatima Sheikh,Male,Sales,Karachi,27,57665,zain.khan@example.com,2016-02-26
E8701,Zain Sheikh,Female,,,46,74885,sara.malik@example.com,2021-10-21
E8702,Ahmed Khan,Male,Finance,Lahore,53,78498,ali.iqbal@example.com,2019-04-21
E8703,Zain Khan,Female,Sales,Karachi,53,47411,zain.iqbal@example.com,2020-04-24
E8704,  Hina Hussain  ,Male,HR,Karachi,34,41133,nida.malik@example.com,2016-06-20
E8705,Omar Qureshi,Male,Marketing,,39,78647,sara.malik@example.com,2022-07-04
E8706,Fatima Sheikh,Female,Marketing,,54,45918,omarrazaexample.com,2020-01-20
E8707,Omar Sheikh,Male,Operations,Faisalabad,25,83866,omar.sheikh@example.com,2015-07-28
E8708,Ali Iqbal,Female,,Multan,42,81636,hina.hussain@example.com,2020-08-13
E8709,Ali Khan,Male,Sales,Islamabad,29,42138,sara.sheikh@example.com,2020-02-07
E8710,Omar Raza,Male,Sales,Karachi,38,84627,ayeshasheikhexample.com,2020-09-11
E8711,Fatima Iqbal,Male,Marketing,,47,66252,zain.ahmed@example.com,2015-06-28
E8712,Zain Iqbal,Female,HR,,48,63050,omar.hussain@example.com,2020-06-15
E8713,Zain Qureshi,Female,,Islamabad,50,46460,ahmed.sheikh@example.com,2017-06-26
E8714,Nida Qureshi,Female,Sales,Karachi,45,53465,fatima.hussain@example.com,2017-11-04
E8715,Sara Malik,Female,HR,Lahore,51,83510,zain.hussain@example.com,2016-07-25
E8716,Sara Qureshi,Female,HR,Islamabad,28,67537,zain.malik@example.com,2017-11-04
E8717,Bilal Hussain,Female,Operations,Islamabad,46,39165,hina.ahmed@example.com,2017-02-07
E8718,Nida Malik,Female,,,42,64113,ayesha.khan@example.com,2018-06-22
E8719,  Bilal Iqbal  ,Male,IT,Faisalabad,40,84334,ayesha.iqbal@example.com,2021-04-30
E8720,Nida Ahmed,Female,Operations,Karachi,23,Rs 34739,zain.qureshi@example.com,2015-01-18
E8721,Ali Hussain,Female,HR,Islamabad,30,Rs 69276,ahmedmalikexample.com,2019-04-03
E8722,Sara Sheikh,Male,HR,Islamabad,34,38972,omar.hussain@example.com,2021-05-30
E8723,Omar Hussain,Female,Operations,,28,30953,ayesha.khan@example.com,2019-12-28
E8724,Ayesha Raza,Male,HR,Islamabad,34,54965,hina.ahmed@example.com,2020-12-16
E8725,Zain Iqbal,Female,Sales,Multan,40,61934,fatima.malik@example.com,2016-02-01
E8726,Ahmed Sheikh,Female,Operations,Islamabad,33,79593,nida.qureshi@example.com,2017-12-19
E8727,Nida Malik,Male,,Faisalabad,46,34686,ayesha.malik@example.com,2015-05-15
E8728,Ahmed Ahmed,Female,Marketing,Faisalabad,34,38220,omar.ahmed@example.com,2016-08-22
E8729,Bilal Ahmed,Female,,Faisalabad,46,35312,ali.khan@example.com,2015-01-13
E8730,Ali Khan,Female,Finance,,44,82645,nida.khan@example.com,2022-04-27
E8731,Ayesha Qureshi,Female,IT,,51,75208,omar.iqbal@example.com,2016-01-23
E8732,Ayesha Sheikh,Female,Operations,Karachi,28,32870,zain.sheikh@example.com,2020-10-11
E8733,Nida Hussain,Female,Operations,Faisalabad,36,35266,hina.khan@example.com,2015-04-19
E8734,Zain Sheikh,Male,Operations,Multan,44,80122,bilal.khan@example.com,23/11/2015
E8735,Ayesha Ahmed,Female,HR,Faisalabad,51,59791,zainkhanexample.com,2021-11-03
E8736,Hina Qureshi,Male,Operations,Karachi,23,77722,ahmed.iqbal@example.com,2018-04-21
E8737,Bilal Sheikh,Male,Finance,Faisalabad,24,70818,ayesha.raza@example.com,2021-05-10
E8738,Ayesha Raza,Male,,,28,66401,fatima.ahmed@example.com,2015-11-27
E8739,Bilal Qureshi,Female,IT,Karachi,49,75332,fatima.hussain@example.com,2019-06-25
E8740,Bilal Hussain,Male,IT,Islamabad,40,75262,omar.ahmed@example.com,2020-01-17
E8741,Bilal Khan,Female,,Karachi,44,87007,ali.iqbal@example.com,2015-08-28
E8742,Ahmed Raza,Female,Operations,Islamabad,26,40096,zain.hussain@example.com,2021-02-04
E8743,Zain Ahmed,Male,Finance,Islamabad,31,61489,omar.qureshi@example.com,2019-05-31
E8744,Hina Hussain,Female,,Karachi,32,76794,ayesha.hussain@example.com,20/01/2015
E8745,Fatima Iqbal,Male,Sales,Lahore,39,47143,zain.ahmed@example.com,2016-11-08
E8746,Nida Hussain,Male,IT,Faisalabad,25,38986,fatima.sheikh@example.com,2022-11-01
E8747,Omar Raza,Male,Sales,Karachi,33,42450,omarmalikexample.com,2016-08-12
E8748,Bilal Raza,Female,Sales,Islamabad,36,81950,sara.iqbal@example.com,2016-02-19
E8749,Nida Qureshi,Male,IT,,55,82631,omar.sheikh@example.com,2017-08-17
E8750,Omar Malik,Female,Operations,Karachi,50,,bilal.qureshi@example.com,2020-12-11
E8751,Bilal Khan,Female,HR,Islamabad,34,43731,bilal.iqbal@example.com,2016-09-01
E8752,Ayesha Iqbal,Female,Operations,Karachi,24,82181,ali.iqbal@example.com,2019-01-23
E8753,  Omar Sheikh  ,Female,HR,Lahore,34,89346,nida.ahmed@example.com,2020-02-08
E8754,Omar Ahmed,Male,Finance,Islamabad,29,58322,nida.sheikh@example.com,2018-01-18
E8755,Fatima Qureshi,Male,Marketing,Lahore,40,81303,ayesha.qureshi@example.com,2020-04-20
E8756,Omar Hussain,Female,Marketing,Multan,51,58586,ali.sheikh@example.com,2015-04-24
E8757,Bilal Iqbal,Male,HR,Karachi,47,48332,ahmed.khan@example.com,2016-01-13
E8758,Fatima Qureshi,Male,Finance,,25,60967,hina.hussain@example.com,2018-06-19
E8759,Ayesha Hussain,Female,Marketing,Islamabad,39,73196,zain.iqbal@example.com,2017-11-15
E8760,  Zain Khan  ,Female,Marketing,Multan,22,87983,sara.malik@example.com,2022-02-17
E8761,Omar Qureshi,Male,Operations,Multan,47,51033,nida.iqbal@example.com,2018-11-05
E8762,Omar Sheikh,Female,HR,Lahore,33,51546,sara.sheikh@example.com,2021-05-27
E8763,Ali Ahmed,Male,Sales,Multan,49,54357,bilal.sheikh@example.com,2021-05-04
E8764,Omar Ahmed,Female,Marketing,Faisalabad,31,,ahmed.raza@example.com,2016-11-08
E8765,Ahmed Sheikh,Female,Operations,,32,42038,ahmed.ahmed@example.com,2021-11-26
E8766,Zain Hussain,Female,IT,Faisalabad,31,37402,nida.hussain@example.com,2016-07-01
E8767,Bilal Qureshi,Male,Sales,,44,40373,ayeshamalikexample.com,2022-06-09
E8768,Ali Sheikh,Male,Finance,Faisalabad,44,67375,ali.iqbal@example.com,2022-02-17
E8769,Sara Raza,Female,,,34,48404,sarasheikhexample.com,2019-03-22
E8770,  Bilal Iqbal  ,Male,,,50,,ayesha.qureshi@example.com,2022-06-18
E8771,Sara Ahmed,Female,IT,Karachi,49,32864,omar.khan@example.com,2020-03-18
E8772,Ali Malik,Male,HR,,32,63569,zain.raza@example.com,2021-07-30
E8773,Sara Iqbal,Male,,Islamabad,29,37814,fatima.qureshi@example.com,2015-06-29
E8774,Nida Hussain,Male,IT,Multan,22,41657,nida.hussain@example.com,26/09/2018
E8775,Zain Sheikh,Female,HR,Lahore,45,67310,ahmed.malik@example.com,2018-11-13
E8776,Bilal Iqbal,Female,Operations,Islamabad,34,71066,zain.raza@example.com,2018-09-28
E8777,Ali Ahmed,Female,Marketing,Multan,33,63529,aliiqbalexample.com,2021-05-06
E8778,  Bilal Raza  ,Female,Sales,Islamabad,50,89117,hina.malik@example.com,2016-10-14
E8779,Nida Hussain,Female,Sales,Multan,30,72821,sara.malik@example.com,2015-09-13
E8780,Sara Hussain,Male,Marketing,Lahore,50,37784,sara.qureshi@example.com,2015-01-21
E8781,Ali Iqbal,Male,IT,Lahore,30,55129,ayesha.ahmed@example.com,2022-03-07
E8782,Nida Qureshi,Female,Sales,Faisalabad,24,88099,sara.raza@example.com,2018-03-28
E8783,Nida Qureshi,Female,HR,Lahore,49,51365,ayesha.ahmed@example.com,2015-04-14
E8784,Zain Ahmed,Female,IT,,47,89602,nida.sheikh@example.com,2022-05-01
E8785,Bilal Hussain,Male,HR,Lahore,51,57761,omar.iqbal@example.com,2018-09-03
E8786,Fatima Iqbal,Male,Operations,Lahore,45,79509,ali.raza@example.com,2020-07-14
E8787,Bilal Khan,Male,Finance,Karachi,39,30972,ahmed.ahmed@example.com,2019-04-11
E8788,Ali Qureshi,Male,HR,Lahore,22,35000,sara.khan@example.com,2020-08-05
E8789,Omar Qureshi,Male,,Karachi,45,68741,hina.iqbal@example.com,2017-07-26
E8790,Bilal Khan,Female,,Karachi,53,65817,alikhanexample.com,2018-11-07
E8791,Hina Raza,Female,,Lahore,35,34856,hina.raza@example.com,2018-12-31
E8792,Ali Ahmed,Male,IT,,23,76489,ayesha.raza@example.com,2020-03-28
E8793,Bilal Khan,Female,IT,Karachi,37,88951,ayesha.khan@example.com,2020-03-05
E8794,Omar Khan,Male,Operations,Karachi,51,63137,ali.ahmed@example.com,2015-03-05
E8795,Nida Hussain,Female,Finance,Faisalabad,42,42774,ayesha.hussain@example.com,2021-07-02
E8796,Ali Raza,Male,Finance,Islamabad,37,51970,zain.malik@example.com,2018-12-11
E8797,Fatima Sheikh,Female,IT,Islamabad,52,Rs 86600,hina.ahmed@example.com,2015-11-04
E8798,Zain Khan,Male,Operations,Lahore,38,Rs 71657,sara.iqbal@example.com,2020-12-25
E8799,  Zain Sheikh  ,Female,HR,Karachi,45,72686,zain.sheikh@example.com,2016-05-26
E8800,Ahmed Qureshi,Female,,Lahore,25,62527,omar.hussain@example.com,2022-09-10
E8801,Hina Hussain,Female,Marketing,Multan,54,46966,bilal.raza@example.com,2017-08-27
E8802,Hina Ahmed,Male,Sales,Faisalabad,55,64454,hina.iqbal@example.com,2020-08-30
E8803,Ahmed Hussain,Female,,Faisalabad,35,50104,nida.ahmed@example.com,2020-06-28
E8804,Omar Hussain,Male,HR,Karachi,22,,omar.khan@example.com,2020-02-11
E8805,Bilal Sheikh,Male,IT,Karachi,47,79400,ayesha.hussain@example.com,2016-03-17
E8806,Bilal Sheikh,Female,IT,Karachi,30,65599,alimalikexample.com,2019-01-21
E8807,Fatima Iqbal,Male,,Karachi,38,79871,zain.sheikh@example.com,20/12/2020
E8808,Zain Malik,Female,Marketing,Faisalabad,55,43579,ayesha.malik@example.com,2018-10-04
E8809,Ayesha Raza,Female,Sales,Islamabad,29,68144,fatima.raza@example.com,2018-02-25
E8810,Sara Sheikh,Male,IT,Islamabad,50,33803,zain.hussain@example.com,2018-09-20
E8811,Omar Khan,Male,Operations,Lahore,25,89025,nida.sheikh@example.com,2019-12-09
E8812,Fatima Iqbal,Female,Sales,Islamabad,39,53159,omar.ahmed@example.com,2019-07-31
E8813,Zain Sheikh,Female,HR,Karachi,48,46586,hina.iqbal@example.com,2020-07-23
E8814,Hina Hussain,Female,Finance,Karachi,53,67573,ayesha.sheikh@example.com,07/11/2020
E8815,Sara Malik,Female,Operations,Multan,31,60335,zain.malik@example.com,2015-12-23
E8816,Hina Raza,Male,IT,Karachi,41,40483,hina.hussain@example.com,2020-12-19
E8817,Omar Iqbal,Female,Finance,,30,63110,nida.qureshi@example.com,2015-01-07
E8818,Nida Raza,Male,Marketing,Karachi,50,41045,omar.malik@example.com,2020-07-04
E8819,Ahmed Ahmed,Female,Marketing,Multan,27,82341,zain.raza@example.com,2022-06-27
E8820,Bilal Malik,Female,Sales,,26,37842,nida.raza@example.com,2022-12-03
E8821,Bilal Sheikh,Female,Sales,,49,73537,zain.raza@example.com,04/06/2016
E8822,Ayesha Iqbal,Male,Finance,Karachi,35,45086,sara.raza@example.com,2020-01-20
E8823,Fatima Hussain,Female,,Lahore,50,60954,bilal.ahmed@example.com,2020-03-14
E8824,Bilal Khan,Female,Marketing,Islamabad,55,82955,zain.sheikh@example.com,2016-10-29
E8825,Ayesha Raza,Male,Operations,Islamabad,23,34081,ali.malik@example.com,2018-11-19
E8826,Ayesha Raza,Male,Sales,Islamabad,24,58622,hinahussainexample.com,2020-03-07
E8827,Ahmed Qureshi,Male,IT,Karachi,39,37926,nida.khan@example.com,2019-06-05
E8828,Nida Khan,Female,Marketing,Multan,50,77624,nida.iqbal@example.com,2018-05-08
E8829,Ayesha Raza,Male,Finance,Lahore,31,51078,sara.qureshi@example.com,2022-06-22
E8830,  Nida Khan  ,Female,IT,Islamabad,22,,nida.khan@example.com,2022-11-19
E8831,Omar Ahmed,Female,HR,,32,57866,omar.raza@example.com,2017-08-31
E3423,Bilal Qureshi,Female,Finance,Lahore,55,50763,ahmed.sheikh@example.com,2021-08-11
E8833,Bilal Hussain,Male,Finance,Islamabad,32,61647,omar.malik@example.com,2019-11-03
E8834,Hina Ahmed,Male,IT,Islamabad,35,73045,ahmed.raza@example.com,2021-07-10
E8835,Ahmed Qureshi,Male,Marketing,Lahore,50,31737,hina.raza@example.com,2017-08-16
E8836,Fatima Ahmed,Male,Sales,Faisalabad,53,37897,ali.iqbal@example.com,2019-04-07
E8837,Bilal Malik,Male,Marketing,Multan,22,83853,nida.khan@example.com,2019-06-05
E8838,Bilal Khan,Female,Finance,Multan,50,74299,fatima.ahmed@example.com,2019-11-24
E8839,Sara Qureshi,Female,Marketing,Faisalabad,52,89838,fatima.iqbal@example.com,2017-12-18
E8840,Fatima Malik,Male,HR,Multan,24,71356,bilal.qureshi@example.com,2017-07-27
E8841,Nida Khan,Female,HR,Multan,26,42153,zain.ahmed@example.com,2021-12-08
E8842,Zain Ahmed,Female,IT,Faisalabad,42,78151,ayesha.malik@example.com,2022-08-18
E8843,Nida Iqbal,Male,HR,Faisalabad,32,52864,hina.khan@example.com,2021-11-13
E8844,Bilal Raza,Female,Sales,Lahore,41,51295,bilal.ahmed@example.com,2016-04-24
E8845,Bilal Qureshi,Male,IT,Lahore,33,42801,omar.hussain@example.com,2018-03-28
E8846,Bilal Khan,Male,IT,,39,,hina.qureshi@example.com,2021-05-29
E8847,Ali Qureshi,Female,HR,Lahore,40,43328,ayesha.raza@example.com,2017-11-27
E8848,Ayesha Raza,Female,Operations,,37,75777,fatima.khan@example.com,2016-05-10
E8849,Ahmed Sheikh,Male,,Islamabad,27,32649,fatima.malik@example.com,2018-09-10
E8850,Nida Khan,Female,HR,Faisalabad,24,62216,alimalikexample.com,2018-06-02
E8851,Fatima Malik,Male,,Lahore,30,86754,ayesha.ahmed@example.com,2021-03-22
E8852,Bilal Malik,Female,IT,Karachi,35,70764,fatima.malik@example.com,17/10/2015
E8853,Nida Iqbal,Female,,Karachi,31,46608,omar.raza@example.com,2018-09-01
E8854,Ahmed Sheikh,Female,IT,Multan,28,39295,sara.malik@example.com,10/05/2022
E8855,  Ali Qureshi  ,Male,IT,Faisalabad,23,65235,hina.iqbal@example.com,2020-03-13
E8856,Omar Iqbal,Female,HR,Islamabad,35,74233,ahmed.khan@example.com,2019-10-03
E8857,Nida Khan,Male,HR,Karachi,47,39148,ahmed.hussain@example.com,2018-02-09
E8858,Ali Qureshi,Female,Operations,Karachi,52,83783,sara.malik@example.com,2019-01-04
E8859,Sara Qureshi,Male,Finance,Karachi,38,85173,ayesha.ahmed@example.com,02/08/2021
E8860,Nida Sheikh,Female,HR,,24,71926,bilal.raza@example.com,2020-03-12
E8861,Nida Raza,Female,HR,,24,58245,ayesha.malik@example.com,2016-07-06
E8862,Bilal Iqbal,Female,Sales,Multan,33,71298,nida.sheikh@example.com,2018-11-22
E8863,Nida Qureshi,Female,Finance,Karachi,43,Rs 41517,sara.khan@example.com,2016-09-29
E8864,  Sara Ahmed  ,Female,Marketing,Islamabad,38,66118,fatima.malik@example.com,2021-08-01
E8865,Hina Ahmed,Female,IT,Islamabad,31,52263,hina.sheikh@example.com,2019-09-16
E8866,Nida Iqbal,Female,Finance,Islamabad,53,35845,ahmed.malik@example.com,2017-09-23
E8867,Sara Raza,Male,IT,Multan,23,63813,sara.hussain@example.com,2021-12-23
E8868,Hina Khan,Female,Marketing,Faisalabad,54,87187,bilal.malik@example.com,2018-08-17
E8869,Hina Raza,Male,,,35,58443,hina.malik@example.com,2015-10-29
E8870,Ayesha Raza,Male,IT,Lahore,28,41549,fatima.sheikh@example.com,2018-08-14
E8871,Fatima Ahmed,Female,Operations,Karachi,54,Rs 87058,ayesha.khan@example.com,2015-01-15
E8872,Fatima Qureshi,Male,Marketing,Karachi,29,34643,ahmed.raza@example.com,2015-11-25
E8873,Ali Ahmed,Male,Operations,,25,51275,zain.malik@example.com,2020-07-07
E8874,Ahmed Qureshi,Female,Finance,Multan,37,88178,sara.ahmed@example.com,2020-09-04
E8875,Sara Hussain,Male,,,39,43335,ahmed.khan@example.com,02/09/2015
E8876,  Zain Hussain  ,Female,Operations,Faisalabad,34,41774,ahmed.qureshi@example.com,2018-10-31
E8877,Fatima Raza,Female,Operations,,23,87457,hina.malik@example.com,2016-05-27
E8878,Ahmed Hussain,Female,,Karachi,51,75289,hina.hussain@example.com,2019-11-09
E8879,Hina Khan,Male,Operations,Lahore,28,56811,fatima.malik@example.com,2021-08-28
E8880,Ahmed Sheikh,Female,Finance,Lahore,41,68009,nida.qureshi@example.com,2020-09-17
E8881,Fatima Khan,Male,HR,Islamabad,35,34967,fatima.ahmed@example.com,2018-06-15
E8882,Bilal Qureshi,Female,,Multan,24,50117,fatima.sheikh@example.com,2018-05-25
E8883,Omar Malik,Male,Finance,Lahore,43,34190,sara.sheikh@example.com,2022-01-02
E8884,Nida Qureshi,Male,HR,Faisalabad,41,49794,zain.sheikh@example.com,2018-03-17
E8885,Hina Qureshi,Female,Marketing,Multan,44,42348,ayesha.hussain@example.com,12/07/2015
E8886,Ayesha Raza,Female,HR,Karachi,23,65049,ayesha.raza@example.com,2018-08-02
E8887,Zain Hussain,Male,HR,Karachi,30,65740,ayesha.khan@example.com,2021-02-04
E8888,Bilal Hussain,Male,,Karachi,53,45621,ali.iqbal@example.com,2018-07-26
E8889,  Hina Hussain  ,Female,IT,,44,81994,ali.khan@example.com,17/04/2015
E8890,Sara Iqbal,Male,HR,Faisalabad,47,82536,fatima.khan@example.com,15/08/2021
E8891,Omar Hussain,Male,,Lahore,55,57015,ali.raza@example.com,2019-07-13
E8892,Ahmed Iqbal,Female,Marketing,Islamabad,45,85428,ahmed.iqbal@example.com,2022-12-09
E8893,Ayesha Ahmed,Female,IT,Islamabad,28,37942,ayesha.khan@example.com,2022-11-02
E8894,Hina Raza,Male,Operations,Islamabad,53,30944,bilal.hussain@example.com,2019-01-04
E8895,Fatima Qureshi,Male,Finance,Islamabad,39,79988,fatima.hussain@example.com,2022-04-12
E8896,Ayesha Sheikh,Female,Finance,Karachi,54,88089,bilal.malik@example.com,2021-06-25
E8897,Sara Malik,Male,Finance,Multan,41,47194,bilal.qureshi@example.com,2017-02-19
E8898,Bilal Raza,Male,,Faisalabad,48,60236,nida.sheikh@example.com,2021-08-23
E8899,Ayesha Malik,Male,Operations,,50,42809,hina.sheikh@example.com,2015-12-15
E8900,Fatima Hussain,Female,IT,Multan,38,43458,nidahussainexample.com,2021-01-10
E8901,Sara Raza,Female,Marketing,Multan,31,37417,bilal.raza@example.com,2021-01-31
E8902,Ahmed Iqbal,Female,Marketing,,32,31579,fatima.iqbal@example.com,2020-08-14
E8903,Fatima Malik,Female,Operations,Karachi,34,Rs 85335,hina.malik@example.com,2020-10-08
E8904,Zain Raza,Female,Marketing,,32,Rs 35150,zain.malik@example.com,2017-10-27
E8905,Omar Khan,Male,Finance,Multan,47,62569,bilal.ahmed@example.com,2019-11-13
E8906,Sara Hussain,Female,HR,Lahore,38,32983,nidarazaexample.com,2022-03-18
E8907,Omar Qureshi,Male,Sales,Karachi,32,81610,ali.ahmed@example.com,2020-12-24
E8908,Omar Sheikh,Female,Sales,Karachi,43,63654,sara.raza@example.com,2020-01-14
E8909,Fatima Ahmed,Male,HR,Islamabad,22,55197,zain.raza@example.com,2019-07-28
E8910,Ahmed Qureshi,Male,Sales,Multan,41,78468,nida.iqbal@example.com,2016-10-31
E8911,Nida Malik,Female,,Islamabad,48,84703,sara.hussain@example.com,2017-09-09
E8912,Hina Khan,Female,Operations,Lahore,39,42716,bilal.malik@example.com,2017-05-17
E8913,Ayesha Sheikh,Male,HR,,51,52249,zain.malik@example.com,2016-10-01
E8914,Ahmed Iqbal,Female,IT,Faisalabad,27,61708,hina.iqbal@example.com,2022-02-05
E8915,Ahmed Hussain,Female,IT,Karachi,53,48034,ali.qureshi@example.com,07/10/2015
E8916,Ahmed Raza,Male,HR,Lahore,40,81488,zain.khan@example.com,2020-01-01
E8917,Zain Hussain,Female,Marketing,Faisalabad,30,30454,hina.qureshi@example.com,2017-09-02
E8918,Omar Khan,Male,HR,Faisalabad,46,70515,zain.qureshi@example.com,2015-09-12
E8919,Zain Raza,Female,,Faisalabad,45,32929,zain.sheikh@example.com,2017-11-03
E8920,  Hina Hussain  ,Female,,Faisalabad,41,61579,ayesha.hussain@example.com,2022-08-20
E8921,Ayesha Sheikh,Male,Operations,Multan,25,67691,nida.malik@example.com,2017-10-23
E8922,Zain Raza,Female,Finance,Faisalabad,48,66645,bilal.sheikh@example.com,2022-10-17
E8923,Ali Sheikh,Male,Marketing,Faisalabad,49,Rs 34341,sara.khan@example.com,2015-08-31
E8924,Fatima Khan,Male,Operations,Lahore,27,53887,sara.iqbal@example.com,2022-01-30
E8925,Nida Iqbal,Female,Finance,Faisalabad,31,53842,nida.hussain@example.com,2016-09-20
E8926,Ayesha Malik,Male,IT,,39,49691,hina.ahmed@example.com,2016-10-30
E8927,Sara Iqbal,Male,Operations,Islamabad,44,65852,nida.ahmed@example.com,2017-07-22
E8928,Hina Malik,Female,Finance,Lahore,23,37733,zain.khan@example.com,2021-04-22
E8929,Omar Iqbal,Female,,Multan,27,45867,ayesha.qureshi@example.com,14/12/2021
E8930,Ahmed Khan,Female,,,26,52415,ali.ahmed@example.com,2022-06-25
E8931,Fatima Iqbal,Female,Operations,Faisalabad,49,87777,ahmed.qureshi@example.com,2015-08-12
E8932,Zain Sheikh,Male,IT,Multan,24,53319,ahmed.iqbal@example.com,2018-10-02
E8933,Ali Sheikh,Male,Sales,Multan,28,55101,ahmed.raza@example.com,2018-12-23
E8934,Ayesha Sheikh,Female,,Faisalabad,32,82085,zain.khan@example.com,2022-12-03
E8935,Sara Hussain,Male,,Multan,39,38494,ali.qureshi@example.com,2020-05-15
E8936,Bilal Khan,Male,Finance,Faisalabad,29,76569,ali.sheikh@example.com,2022-08-10
E8937,Sara Qureshi,Female,Operations,Faisalabad,28,61592,ayesha.hussain@example.com,2022-06-19
E8938,Bilal Raza,Female,IT,Faisalabad,28,49481,bilal.hussain@example.com,2019-11-26
E8939,Hina Ahmed,Male,Marketing,Faisalabad,48,50840,bilalahmedexample.com,2021-06-20
E8940,Ali Malik,Male,Finance,Karachi,25,79056,omar.raza@example.com,2018-08-01
E8941,Hina Malik,Female,Sales,,51,87951,fatima.iqbal@example.com,2020-12-07
E8942,Zain Hussain,Male,IT,Faisalabad,47,30728,bilal.ahmed@example.com,2016-01-18
E8943,Ahmed Hussain,Male,,Lahore,33,54562,ayesha.raza@example.com,17/10/2020
E8944,Nida Sheikh,Female,,Faisalabad,28,58808,ahmed.malik@example.com,2020-12-31
E8945,Fatima Malik,Female,Finance,,23,82595,zain.iqbal@example.com,2022-06-15
E8946,Omar Ahmed,Female,Sales,Lahore,47,83999,hina.iqbal@example.com,2019-03-18
E8947,Zain Sheikh,Female,IT,,32,57229,ayesha.sheikh@example.com,2021-04-09
E8948,Omar Khan,Female,Finance,Faisalabad,48,85663,omar.ahmed@example.com,2015-09-22
E8949,Omar Raza,Male,Operations,Islamabad,33,44236,zain.sheikh@example.com,2020-03-22
E8950,Ayesha Iqbal,Female,Marketing,Faisalabad,27,89465,ayesha.khan@example.com,2016-10-07
E8951,Nida Ahmed,Female,Finance,,46,76234,fatima.raza@example.com,2021-07-06
E8952,Omar Ahmed,Male,IT,Multan,39,Rs 39466,bilal.khan@example.com,2020-03-30
E8953,Ayesha Sheikh,Female,IT,Islamabad,52,55984,nida.sheikh@example.com,2020-06-15
E8954,Hina Iqbal,Female,,Multan,33,76641,zain.sheikh@example.com,2017-08-16
E8955,Zain Malik,Female,Operations,Lahore,23,78417,omar.iqbal@example.com,2019-07-23
E8956,Ali Khan,Male,,Karachi,32,38240,nida.qureshi@example.com,2018-08-17
E8957,  Bilal Ahmed  ,Male,IT,Karachi,25,35314,sara.malik@example.com,2017-02-03
E8958,Ayesha Ahmed,Male,Marketing,,46,63789,omar.iqbal@example.com,24/02/2019
E8959,Sara Hussain,Female,Operations,Lahore,34,79064,ayesha.sheikh@example.com,2019-09-11
E8960,Zain Iqbal,Male,Operations,Faisalabad,26,59849,bilal.iqbal@example.com,2018-03-19
E8961,Ayesha Raza,Female,Sales,,41,54914,ali.hussain@example.com,2020-01-30
E8962,Zain Qureshi,Male,IT,,26,64042,fatima.qureshi@example.com,2017-11-19
E8963,Sara Malik,Female,Sales,Lahore,24,54836,zain.khan@example.com,2022-07-29
E8964,Fatima Hussain,Female,Sales,Lahore,30,61297,bilal.hussain@example.com,2016-11-10
E8965,Ahmed Ahmed,Male,IT,Karachi,39,89267,fatima.malik@example.com,2017-04-08
E8966,Zain Raza,Male,HR,Islamabad,38,42209,ali.sheikh@example.com,2020-05-26
E8967,Ahmed Malik,Female,HR,Lahore,35,66635,fatima.ahmed@example.com,17/05/2020
E8968,Nida Qureshi,Male,IT,Islamabad,33,80013,hina.sheikh@example.com,2020-08-15
E8969,Hina Ahmed,Male,Finance,Islamabad,44,85363,hina.khan@example.com,2017-10-18
E8970,Ayesha Khan,Female,,Lahore,41,54899,ali.iqbal@example.com,2019-06-18
E8971,Nida Ahmed,Male,,Multan,22,45322,ali.khan@example.com,2019-04-28
E8972,Hina Qureshi,Female,Operations,Islamabad,44,42879,zain.khan@example.com,2022-09-04
E8973,Omar Malik,Male,Finance,Faisalabad,49,82055,fatima.qureshi@example.com,2019-09-29
E8974,Ali Ahmed,Male,Finance,Multan,55,30183,ayesha.qureshi@example.com,2017-09-09
E8975,Ali Malik,Male,Sales,Karachi,46,62159,omar.malik@example.com,2015-07-23
E8976,Bilal Qureshi,Male,Sales,Multan,40,57811,bilal.iqbal@example.com,2017-11-15
E8977,Ahmed Hussain,Male,,Karachi,31,67976,ayesha.sheikh@example.com,2015-02-12
E8978,Ahmed Ahmed,Female,IT,Islamabad,47,58909,hina.hussain@example.com,2020-12-31
E8979,Ahmed Hussain,Female,IT,Karachi,29,31124,ayesha.ahmed@example.com,17/10/2021
E8980,Hina Iqbal,Female,Sales,Karachi,53,47468,bilal.sheikh@example.com,01/07/2016
E8981,Ahmed Khan,Female,Marketing,Karachi,33,64799,hina.iqbal@example.com,2017-02-15
E8982,Bilal Malik,Female,,Multan,39,36081,hina.khan@example.com,2017-11-10
E8983,Ahmed Khan,Female,Finance,Lahore,51,30011,zain.khan@example.com,2018-10-12
E8984,Omar Ahmed,Female,IT,Karachi,30,45991,bilal.malik@example.com,2021-12-23
E8985,Ayesha Ahmed,Male,Operations,Faisalabad,53,46255,ali.iqbal@example.com,2016-07-19
E8986,Ali Iqbal,Female,Finance,Faisalabad,35,Rs 53040,fatima.ahmed@example.com,2019-06-20
E8987,Ali Sheikh,Male,Sales,Faisalabad,26,35108,zain.ahmed@example.com,2019-06-30
E8988,Nida Raza,Male,Marketing,Multan,55,31030,zain.malik@example.com,2020-07-21
E8989,Ahmed Ahmed,Female,Operations,Multan,53,33282,ahmed.malik@example.com,2022-03-09
E8990,  Ayesha Raza  ,Male,Finance,Multan,24,50998,ali.ahmed@example.com,2020-03-01
E8991,Ali Khan,Male,Operations,Faisalabad,49,40820,sara.iqbal@example.com,2018-01-18
E8992,Ali Sheikh,Female,IT,Multan,25,,bilal.ahmed@example.com,2017-04-11
E8993,Omar Ahmed,Female,,Faisalabad,41,67356,ayesha.khan@example.com,2017-02-06
E8994,Fatima Khan,Male,IT,Islamabad,39,53233,omar.malik@example.com,2018-01-12
E8995,Ayesha Sheikh,Female,HR,Faisalabad,46,70481,zain.ahmed@example.com,2021-10-15
E8996,Ahmed Malik,Male,Marketing,,31,73195,omar.qureshi@example.com,2020-10-10
E8997,Ayesha Khan,Male,HR,Islamabad,23,53161,omar.sheikh@example.com,2021-07-01
E8998,Hina Khan,Female,Operations,Karachi,35,80998,nida.iqbal@example.com,2021-09-19
E8999,Ahmed Hussain,Male,IT,Lahore,50,80664,sara.ahmed@example.com,26/01/2016
E9000,  Nida Sheikh  ,Female,HR,Lahore,40,87909,sara.sheikh@example.com,2021-11-01
E9001,Omar Iqbal,Male,Sales,Multan,40,49361,zain.sheikh@example.com,2021-11-08
E9002,Sara Sheikh,Female,Sales,Karachi,44,45465,fatima.hussain@example.com,2016-04-03
E9003,  Ayesha Hussain  ,Male,IT,Lahore,52,63594,ahmed.hussain@example.com,2022-10-16
E9004,Fatima Raza,Male,Marketing,Lahore,26,82626,ali.malik@example.com,2022-05-07
E9005,Nida Sheikh,Male,Sales,,26,Rs 73244,zain.qureshi@example.com,2021-11-27
E9006,Ayesha Khan,Female,Finance,,49,Rs 64888,sara.khan@example.com,2018-11-19
E9007,Ayesha Khan,Female,HR,,52,33126,hina.hussain@example.com,2020-08-08
E9008,Nida Khan,Male,Operations,Multan,34,50395,ahmed.raza@example.com,2017-10-09
E9009,Ahmed Raza,Male,Operations,Islamabad,40,41534,bilal.raza@example.com,2022-09-15
E9010,Zain Raza,Male,Finance,Lahore,31,61282,zainmalikexample.com,2015-03-13
E9011,Ahmed Raza,Male,IT,Islamabad,26,76101,sara.iqbal@example.com,2018-06-20
E9012,Ayesha Ahmed,Female,Marketing,,38,65142,bilal.hussain@example.com,2016-11-01
E9013,Omar Malik,Female,HR,Faisalabad,31,Rs 47204,ayesha.khan@example.com,2017-03-24
E9014,Ayesha Raza,Female,Sales,Islamabad,27,61627,bilal.ahmed@example.com,2016-11-26
E9015,Zain Ahmed,Female,Operations,Multan,28,78570,zain.ahmed@example.com,2018-04-07
E9016,Omar Hussain,Female,IT,Karachi,39,88377,zain.sheikh@example.com,2021-03-24
E9017,Sara Hussain,Female,IT,Faisalabad,23,77283,fatima.qureshi@example.com,2022-09-09
E9018,Omar Hussain,Female,Operations,Multan,51,Rs 46917,ali.raza@example.com,2022-02-18
E9019,Zain Qureshi,Male,,,26,81179,zain.iqbal@example.com,2021-08-09
E9020,Ali Sheikh,Female,HR,Islamabad,36,81556,bilal.sheikh@example.com,2022-10-24
E9021,Bilal Iqbal,Male,,,49,69294,zain.iqbal@example.com,2020-07-23
E9022,Zain Sheikh,Female,Operations,Islamabad,46,42966,sara.malik@example.com,2020-12-29
E9023,Nida Ahmed,Male,,,41,41099,ayesha.malik@example.com,2018-03-19
E9024,Hina Qureshi,Male,,Karachi,30,45765,sara.iqbal@example.com,2018-11-09
E9025,Sara Hussain,Female,IT,Lahore,22,89396,sara.malik@example.com,09/06/2020
E9026,Bilal Ahmed,Male,Sales,Lahore,53,59442,ayesha.qureshi@example.com,2018-08-17
E9027,Hina Raza,Female,HR,Islamabad,25,,sara.hussain@example.com,2021-10-26
E9028,Ahmed Ahmed,Female,Marketing,Islamabad,34,71724,ali.ahmed@example.com,2021-04-14
E9029,Omar Iqbal,Female,Marketing,Multan,55,68510,sara.hussain@example.com,2016-03-10
E9030,Fatima Malik,Male,IT,Multan,36,55344,sara.sheikh@example.com,2017-01-25
E9031,Omar Sheikh,Female,Sales,Lahore,40,76613,nida.qureshi@example.com,2018-07-08
E9032,Sara Khan,Male,Operations,,33,69649,omar.qureshi@example.com,2020-02-26
E9033,Omar Iqbal,Female,Operations,Lahore,51,41767,zain.iqbal@example.com,2019-09-04
E9034,Zain Qureshi,Male,Finance,Karachi,29,57239,zain.ahmed@example.com,2021-06-12
E9035,Fatima Raza,Female,Operations,,36,62751,ahmedkhanexample.com,2019-09-04
E9036,Nida Ahmed,Female,HR,Lahore,38,63605,ayesha.raza@example.com,2018-10-19
E9037,Hina Hussain,Female,Finance,,31,39011,nidaiqbalexample.com,2021-06-06
E9038,Omar Iqbal,Female,Marketing,Karachi,41,53752,fatima.malik@example.com,2016-05-21
E9039,Sara Ahmed,Male,IT,Multan,53,80352,sara.raza@example.com,2021-03-05
E9040,Nida Iqbal,Male,,Islamabad,25,40090,ayesha.hussain@example.com,2015-02-18
E9041,Nida Ahmed,Male,IT,Faisalabad,48,Rs 33638,ayesha.hussain@example.com,2018-12-08
E9042,Ayesha Hussain,Female,IT,Multan,41,76698,ayesha.hussain@example.com,26/01/2020
E9043,Omar Qureshi,Female,Operations,Lahore,30,71442,ahmed.hussain@example.com,2018-12-01
E9044,Ayesha Hussain,Male,Operations,Faisalabad,30,40214,sara.iqbal@example.com,2020-08-18
E9045,Hina Malik,Female,Operations,,30,32450,hina.ahmed@example.com,2016-06-09
E9046,Hina Iqbal,Female,HR,Faisalabad,42,60025,omar.malik@example.com,2017-07-22
E9047,Bilal Raza,Male,Sales,Faisalabad,50,52327,sara.iqbal@example.com,2015-04-23
E9048,Sara Hussain,Female,Sales,Islamabad,28,75122,ahmed.malik@example.com,26/05/2017
E9049,Fatima Iqbal,Male,,Faisalabad,48,60136,hina.iqbal@example.com,2020-02-05
E9050,Nida Khan,Female,Sales,Multan,40,56096,sara.hussain@example.com,2017-09-24
E9051,Ahmed Iqbal,Female,IT,Faisalabad,25,68693,hina.sheikh@example.com,2021-08-29
E9052,Ayesha Hussain,Male,HR,Multan,23,50281,hina.ahmed@example.com,2015-05-23
E9053,Nida Raza,Male,,Faisalabad,39,88458,ayesha.qureshi@example.com,2022-02-23
E9054,Bilal Malik,Female,HR,Karachi,54,70155,omar.raza@example.com,2019-09-30
E9055,Fatima Raza,Male,IT,Islamabad,45,63209,hina.sheikh@example.com,2020-06-07
E9056,Bilal Malik,Female,IT,Faisalabad,32,36240,sara.khan@example.com,2020-05-20
E9057,Bilal Raza,Female,HR,Islamabad,38,85839,sara.qureshi@example.com,2019-06-08
E9058,Ahmed Khan,Male,Marketing,Karachi,29,36035,bilal.ahmed@example.com,2015-07-17
E9059,Hina Raza,Female,Operations,Islamabad,39,81661,ayesha.sheikh@example.com,2015-11-03
E9060,Omar Khan,Male,Finance,Karachi,36,Rs 35672,ayesha.ahmed@example.com,2018-11-29
E9061,Ayesha Khan,Female,IT,Karachi,39,63563,ayesha.raza@example.com,2018-03-19
E9062,Zain Iqbal,Female,Sales,Lahore,45,72090,zain.hussain@example.com,2022-04-25
E9063,Bilal Khan,Female,Sales,Islamabad,49,52281,ali.malik@example.com,2019-12-09
E9064,Ayesha Iqbal,Male,,Faisalabad,41,47847,ayesha.raza@example.com,2020-01-09
E9065,Nida Raza,Male,IT,Islamabad,48,46578,ali.sheikh@example.com,2017-11-03
E9066,Ahmed Hussain,Female,Sales,Islamabad,47,66866,sara.ahmed@example.com,2020-09-18
E9067,Sara Hussain,Female,IT,Karachi,35,Rs 88556,zain.ahmed@example.com,2016-09-19
E9068,Hina Iqbal,Female,Operations,,52,59180,nida.khan@example.com,2017-05-04
E9069,Zain Sheikh,Male,Marketing,Lahore,27,86290,hina.raza@example.com,2015-04-04
E9070,Ayesha Iqbal,Male,Sales,Karachi,54,72985,hina.iqbal@example.com,2016-06-28
E9071,Zain Ahmed,Male,IT,Islamabad,24,58510,ali.iqbal@example.com,2016-10-28
E9072,Sara Raza,Female,Sales,,27,34305,zainsheikhexample.com,2018-01-01
E9073,Hina Sheikh,Male,HR,Faisalabad,30,66765,bilal.khan@example.com,2017-07-20
E9074,  Nida Hussain  ,Female,,Multan,24,59222,bilal.sheikh@example.com,2015-10-13
E9075,Omar Hussain,Female,HR,Lahore,46,65016,ahmed.khan@example.com,2018-08-07
E9076,Ahmed Malik,Female,IT,Multan,35,84198,ali.raza@example.com,2018-07-01
E9077,Omar Iqbal,Male,,Karachi,37,73000,ahmed.iqbal@example.com,2021-06-30
E9078,Nida Qureshi,Male,Finance,,44,59517,sara.raza@example.com,2021-09-30
E9079,Omar Qureshi,Female,Marketing,Lahore,53,Rs 88254,ahmed.sheikh@example.com,2018-06-03
E9080,Ali Iqbal,Female,Finance,Faisalabad,44,52750,nida.malik@example.com,2019-08-04
E9081,Bilal Raza,Male,IT,Faisalabad,52,62637,bilal.ahmed@example.com,2018-07-15
E9082,  Sara Malik  ,Male,,Lahore,39,81363,ali.hussain@example.com,2015-06-18
E9083,Omar Malik,Male,IT,Faisalabad,51,85691,hina.hussain@example.com,2018-02-04
E9084,Nida Khan,Female,Marketing,Lahore,42,61730,omarqureshiexample.com,2017-04-09
E9085,Sara Hussain,Female,Sales,,47,56177,fatimakhanexample.com,2015-08-24
E9086,Ali Malik,Male,Operations,Islamabad,51,62523,bilal.iqbal@example.com,2019-11-21
E9087,Sara Hussain,Female,IT,Lahore,44,81263,ayesha.qureshi@example.com,2016-12-01
E9088,Sara Qureshi,Female,,,48,35619,fatimasheikhexample.com,2019-10-07
E9089,Omar Qureshi,Female,HR,Faisalabad,39,62691,nida.khan@example.com,2022-06-08
E9090,Sara Hussain,Male,Marketing,,46,72985,zain.malik@example.com,2015-06-10
E9091,  Ahmed Hussain  ,Female,Operations,,49,70950,omar.qureshi@example.com,2019-02-16
E9092,Nida Hussain,Male,Finance,,53,56623,nida.qureshi@example.com,2015-08-23
E9093,Ali Malik,Female,HR,Faisalabad,46,35240,zain.khan@example.com,2020-10-18
E9094,  Hina Raza  ,Female,,Faisalabad,47,,sara.malik@example.com,2020-03-01
E9095,Zain Malik,Male,HR,Lahore,50,83121,ali.iqbal@example.com,2020-02-10
E9096,Ali Hussain,Male,IT,Islamabad,38,79855,zain.ahmed@example.com,2018-08-08
E9097,Nida Malik,Male,Operations,Lahore,27,Rs 82944,sara.iqbal@example.com,2015-07-26
E9098,Ali Hussain,Male,Operations,Islamabad,36,85593,ayesha.hussain@example.com,2016-09-24
E9099,Ayesha Khan,Female,HR,,41,44790,sara.hussain@example.com,2016-06-10
E9100,Bilal Iqbal,Female,Sales,Lahore,54,39703,sara.malik@example.com,2016-06-06
E9101,Ahmed Iqbal,Male,Marketing,Islamabad,28,36553,ayesha.malik@example.com,2017-03-15
E9102,Ali Malik,Male,,Lahore,47,77713,sara.khan@example.com,2016-07-29
E9103,Nida Khan,Male,HR,Islamabad,39,86230,nida.sheikh@example.com,2019-09-22
E9104,Ayesha Malik,Male,HR,Lahore,22,62125,omar.iqbal@example.com,26/04/2022
E9105,Sara Hussain,Female,IT,Faisalabad,35,82918,ahmed.qureshi@example.com,2020-05-31
E9106,Fatima Hussain,Male,Marketing,Islamabad,32,69575,zain.hussain@example.com,2017-06-25
E9107,Ayesha Khan,Male,Sales,Lahore,41,82737,omar.khan@example.com,2022-01-23
E9108,Sara Malik,Female,,,31,33966,sara.khan@example.com,2017-11-11
E9109,Hina Malik,Male,Finance,Lahore,32,37427,omar.raza@example.com,2015-02-19
E9110,Nida Malik,Female,,,29,50094,fatima.malik@example.com,2017-09-02
E9111,Bilal Iqbal,Male,Operations,Karachi,49,34693,bilal.iqbal@example.com,2021-08-17
E9112,Fatima Qureshi,Female,Operations,,38,Rs 74063,zain.raza@example.com,2016-01-27
E9113,Ahmed Qureshi,Male,Sales,Islamabad,44,Rs 78135,hina.raza@example.com,2019-10-30
E9114,Ayesha Malik,Female,Marketing,Multan,34,Rs 71324,hinarazaexample.com,2019-03-17
E9115,Zain Khan,Female,Sales,,30,83265,omar.iqbal@example.com,2019-12-22
E9116,Zain Qureshi,Male,Operations,Islamabad,40,75817,sara.raza@example.com,2017-11-30
E9117,Ali Sheikh,Male,Finance,,40,43014,hina.sheikh@example.com,2021-07-02
E9118,Bilal Malik,Female,Operations,Karachi,30,38344,sara.raza@example.com,2015-03-09
E9119,Ahmed Sheikh,Male,IT,Faisalabad,29,52359,bilal.sheikh@example.com,2016-09-19
E9120,Hina Hussain,Female,Finance,,41,72714,ali.malik@example.com,2022-06-07
E9121,Hina Malik,Male,Sales,Multan,47,64087,omar.khan@example.com,2019-02-27
E9122,Nida Raza,Male,Sales,Karachi,28,51899,zain.ahmed@example.com,2016-06-28
E9123,Hina Ahmed,Male,,Multan,22,80263,sara.khan@example.com,2018-03-16
E9124,Zain Iqbal,Male,Operations,Islamabad,23,47849,nida.iqbal@example.com,2016-09-23
E9125,Ahmed Raza,Female,,Lahore,40,42160,sara.malik@example.com,2017-10-02
E9126,Ahmed Khan,Male,Sales,Karachi,54,81515,fatima.raza@example.com,2021-07-19
E9127,Hina Hussain,Female,,Karachi,34,88323,ali.ahmed@example.com,2018-12-25
E9128,Ahmed Iqbal,Male,Operations,Multan,42,81587,hina.iqbal@example.com,2017-03-05
E9129,Nida Hussain,Male,Marketing,Islamabad,24,83840,fatima.khan@example.com,2022-08-22
E9130,Ayesha Malik,Female,IT,Multan,25,68055,ali.khan@example.com,2019-02-20
E9131,Ali Malik,Male,HR,Karachi,43,36544,fatimakhanexample.com,2016-07-14
E9132,Ahmed Ahmed,Male,Operations,Islamabad,54,,zain.khan@example.com,2016-05-27
E9133,Ali Iqbal,Male,Operations,,28,38686,ayesha.raza@example.com,2018-08-04
E9134,Omar Sheikh,Female,IT,Islamabad,34,,omar.hussain@example.com,2015-06-17
E9135,Omar Hussain,Male,Sales,,49,63274,nida.sheikh@example.com,2022-05-19
E9136,Fatima Sheikh,Female,Marketing,Karachi,45,71228,bilalsheikhexample.com,2022-02-26
E9137,Ayesha Qureshi,Male,,,26,48463,omar.raza@example.com,2019-11-14
E9138,Ahmed Khan,Male,IT,Faisalabad,40,53964,ahmed.qureshi@example.com,2016-04-24
E9139,Fatima Hussain,Male,Operations,,47,41097,hina.hussain@example.com,2016-06-01
E9140,Ahmed Qureshi,Female,HR,Karachi,25,57307,ayesha.khan@example.com,2022-03-07
E9141,Nida Hussain,Female,HR,Islamabad,42,Rs 65470,sara.iqbal@example.com,2022-04-30
E9142,Fatima Iqbal,Male,HR,Islamabad,27,36484,hina.sheikh@example.com,2021-05-12
E9143,Zain Raza,Female,Sales,Karachi,36,39082,ahmed.qureshi@example.com,2019-09-08
E9144,Ali Ahmed,Female,Operations,Faisalabad,52,45581,omar.qureshi@example.com,2016-09-20
E9145,Fatima Iqbal,Male,Operations,,48,45830,omar.raza@example.com,2015-03-22
E9146,Omar Raza,Male,IT,Multan,44,84650,ali.qureshi@example.com,2021-06-26
E9147,Bilal Hussain,Male,HR,Lahore,35,87549,ahmed.raza@example.com,2015-07-05
E9148,Ayesha Qureshi,Male,Finance,Islamabad,51,76734,sara.hussain@example.com,2021-02-03
E9149,Ahmed Qureshi,Male,,Karachi,24,89812,fatima.raza@example.com,2021-12-05
E9150,Omar Sheikh,Male,Finance,Islamabad,24,42990,omar.khan@example.com,2020-07-17
E9151,Fatima Iqbal,Female,Marketing,Lahore,42,83413,fatima.ahmed@example.com,2020-02-27
E9152,Zain Iqbal,Female,,Faisalabad,51,44305,ayesha.sheikh@example.com,2022-07-28
E9153,Hina Khan,Female,Finance,Lahore,35,74929,ayesha.raza@example.com,2015-02-13
E9154,Ahmed Hussain,Female,Sales,Multan,38,86787,ayesha.qureshi@example.com,2016-04-12
E9155,Zain Malik,Male,Operations,Islamabad,27,82207,nida.qureshi@example.com,2016-05-06
E9156,Ali Iqbal,Male,Finance,,23,72999,fatimaqureshiexample.com,2015-10-20
E9157,Omar Sheikh,Male,Sales,,25,51144,zain.hussain@example.com,2017-10-06
E9158,Bilal Qureshi,Male,IT,Islamabad,53,63282,sara.sheikh@example.com,2019-11-18
E9159,  Ahmed Khan  ,Female,Operations,Karachi,44,71721,ayesha.raza@example.com,2021-05-04
E9160,Omar Iqbal,Female,Operations,Islamabad,24,75248,fatima.ahmed@example.com,2022-03-30
E9161,Ali Hussain,Female,Sales,,43,33430,hina.iqbal@example.com,2019-05-02
E9162,Ahmed Qureshi,Female,,Karachi,25,34045,hinaiqbalexample.com,2021-09-10
E9163,Ayesha Khan,Female,Marketing,Faisalabad,35,54518,hina.sheikh@example.com,07/01/2020
E9164,Ayesha Raza,Male,Operations,,42,38609,ahmed.sheikh@example.com,2017-02-11
E9165,Ahmed Malik,Male,HR,,39,47819,bilal.raza@example.com,2019-11-01
E9166,Ayesha Sheikh,Male,HR,,45,62426,omar.sheikh@example.com,2017-09-15
E9167,Bilal Sheikh,Female,Finance,Multan,29,32070,ahmed.iqbal@example.com,2022-06-24
E9168,Bilal Sheikh,Male,Sales,Faisalabad,35,59340,hina.iqbal@example.com,2015-09-23
E9169,Bilal Hussain,Female,HR,,49,50007,bilal.raza@example.com,2018-04-05
E9170,Ayesha Raza,Male,IT,Islamabad,39,83782,sara.qureshi@example.com,2021-01-30
E9171,  Nida Hussain  ,Male,Operations,,24,78234,omar.malik@example.com,2021-05-05
E9172,  Zain Malik  ,Female,HR,Karachi,30,43063,ayesha.malik@example.com,2018-07-08
E9173,Bilal Hussain,Female,Marketing,Multan,41,53682,ali.ahmed@example.com,2017-02-04
E9174,Ahmed Raza,Female,Operations,Multan,33,55427,hina.malik@example.com,2022-08-22
E9175,Ahmed Malik,Female,Marketing,Faisalabad,31,55056,sara.sheikh@example.com,2020-11-01
E9176,Fatima Khan,Male,Finance,Karachi,24,39796,fatima.raza@example.com,2019-10-13
E9177,Fatima Raza,Male,Sales,Lahore,43,80117,omar.malik@example.com,2020-08-28
E9178,Hina Sheikh,Female,Operations,Faisalabad,42,71317,nidaahmedexample.com,2020-06-18
E9179,Bilal Sheikh,Male,Sales,Lahore,22,58459,fatima.hussain@example.com,2021-05-13
E9180,Ali Iqbal,Male,,Faisalabad,34,62066,ali.sheikh@example.com,2018-10-02
E9181,Fatima Qureshi,Male,Marketing,,28,53667,ali.hussain@example.com,2020-02-16
E9182,Ali Qureshi,Male,HR,Faisalabad,31,56467,nida.hussain@example.com,2022-06-14
E9183,Ali Sheikh,Male,IT,Lahore,28,68951,zain.malik@example.com,2018-09-23
E9184,  Ali Malik  ,Male,Sales,Karachi,45,48570,sara.iqbal@example.com,2020-11-25
E9185,Zain Malik,Female,,Karachi,43,40884,ayesha.iqbal@example.com,2015-11-10
E9186,Fatima Raza,Female,Marketing,Islamabad,44,54575,ahmed.qureshi@example.com,2021-06-23
E9187,Nida Ahmed,Female,Operations,Multan,45,31358,zain.ahmed@example.com,2016-05-21
E9188,Ayesha Malik,Female,Marketing,Multan,33,60800,zain.raza@example.com,2018-05-18
E9189,Zain Hussain,Female,Finance,Lahore,39,38051,zain.hussain@example.com,2017-09-07
E9190,Omar Qureshi,Female,,Islamabad,26,70500,hina.qureshi@example.com,2022-12-26
E9191,Ayesha Khan,Male,Sales,Karachi,50,33569,sara.raza@example.com,2017-09-25
E9192,  Bilal Raza  ,Female,IT,Faisalabad,29,31114,zain.hussain@example.com,08/06/2015
E9193,Sara Ahmed,Female,Marketing,Lahore,49,51007,ayesha.raza@example.com,2018-08-04
E9194,Bilal Khan,Female,Marketing,Faisalabad,47,80894,ali.sheikh@example.com,2021-09-02
E9195,Sara Qureshi,Female,Sales,Multan,43,82778,hina.ahmed@example.com,2022-02-14
E9196,Ahmed Sheikh,Male,Marketing,Lahore,42,58293,hina.raza@example.com,2017-07-05
E9197,Nida Qureshi,Male,Marketing,Karachi,35,40042,nida.sheikh@example.com,2020-06-23
E9198,Sara Iqbal,Male,Finance,Lahore,46,81207,ayesha.qureshi@example.com,19/10/2019
E9199,Ali Ahmed,Female,HR,Faisalabad,24,36885,zain.khan@example.com,2022-09-21
E9200,Bilal Ahmed,Female,Operations,Multan,29,80718,sara.ahmed@example.com,2022-11-24
E9201,Hina Ahmed,Male,IT,Faisalabad,27,49566,bilal.sheikh@example.com,2017-02-28
E9202,Zain Khan,Female,Finance,,28,56047,bilal.hussain@example.com,2017-01-03
E9203,Zain Sheikh,Male,Sales,Lahore,52,85583,fatima.ahmed@example.com,2017-02-25
E9204,Ali Iqbal,Female,Marketing,Faisalabad,22,83953,bilal.hussain@example.com,2021-01-03
E9205,Omar Khan,Female,Finance,Multan,35,72227,omarsheikhexample.com,2019-08-28
E9206,Fatima Sheikh,Male,Operations,,30,42846,ayesha.sheikh@example.com,2017-11-05
E3001,  Bilal Iqbal  ,Female,IT,Karachi,24,67150,bilal.raza@example.com,2022-07-15
E9208,Ahmed Khan,Female,IT,Islamabad,37,88837,nida.iqbal@example.com,2015-11-28
E9209,Omar Qureshi,Female,HR,Lahore,31,73294,bilal.ahmed@example.com,2020-04-15
E9210,Hina Hussain,Male,IT,,44,Rs 83381,sararazaexample.com,2016-09-06
E9211,Ali Malik,Female,HR,Islamabad,34,38339,ayesha.qureshi@example.com,2021-01-01
E9212,Ayesha Qureshi,Male,,Faisalabad,34,31438,bilaliqbalexample.com,2022-10-25
E9213,Sara Iqbal,Female,,Lahore,47,54991,hina.qureshi@example.com,2016-01-26
E9214,Ahmed Hussain,Male,Operations,Lahore,26,57896,fatima.hussain@example.com,2020-09-20
E9215,Bilal Khan,Male,HR,Multan,40,,sara.malik@example.com,2017-08-27
E9216,Sara Khan,Male,HR,Islamabad,39,33765,nida.khan@example.com,2019-11-13
E9217,Sara Qureshi,Male,Operations,,29,37555,ahmed.malik@example.com,2017-09-18
E9218,Nida Sheikh,Male,Operations,Karachi,52,42084,sara.qureshi@example.com,2018-08-21
E9219,Omar Hussain,Female,,Karachi,31,87738,nida.qureshi@example.com,2021-08-08
E9220,Hina Qureshi,Male,Marketing,Lahore,26,42881,ali.malik@example.com,2015-07-12
E9221,Ayesha Ahmed,Female,Finance,Multan,48,57934,zain.raza@example.com,2019-12-07
E9222,Ali Hussain,Female,Sales,Lahore,43,73140,nida.malik@example.com,2019-12-17
E9223,Sara Sheikh,Female,Operations,Karachi,26,50152,ali.khan@example.com,2015-12-27
E9224,Ayesha Raza,Female,Marketing,,41,61450,ali.raza@example.com,2022-12-14
E9225,Ali Khan,Male,Sales,Islamabad,29,42591,fatimaqureshiexample.com,18/02/2016
E9226,Hina Sheikh,Male,Operations,Karachi,26,56911,omar.raza@example.com,2015-04-29
E9227,Fatima Ahmed,Female,,Karachi,28,75007,sara.qureshi@example.com,2018-10-04
E9228,Omar Malik,Male,Operations,Multan,40,48337,hina.qureshi@example.com,2022-03-27
E9229,Fatima Ahmed,Male,HR,Faisalabad,48,85880,ahmed.raza@example.com,2022-11-09
E9230,Nida Khan,Female,IT,Multan,53,75483,omar.raza@example.com,2018-05-31
E9231,  Hina Iqbal  ,Female,HR,Lahore,33,76941,hina.sheikh@example.com,2020-02-20
E9232,Zain Sheikh,Female,,Faisalabad,46,84956,zain.iqbal@example.com,2019-08-14
E9233,Ali Raza,Female,Sales,Multan,29,89516,hina.raza@example.com,2021-09-26
E9234,Sara Raza,Female,,Lahore,29,61582,omar.malik@example.com,2015-03-15
E9235,Nida Ahmed,Female,Finance,Islamabad,53,33158,zain.khan@example.com,2018-10-17
E9236,Zain Ahmed,Male,HR,,37,77884,fatima.sheikh@example.com,2022-03-23
E9237,Sara Malik,Male,Operations,Karachi,52,83930,zain.khan@example.com,2019-06-15
E9238,Bilal Sheikh,Female,Finance,Multan,22,47768,ayesha.hussain@example.com,2020-12-20
E9239,Sara Khan,Male,Finance,Multan,33,47503,nida.ahmed@example.com,2015-12-12
E9240,Ayesha Iqbal,Male,Finance,Islamabad,29,58759,fatima.raza@example.com,2018-11-06
E9241,Nida Malik,Female,HR,Faisalabad,45,78420,sara.hussain@example.com,2019-04-10
E9242,Ahmed Qureshi,Male,Sales,Multan,35,80803,zain.qureshi@example.com,2016-08-06
E9243,Ayesha Sheikh,Male,,Karachi,38,57167,ahmed.raza@example.com,2017-04-11
E9244,Ali Hussain,Female,,Islamabad,44,57158,bilal.hussain@example.com,2018-10-25
E9245,Hina Sheikh,Female,IT,Karachi,24,75278,hina.hussain@example.com,2022-07-05
E9246,Fatima Raza,Female,Marketing,Multan,35,47515,bilal.hussain@example.com,2020-11-19
E9247,Omar Iqbal,Male,Sales,Lahore,45,39028,bilal.qureshi@example.com,06/06/2019
E9248,Hina Khan,Female,Marketing,Multan,42,80057,hina.raza@example.com,2021-05-22
E9249,Ayesha Ahmed,Female,Finance,Karachi,47,35167,zain.qureshi@example.com,2021-12-25
E9250,Sara Malik,Male,Finance,Lahore,51,53459,fatima.raza@example.com,2022-06-07
E9251,Nida Sheikh,Male,,,36,52805,alikhanexample.com,2017-04-14
E9252,  Zain Ahmed  ,Male,,Lahore,27,83573,ahmed.qureshi@example.com,2018-04-28
E9253,Ayesha Khan,Female,Marketing,Islamabad,34,44347,zain.qureshi@example.com,2019-02-24
E9254,Nida Khan,Female,IT,Karachi,28,89181,bilal.ahmed@example.com,2022-08-29
E9255,Sara Raza,Female,,Karachi,31,51767,hina.qureshi@example.com,2020-09-03
E9256,Nida Raza,Female,Operations,Karachi,29,74009,nida.khan@example.com,2017-09-07
E9257,Hina Malik,Male,,Lahore,34,47011,fatima.khan@example.com,2021-01-12
E9258,Ali Khan,Male,Finance,Lahore,26,61744,ayesha.qureshi@example.com,2016-10-06
E9259,Ayesha Ahmed,Female,IT,Karachi,33,66861,sara.qureshi@example.com,2015-02-06
E9260,Omar Sheikh,Female,,Karachi,41,35102,bilal.ahmed@example.com,2015-08-24
E9261,Fatima Iqbal,Male,Marketing,Islamabad,34,61898,fatima.hussain@example.com,2017-01-12
E9262,Zain Qureshi,Female,Marketing,Multan,38,Rs 34169,zain.ahmed@example.com,2018-03-24
E9263,Fatima Ahmed,Female,Sales,Faisalabad,46,48393,hina.raza@example.com,2016-04-06
E9264,Zain Khan,Male,Marketing,Multan,46,70998,sara.sheikh@example.com,2015-11-02
E9265,Nida Sheikh,Male,Sales,Islamabad,46,44662,bilal.hussain@example.com,2021-02-06
E9266,Zain Ahmed,Male,Operations,Multan,30,57811,ayesha.qureshi@example.com,2017-05-03
E9267,Sara Sheikh,Female,Sales,Islamabad,29,48649,fatima.raza@example.com,2018-04-08
E9268,Ahmed Iqbal,Male,Sales,Lahore,34,62257,hina.hussain@example.com,2019-09-18
E9269,Hina Qureshi,Male,Finance,Karachi,46,75497,zain.qureshi@example.com,2022-09-03
E9270,Bilal Malik,Male,Sales,Karachi,33,65078,bilal.sheikh@example.com,2017-06-22
E9271,Omar Hussain,Female,IT,Lahore,27,73901,hina.qureshi@example.com,2018-09-21
E9272,Zain Raza,Female,Marketing,Lahore,43,80375,ayesha.qureshi@example.com,2016-05-14
E9273,Ahmed Hussain,Male,IT,Islamabad,36,44883,ahmed.ahmed@example.com,2015-10-17
E9274,Fatima Raza,Female,Sales,Lahore,39,32291,ahmed.malik@example.com,2017-02-18
E9275,Ahmed Malik,Male,Marketing,Faisalabad,38,56256,ayesha.qureshi@example.com,2017-04-24
E9276,Hina Iqbal,Male,IT,Multan,22,58040,ali.qureshi@example.com,2022-04-06
E9277,Omar Ahmed,Female,Sales,Faisalabad,46,64003,fatima.qureshi@example.com,2020-09-28
E9278,Ayesha Qureshi,Female,HR,Karachi,22,36525,ahmed.hussain@example.com,2016-09-29
E9279,Omar Malik,Female,Operations,Faisalabad,26,44076,ayesha.malik@example.com,2016-09-27
E9280,Nida Sheikh,Male,Marketing,Islamabad,40,75307,ahmed.malik@example.com,2018-05-10
E9281,Fatima Qureshi,Male,,Faisalabad,48,79570,nida.iqbal@example.com,2020-01-28
E9282,Omar Malik,Male,Marketing,,29,39034,ahmedsheikhexample.com,2017-12-14
E9283,Nida Khan,Male,Sales,Islamabad,30,46845,fatima.khan@example.com,2015-03-18
E9284,Sara Malik,Male,IT,Karachi,22,Rs 52478,ayesha.iqbal@example.com,07/02/2020
E9285,Omar Qureshi,Female,Marketing,Karachi,43,Rs 81124,sara.malik@example.com,24/10/2022
E9286,Hina Khan,Female,IT,Multan,39,46344,fatima.khan@example.com,31/08/2015
E9287,Hina Iqbal,Male,Finance,,40,88273,bilal.qureshi@example.com,2016-06-11
E9288,Sara Sheikh,Male,Operations,Multan,38,66417,hina.qureshi@example.com,2021-06-10
E9289,Hina Malik,Female,Marketing,Karachi,50,67474,bilal.ahmed@example.com,2015-05-17
E9290,Nida Sheikh,Male,Sales,Lahore,45,72086,ali.malik@example.com,2019-12-13
E9291,Ayesha Iqbal,Female,,Islamabad,36,83459,hina.ahmed@example.com,2019-02-18
E9292,Bilal Hussain,Female,IT,Islamabad,34,88926,sara.hussain@example.com,2020-02-02
E9293,Fatima Iqbal,Male,Marketing,Karachi,49,38492,zain.iqbal@example.com,2017-03-07
E9294,Hina Malik,Male,HR,Lahore,25,87853,ayesha.qureshi@example.com,2019-05-08
E9295,Ayesha Hussain,Female,Finance,Faisalabad,23,65050,omar.ahmed@example.com,2020-02-14
E9296,Ali Khan,Female,HR,Faisalabad,52,36997,ahmedrazaexample.com,30/09/2022
E9297,Sara Qureshi,Female,HR,Lahore,40,Rs 38275,hina.raza@example.com,2020-01-07
E9298,Sara Sheikh,Female,HR,Karachi,55,37459,ahmed.sheikh@example.com,29/08/2020
E9299,Ahmed Raza,Male,Finance,,28,47625,nida.hussain@example.com,2022-06-21
E9300,Omar Ahmed,Female,Sales,,34,34138,fatima.hussain@example.com,2022-06-09
E9301,Bilal Iqbal,Male,Sales,Islamabad,34,74114,ayesha.ahmed@example.com,2021-03-10
E9302,Sara Sheikh,Female,Sales,,45,41266,sara.ahmed@example.com,2021-04-23
E9303,Bilal Hussain,Male,Marketing,Faisalabad,37,42293,fatima.sheikh@example.com,2022-05-20
E9304,Bilal Raza,Female,Operations,Lahore,35,61053,ali.ahmed@example.com,2021-10-07
E9305,Hina Iqbal,Male,Sales,Karachi,37,51345,ali.iqbal@example.com,2019-12-06
E9306,Ahmed Ahmed,Male,Sales,Lahore,49,88570,sara.raza@example.com,2018-05-03
E9307,  Bilal Sheikh  ,Male,,Islamabad,39,71407,hina.raza@example.com,2019-04-27
E9308,Ahmed Hussain,Male,Finance,Multan,26,58558,bilal.iqbal@example.com,2018-04-16
E9309,Ali Iqbal,Male,Finance,,50,64187,ahmed.malik@example.com,15/01/2021
E9310,Ayesha Iqbal,Male,Sales,Islamabad,44,49705,fatima.iqbal@example.com,2017-04-08
E9311,Ayesha Iqbal,Male,Marketing,Karachi,29,73422,ahmed.ahmed@example.com,2018-12-31
E9312,Sara Ahmed,Female,IT,,54,40151,zain.hussain@example.com,2017-07-24
E9313,Ayesha Qureshi,Female,IT,Multan,23,87831,zainqureshiexample.com,2017-01-25
E9314,Zain Ahmed,Female,Sales,Multan,22,43571,sara.raza@example.com,2017-12-08
E9315,Sara Raza,Male,Finance,Multan,50,87214,sara.khan@example.com,2018-01-27
E9316,Fatima Iqbal,Female,IT,Lahore,44,57812,ayesha.sheikh@example.com,2016-05-10
E9317,Omar Qureshi,Female,Sales,Karachi,46,44388,sara.hussain@example.com,2015-07-31
E9318,Zain Qureshi,Female,Operations,Multan,45,86168,ahmed.raza@example.com,2015-08-22
E9319,Nida Iqbal,Female,Operations,Islamabad,31,,fatima.iqbal@example.com,2018-06-16
E9320,Zain Hussain,Female,IT,Multan,43,78959,bilal.sheikh@example.com,2020-12-14
E9321,Ahmed Khan,Female,Sales,,42,33957,sara.sheikh@example.com,19/08/2015
E9322,  Ayesha Ahmed  ,Male,Sales,Karachi,38,33955,ayesha.khan@example.com,2020-12-10
E9323,Omar Sheikh,Male,Marketing,Islamabad,54,54192,ali.iqbal@example.com,2017-05-27
E9324,Omar Ahmed,Male,HR,Lahore,37,71115,ayesha.khan@example.com,2017-11-13
E9325,Fatima Malik,Male,Sales,,54,60744,ali.qureshi@example.com,2021-12-17
E9326,Ali Iqbal,Male,,Islamabad,49,42122,omar.malik@example.com,2018-03-25
E9327,Hina Iqbal,Female,HR,Islamabad,46,89492,ali.hussain@example.com,2018-08-10
E9328,Ayesha Raza,Male,Operations,Karachi,27,85725,hina.khan@example.com,2020-04-01
E9329,Ali Qureshi,Male,Operations,Karachi,31,35254,nida.ahmed@example.com,06/11/2019
E9330,Sara Hussain,Female,Sales,Faisalabad,34,71587,ayesha.sheikh@example.com,2017-02-15
E9331,Zain Sheikh,Male,Sales,,43,48029,fatima.sheikh@example.com,2020-10-24
E9332,Nida Malik,Female,HR,Karachi,55,66962,zain.iqbal@example.com,2017-08-14
E9333,Fatima Khan,Male,Sales,Karachi,53,51840,fatima.sheikh@example.com,2022-10-27
E9334,Sara Hussain,Female,Operations,Karachi,22,48514,ayesha.hussain@example.com,2015-08-14
E9335,Hina Khan,Male,Operations,Islamabad,43,58141,ali.raza@example.com,12/05/2022
E9336,Fatima Qureshi,Male,Marketing,,22,55339,ayesha.sheikh@example.com,2015-10-19
E9337,Hina Sheikh,Female,Finance,Karachi,52,87749,nida.sheikh@example.com,2015-07-20
E9338,Bilal Hussain,Female,,Islamabad,35,Rs 55674,nida.ahmed@example.com,2018-05-03
E9339,  Ali Qureshi  ,Female,Finance,Faisalabad,24,78224,zain.raza@example.com,2017-08-29
E9340,Sara Sheikh,Female,Marketing,,25,77188,zain.malik@example.com,2015-05-07
E9341,Hina Sheikh,Male,HR,Islamabad,52,63865,zainhussainexample.com,2022-08-21
E9342,Sara Qureshi,Male,Marketing,,30,65014,nida.iqbal@example.com,2015-11-13
E9343,Ayesha Khan,Female,IT,Karachi,38,89340,ahmed.iqbal@example.com,2017-09-13
E9344,Zain Ahmed,Male,Sales,,55,81957,bilal.iqbal@example.com,2020-09-08
E9345,Omar Qureshi,Male,Operations,Faisalabad,42,,hina.iqbal@example.com,2022-05-15
E9346,Hina Khan,Female,HR,Multan,46,83722,zain.ahmed@example.com,2016-08-28
E9347,Omar Raza,Male,,Faisalabad,37,30482,ali.ahmed@example.com,2022-01-28
E9348,Bilal Iqbal,Male,HR,Faisalabad,46,66876,zain.malik@example.com,2015-12-27
E9349,Ahmed Malik,Male,IT,Karachi,49,46559,ayesha.hussain@example.com,2022-06-21
E9350,Ayesha Khan,Male,HR,,47,Rs 89956,bilal.qureshi@example.com,2020-03-21
E9351,Ali Hussain,Female,IT,Islamabad,50,58566,sara.malik@example.com,2022-05-21
E9352,Zain Sheikh,Male,Marketing,Faisalabad,34,57538,ali.qureshi@example.com,2019-02-10
E9353,Zain Raza,Female,Operations,Multan,28,Rs 87355,ayesha.hussain@example.com,01/05/2017
E9354,Sara Iqbal,Female,HR,Islamabad,35,46562,omar.qureshi@example.com,2019-01-12
E9355,  Nida Iqbal  ,Female,Finance,Multan,47,Rs 54660,hina.sheikh@example.com,2021-03-23
E9356,Bilal Sheikh,Female,IT,Multan,33,64530,ayesha.iqbal@example.com,2018-09-24
E9357,Bilal Iqbal,Male,Operations,Islamabad,55,57865,zain.iqbal@example.com,2021-02-23
E9358,Ahmed Raza,Female,Marketing,Faisalabad,47,30291,sara.khan@example.com,2018-03-11
E9359,Fatima Hussain,Female,,Karachi,37,85877,bilal.ahmed@example.com,2020-04-29
E9360,Zain Iqbal,Female,,,35,64815,omar.qureshi@example.com,2015-11-05
E9361,  Nida Sheikh  ,Female,Sales,Karachi,51,60219,ali.khan@example.com,2022-04-09
E9362,Fatima Iqbal,Female,Operations,Islamabad,43,73564,nida.malik@example.com,2017-10-03
E9363,Ali Malik,Female,IT,Karachi,41,37208,sara.qureshi@example.com,2022-02-09
E9364,Ayesha Hussain,Male,Sales,Lahore,53,36057,nida.sheikh@example.com,2018-05-19
E9365,Ahmed Raza,Male,Sales,,23,53698,bilal.raza@example.com,2016-03-31
E9366,Ali Malik,Male,IT,Faisalabad,29,58029,ali.sheikh@example.com,2021-02-14
E9367,Fatima Hussain,Female,Sales,Multan,27,70392,ahmed.khan@example.com,08/09/2017
E9368,Hina Ahmed,Male,Finance,Lahore,33,63098,bilalqureshiexample.com,23/10/2020
E9369,Bilal Khan,Male,Finance,,27,87183,zain.ahmed@example.com,2017-06-13
E9370,Ali Raza,Male,IT,Multan,40,76323,nida.iqbal@example.com,2022-10-27
E9371,Bilal Khan,Female,IT,Islamabad,34,53424,sara.raza@example.com,2017-05-06
E9372,Ahmed Khan,Female,HR,Lahore,44,33739,bilal.qureshi@example.com,16/04/2019
E9373,Zain Raza,Female,Operations,Multan,34,74113,nida.malik@example.com,2018-07-29
E9374,Omar Iqbal,Male,Finance,Islamabad,36,73245,nidarazaexample.com,2020-08-18
E9375,Fatima Malik,Male,Finance,Lahore,38,53562,sara.malik@example.com,2019-02-15
E9376,Fatima Raza,Female,Operations,Karachi,32,83317,zain.sheikh@example.com,2016-05-09
E9377,Ahmed Hussain,Male,Finance,Karachi,50,79656,ahmed.hussain@example.com,2021-05-02
E9378,Sara Qureshi,Male,Sales,,32,56265,nida.raza@example.com,2017-06-29
E9379,Fatima Ahmed,Female,HR,,54,74273,ahmed.malik@example.com,2017-01-18
E9380,Sara Khan,Female,IT,,31,59898,nida.sheikh@example.com,2017-07-28
E9381,Ali Malik,Female,Operations,Lahore,54,53852,ali.malik@example.com,2020-03-15
E9382,Bilal Ahmed,Male,IT,Islamabad,29,74219,bilal.khan@example.com,2016-04-03
E9383,Hina Malik,Male,Marketing,Islamabad,44,53373,hina.sheikh@example.com,2017-11-25
E9384,  Hina Hussain  ,Female,,Lahore,48,70217,zain.qureshi@example.com,2020-03-29
E9385,Nida Khan,Female,Marketing,Karachi,45,51185,nida.hussain@example.com,2015-11-04
E9386,Hina Malik,Female,Operations,Islamabad,46,83936,nida.qureshi@example.com,2020-03-28
E9387,Nida Raza,Male,HR,Islamabad,22,35598,ayesha.qureshi@example.com,2015-11-21
E9388,Ahmed Iqbal,Female,HR,Multan,40,32077,ali.iqbal@example.com,2016-02-21
E9389,Fatima Iqbal,Female,IT,Faisalabad,25,56488,omar.iqbal@example.com,2018-08-12
E9390,Bilal Iqbal,Female,HR,Karachi,33,56537,nida.malik@example.com,2022-04-17
E9391,Nida Qureshi,Female,,Lahore,51,70601,omar.qureshi@example.com,2022-08-02
E9392,Omar Qureshi,Male,HR,Multan,40,82375,nida.sheikh@example.com,2018-01-30
E9393,Bilal Raza,Female,Operations,Islamabad,41,32142,ayesha.qureshi@example.com,2020-09-05
E9394,Ayesha Iqbal,Male,Operations,Lahore,51,30732,ahmed.iqbal@example.com,2018-05-09
E9395,Ali Ahmed,Male,Marketing,Lahore,51,51962,ali.qureshi@example.com,2015-04-04
E9396,Fatima Raza,Female,Marketing,Multan,23,43056,bilal.iqbal@example.com,29/12/2021
E9397,Zain Ahmed,Male,Operations,Karachi,46,Rs 69479,fatima.hussain@example.com,2017-12-08
E9398,Ahmed Ahmed,Male,,Karachi,39,48194,omar.sheikh@example.com,2015-09-20
E9399,Hina Sheikh,Male,Marketing,Multan,27,66600,bilal.malik@example.com,2017-05-12
E9400,Sara Ahmed,Male,Sales,,35,64916,fatima.sheikh@example.com,2020-11-11
E9401,Sara Sheikh,Female,,Lahore,37,49410,nida.sheikh@example.com,25/01/2019
E9402,Omar Iqbal,Female,Finance,Karachi,43,51362,nida.raza@example.com,2015-05-10
E9403,Ahmed Qureshi,Female,Marketing,,53,52112,zain.malik@example.com,2019-01-14
E9404,Hina Ahmed,Male,HR,Islamabad,55,63620,ali.raza@example.com,2020-10-12
E9405,Ahmed Ahmed,Female,,Faisalabad,32,79960,hina.qureshi@example.com,2017-09-15
E9406,Zain Iqbal,Female,Sales,Lahore,31,64251,fatima.qureshi@example.com,11/07/2019
E9407,  Hina Raza  ,Female,IT,Islamabad,39,70792,sara.iqbal@example.com,2021-03-01
E9408,Sara Khan,Female,IT,Lahore,40,71517,bilal.raza@example.com,2017-08-23
E9409,Bilal Ahmed,Female,HR,Lahore,30,32025,ali.raza@example.com,2020-05-30
E9410,Hina Sheikh,Female,,,36,64231,sara.sheikh@example.com,2022-10-15
E9411,Omar Iqbal,Male,IT,Islamabad,42,89482,omar.malik@example.com,2017-06-24
E9412,Sara Hussain,Female,IT,Karachi,24,36759,nida.malik@example.com,2015-09-06
E9413,Fatima Khan,Male,Sales,Multan,47,75573,hina.ahmed@example.com,2016-12-14
E9414,Ayesha Ahmed,Female,IT,Faisalabad,55,77362,sara.qureshi@example.com,2020-08-07
E9415,Omar Malik,Male,Finance,,41,39530,bilalrazaexample.com,2015-12-22
E9416,Ali Qureshi,Male,Marketing,Multan,35,36558,bilal.sheikh@example.com,2018-06-10
E9417,Ali Qureshi,Female,HR,Karachi,37,88954,zain.malik@example.com,2018-03-31
E9418,Ali Qureshi,Female,Sales,Multan,36,Rs 40356,ayesha.qureshi@example.com,2019-10-16
E9419,Sara Sheikh,Female,Finance,Islamabad,46,41471,ahmed.ahmed@example.com,2017-03-04
E9420,Hina Qureshi,Male,Operations,Karachi,23,70045,fatima.sheikh@example.com,2019-04-26
E9421,Ahmed Malik,Male,Marketing,Multan,47,50387,bilal.ahmed@example.com,2018-05-06
E9422,Bilal Hussain,Male,IT,Karachi,31,61047,ali.sheikh@example.com,2016-07-22
E9423,Ayesha Qureshi,Female,,,49,32186,ali.sheikh@example.com,2018-01-08
E9424,  Omar Raza  ,Female,Sales,Lahore,34,70553,nida.iqbal@example.com,2017-07-02
E9425,  Nida Khan  ,Male,Marketing,Karachi,31,35443,fatimamalikexample.com,2022-01-27
E9426,Ahmed Sheikh,Male,Sales,Multan,36,33077,ahmed.iqbal@example.com,2022-02-07
E9427,Ayesha Hussain,Female,IT,Islamabad,29,,ali.iqbal@example.com,2019-01-11
E9428,Zain Hussain,Male,Finance,,30,89845,bilal.khan@example.com,2019-04-13
E9429,Ali Ahmed,Male,Operations,Islamabad,40,37412,bilal.qureshi@example.com,2022-09-17
E9430,Hina Qureshi,Female,Sales,Islamabad,52,62567,nida.ahmed@example.com,2020-04-04
E9431,Ahmed Iqbal,Female,,Karachi,54,70151,omar.iqbal@example.com,2016-11-09
E9432,Nida Qureshi,Male,Marketing,Multan,52,55080,zain.ahmed@example.com,2022-03-07
E9433,Fatima Iqbal,Female,Marketing,Multan,39,80032,fatima.ahmed@example.com,2022-02-05
E9434,Omar Iqbal,Female,Operations,Multan,44,53303,ali.malik@example.com,2016-12-15
E9435,  Omar Hussain  ,Female,IT,Faisalabad,38,70774,omar.ahmed@example.com,2019-05-10
E9436,Nida Iqbal,Male,IT,,45,60515,zain.iqbal@example.com,2018-01-12
E9437,Sara Raza,Female,IT,Multan,48,82676,nida.qureshi@example.com,2020-11-13
E9438,  Zain Khan  ,Male,Finance,Faisalabad,22,52503,sara.iqbal@example.com,2016-09-14
E9439,Fatima Sheikh,Female,Operations,Multan,34,75154,ayesha.qureshi@example.com,2015-01-05
E9440,Zain Sheikh,Female,IT,Multan,29,36869,bilal.qureshi@example.com,2017-05-30
E9441,Omar Ahmed,Female,Marketing,,48,56849,zain.raza@example.com,2018-12-13
E9442,Hina Raza,Female,HR,Islamabad,54,51950,ali.qureshi@example.com,10/12/2019
E9443,Ayesha Sheikh,Female,Marketing,Multan,46,46611,bilalhussainexample.com,2021-01-06
E9444,Nida Malik,Male,Operations,Multan,45,58538,omar.qureshi@example.com,2015-06-14
E9445,Sara Khan,Female,Operations,,33,72411,hina.qureshi@example.com,2020-11-29
E9446,Fatima Hussain,Male,HR,Karachi,52,71024,nida.iqbal@example.com,2015-04-18
E9447,Sara Iqbal,Male,Operations,Multan,41,43431,fatima.malik@example.com,2022-09-26
E9448,Ahmed Ahmed,Male,IT,Faisalabad,55,55533,sara.ahmed@example.com,2017-09-25
E9449,Nida Malik,Male,Operations,Faisalabad,29,58407,zain.iqbal@example.com,2019-03-06
E9450,Fatima Khan,Male,Marketing,Multan,33,71110,omar.sheikh@example.com,2015-03-22
E9451,Ahmed Khan,Male,,,48,43574,ayesha.qureshi@example.com,2016-09-16
E9452,  Ayesha Iqbal  ,Male,Marketing,Karachi,40,84562,ayesha.qureshi@example.com,2015-05-20
E9453,Bilal Khan,Male,Marketing,Lahore,42,76072,zain.qureshi@example.com,2019-08-22
E9454,Fatima Raza,Female,Sales,Lahore,40,86285,omar.hussain@example.com,2019-09-19
E9455,Hina Ahmed,Male,Operations,,55,Rs 57896,sara.hussain@example.com,24/01/2015
E9456,Bilal Raza,Female,Sales,Karachi,30,81254,ahmed.raza@example.com,2020-04-01
E9457,Zain Raza,Female,IT,Karachi,51,80417,nida.malik@example.com,2016-12-18
E9458,Ahmed Sheikh,Male,Operations,Karachi,53,50925,fatima.malik@example.com,2018-04-03
E9459,Nida Iqbal,Female,HR,Karachi,29,77944,ayesha.hussain@example.com,2016-09-28
E9460,Ahmed Hussain,Male,IT,Multan,44,40877,fatima.raza@example.com,2016-04-25
E9461,Bilal Iqbal,Female,Sales,Faisalabad,27,47472,hina.khan@example.com,2015-02-05
E9462,Omar Hussain,Male,Finance,Faisalabad,29,87883,ayesha.hussain@example.com,2020-06-18
E9463,  Sara Sheikh  ,Female,HR,,38,49464,sara.malik@example.com,2015-08-07
E9464,Sara Malik,Female,,,29,68569,bilalkhanexample.com,2018-04-23
E9465,Hina Sheikh,Female,IT,Faisalabad,36,66255,sara.raza@example.com,2020-11-01
E9466,Omar Iqbal,Female,Marketing,Karachi,47,65718,fatima.malik@example.com,2015-02-05
E9467,Bilal Sheikh,Male,Operations,Lahore,41,30422,ali.iqbal@example.com,03/10/2020
E9468,Bilal Ahmed,Female,Sales,Multan,41,50707,zain.hussain@example.com,2020-01-22
E9469,Nida Sheikh,Male,Finance,Lahore,50,84611,bilal.malik@example.com,2016-06-15
E9470,Hina Sheikh,Female,Operations,Karachi,52,61038,nida.malik@example.com,2020-02-07
E9471,Ali Khan,Female,HR,,32,69125,ayesha.khan@example.com,2018-08-22
E9472,Ayesha Khan,Male,Operations,Multan,28,60076,ayesha.qureshi@example.com,2016-03-10
E9473,Ali Malik,Male,Marketing,,29,35878,fatimaiqbalexample.com,2019-12-05
E9474,Omar Khan,Male,,Multan,54,89451,zain.ahmed@example.com,2016-02-24
E9475,Nida Khan,Male,IT,Lahore,40,33577,bilal.ahmed@example.com,2019-09-15
E9476,Fatima Hussain,Female,Operations,Faisalabad,41,64051,hina.malik@example.com,2015-11-30
E9477,Ayesha Qureshi,Female,HR,Faisalabad,24,75388,zain.raza@example.com,2022-05-16
E9478,Omar Raza,Female,Operations,Multan,29,55365,sara.ahmed@example.com,2022-07-05
E9479,Sara Raza,Male,,Lahore,38,38500,fatima.malik@example.com,2019-08-16
E9480,Omar Raza,Female,HR,Islamabad,50,71275,ahmed.ahmed@example.com,2020-03-20
E9481,Sara Khan,Male,,Faisalabad,22,61758,nida.sheikh@example.com,2022-03-12
E9482,Ali Khan,Male,Sales,Islamabad,33,35859,ahmed.raza@example.com,2016-07-08
E9483,Nida Khan,Female,Finance,Faisalabad,34,30526,ayesha.khan@example.com,2016-07-25
E9484,Nida Raza,Female,Operations,Lahore,27,79215,fatimamalikexample.com,2021-09-03
E9485,Hina Malik,Female,HR,Faisalabad,46,66068,ali.iqbal@example.com,2021-12-05
E9486,Zain Khan,Female,Finance,Islamabad,29,63481,ahmed.ahmed@example.com,2018-02-17
E9487,Sara Ahmed,Female,Marketing,Lahore,52,60784,ali.raza@example.com,2020-06-28
E9488,Zain Malik,Male,HR,Islamabad,31,,sarasheikhexample.com,2018-05-16
E9489,Nida Sheikh,Female,Sales,,44,71457,sara.qureshi@example.com,2020-03-30
E9490,  Ali Raza  ,Male,Sales,Multan,54,62353,omarrazaexample.com,2021-02-09
E9491,Zain Raza,Male,Operations,Islamabad,30,60601,zain.sheikh@example.com,2019-07-18
E9492,Omar Iqbal,Female,,Multan,55,79923,ahmed.qureshi@example.com,2021-03-22
E9493,Omar Iqbal,Male,Marketing,Lahore,38,75641,sara.hussain@example.com,2020-06-27
E9494,Ali Malik,Female,Sales,Multan,38,64901,bilal.hussain@example.com,2018-07-04
E9495,Ayesha Iqbal,Male,HR,,32,Rs 80998,fatimahussainexample.com,2018-05-20
E9496,Fatima Hussain,Female,Finance,Lahore,50,78679,bilal.khan@example.com,2015-07-14
E9497,Zain Qureshi,Male,Operations,Karachi,29,67876,fatima.sheikh@example.com,2020-11-01
E9498,Fatima Raza,Female,,Faisalabad,54,50270,aliahmedexample.com,2021-05-12
E9499,Ahmed Khan,Male,IT,Islamabad,23,70898,hina.hussain@example.com,2022-12-12
E9500,Bilal Raza,Male,,Faisalabad,38,81196,ahmed.khan@example.com,2021-05-12
E9501,Sara Khan,Male,Sales,Islamabad,45,32413,fatima.khan@example.com,2018-06-24
E9502,Omar Qureshi,Female,Sales,,42,76766,ayesha.khan@example.com,2022-02-19
E9503,Nida Qureshi,Male,IT,Karachi,27,50344,bilal.iqbal@example.com,2015-01-15
E9504,Zain Sheikh,Male,Sales,Multan,33,58125,hina.ahmed@example.com,2022-02-02
E9505,Nida Malik,Female,IT,Lahore,45,Rs 54575,hina.iqbal@example.com,2015-03-18
E9506,Ayesha Iqbal,Male,,Multan,29,53578,ali.khan@example.com,2020-09-20
E9507,Hina Iqbal,Female,Marketing,Faisalabad,32,72511,sara.iqbal@example.com,2017-09-02
E9508,Fatima Khan,Female,Marketing,Karachi,28,74735,ali.sheikh@example.com,2017-12-14
E9509,Ahmed Iqbal,Female,IT,Karachi,52,,zain.iqbal@example.com,2015-10-27
E9510,Omar Qureshi,Female,Sales,Faisalabad,41,44889,nida.malik@example.com,2016-01-17
E9511,Ahmed Qureshi,Female,Sales,Multan,41,54228,bilal.qureshi@example.com,2022-12-17
E9512,Ayesha Raza,Female,IT,Faisalabad,50,78232,hina.ahmed@example.com,2015-07-02
E9513,Sara Iqbal,Female,,Islamabad,45,36654,omar.malik@example.com,2020-08-22
E9514,Fatima Khan,Male,,,49,77944,bilal.raza@example.com,2016-04-15
E9515,Omar Sheikh,Female,HR,Multan,36,88520,bilal.hussain@example.com,2015-10-25
E9516,Omar Sheikh,Male,Operations,Lahore,47,32913,omar.raza@example.com,2017-04-19
E9517,Ayesha Iqbal,Female,Finance,Islamabad,43,80390,omar.iqbal@example.com,2015-03-27
E9518,Hina Khan,Female,Marketing,Lahore,29,87091,omar.raza@example.com,2015-04-04
E9519,Sara Qureshi,Female,IT,Lahore,54,32311,ahmed.sheikh@example.com,2021-04-12
E9520,Ahmed Iqbal,Female,HR,Faisalabad,35,59388,zain.qureshi@example.com,2016-06-21
E9521,Fatima Sheikh,Male,Finance,Multan,52,89912,ayesha.khan@example.com,2022-10-02
E9522,Nida Khan,Male,HR,Multan,23,61961,zain.qureshi@example.com,2018-03-27
E9523,Nida Raza,Male,Marketing,Lahore,41,64872,ayesha.hussain@example.com,2015-08-22
E9524,Nida Malik,Male,IT,,51,32638,zain.hussain@example.com,09/02/2016
E9525,Fatima Qureshi,Female,Finance,Islamabad,24,87370,hina.iqbal@example.com,2016-06-08
E9526,Ayesha Iqbal,Female,Marketing,Faisalabad,32,,nida.iqbal@example.com,2022-04-10
E9527,Nida Qureshi,Male,,Karachi,34,68346,omar.raza@example.com,2015-10-21
E9528,Ali Raza,Female,Finance,Faisalabad,51,40235,omar.hussain@example.com,2017-04-07
E9529,Fatima Khan,Male,HR,Karachi,29,77572,zain.malik@example.com,2020-04-01
E9530,Ahmed Hussain,Female,,Karachi,32,64830,zain.iqbal@example.com,2022-11-16
E9531,Hina Malik,Female,IT,,45,35542,fatima.raza@example.com,2017-12-16
E5808,Omar Ahmed,Male,Operations,Islamabad,23,46456,nida.raza@example.com,2017-06-10
E9533,Nida Raza,Male,Operations,Multan,46,40449,nida.khan@example.com,2021-08-04
E9534,Ayesha Ahmed,Male,Finance,Faisalabad,54,75271,fatima.hussain@example.com,2018-07-23
E9535,Fatima Malik,Female,Sales,Faisalabad,33,57894,ali.hussain@example.com,2021-01-09
E9536,Hina Malik,Male,IT,Lahore,29,65769,hina.hussain@example.com,2021-12-01
E9537,  Zain Iqbal  ,Male,Sales,Faisalabad,30,49584,hinaiqbalexample.com,2016-01-11
E9538,  Fatima Khan  ,Female,HR,Faisalabad,22,79897,nida.qureshi@example.com,2021-03-30
E9539,Nida Sheikh,Female,Finance,Islamabad,36,47164,sara.iqbal@example.com,2020-07-23
E9540,Nida Sheikh,Female,Operations,Lahore,45,51852,omar.qureshi@example.com,2022-07-22
E9541,Hina Qureshi,Female,Finance,Multan,54,65628,fatima.ahmed@example.com,2019-06-23
E9542,Hina Khan,Female,,Faisalabad,29,89612,sara.iqbal@example.com,2020-11-02
E9543,Ali Sheikh,Female,Operations,Lahore,37,83672,ahmed.sheikh@example.com,2017-05-29
E9544,Ali Malik,Female,Sales,Karachi,50,88982,ayesha.ahmed@example.com,2018-12-06
E9545,Ayesha Ahmed,Female,Sales,Lahore,43,52792,bilal.khan@example.com,2017-05-13
E9546,Ahmed Iqbal,Male,IT,,27,75553,fatima.sheikh@example.com,2022-08-15
E9547,Ali Qureshi,Male,Operations,Karachi,49,89894,ahmed.malik@example.com,2020-11-16
E9548,Nida Khan,Female,Finance,Islamabad,33,58866,sara.qureshi@example.com,2016-02-22
E9549,Nida Ahmed,Male,Finance,,38,32762,fatima.ahmed@example.com,2015-12-19
E9550,Ayesha Sheikh,Male,Finance,,45,84584,nida.khan@example.com,2018-03-02
E9551,Sara Iqbal,Female,,Multan,31,33885,omar.qureshi@example.com,2021-11-10
E9552,Ahmed Khan,Male,Sales,,38,,ayesha.ahmed@example.com,2017-01-31
E9553,Ali Khan,Female,Operations,,24,44185,ayesha.qureshi@example.com,2017-03-07
E9554,  Hina Raza  ,Female,IT,,45,74304,zainkhanexample.com,2018-12-14
E9555,Ayesha Hussain,Female,HR,Lahore,45,31637,nida.ahmed@example.com,2017-11-21
E9556,Omar Iqbal,Male,Operations,Lahore,54,71905,fatima.khan@example.com,2016-10-12
E9557,Nida Qureshi,Male,Finance,Karachi,51,87732,sara.malik@example.com,2015-10-06
E9558,Hina Hussain,Male,Sales,Lahore,33,42235,ayesha.khan@example.com,2020-09-17
E9559,Fatima Qureshi,Male,Sales,Karachi,36,49344,sara.khan@example.com,2022-01-19
E9560,Ahmed Hussain,Female,Sales,Multan,45,57499,zain.iqbal@example.com,2020-10-14
E9561,Nida Ahmed,Male,,Karachi,26,49461,zain.sheikh@example.com,2019-04-04
E9562,  Hina Hussain  ,Female,Marketing,Lahore,54,51957,nida.ahmed@example.com,2017-05-06
E9563,Omar Qureshi,Female,HR,,55,81858,omar.ahmed@example.com,2021-08-16
E9564,Fatima Hussain,Male,HR,Karachi,42,63015,fatima.iqbal@example.com,2017-10-09
E9565,Fatima Raza,Female,,Karachi,44,48483,fatima.khan@example.com,2017-06-09
E9566,Ahmed Hussain,Female,Marketing,Faisalabad,32,86175,bilal.ahmed@example.com,2016-06-16
E9567,Omar Iqbal,Female,Finance,,32,61398,sara.qureshi@example.com,2021-10-26
E9568,Bilal Raza,Female,,Islamabad,31,89777,omar.raza@example.com,2017-06-17
E9569,Zain Raza,Female,Operations,,50,50930,hina.ahmed@example.com,2018-03-28
E9570,Bilal Raza,Male,Marketing,Faisalabad,52,35112,hina.raza@example.com,2017-03-11
E9571,Fatima Iqbal,Female,Sales,Islamabad,24,84427,ayesha.qureshi@example.com,2019-11-22
E9572,Omar Qureshi,Male,,,33,47487,ali.qureshi@example.com,12/07/2022
E9573,Omar Hussain,Female,Finance,Lahore,45,59301,ali.khan@example.com,2020-12-28
E9574,  Sara Sheikh  ,Male,Sales,,40,79601,omar.sheikh@example.com,2019-04-03
E9575,Hina Qureshi,Male,HR,,44,52625,hina.ahmed@example.com,2018-03-24
E9576,Hina Khan,Female,,Karachi,42,54167,zain.ahmed@example.com,2018-02-07
E9577,Nida Hussain,Male,Sales,Faisalabad,42,76748,hina.sheikh@example.com,2020-10-02
E9578,Omar Raza,Male,IT,,40,60583,nida.ahmed@example.com,2019-06-18
E9579,Zain Hussain,Female,Finance,Karachi,30,47737,bilal.raza@example.com,2017-11-12
E9580,Omar Ahmed,Female,IT,Lahore,32,87835,hina.sheikh@example.com,2015-10-13
E9581,  Ali Ahmed  ,Female,,Multan,24,43926,nida.hussain@example.com,2015-07-16
E9582,Zain Ahmed,Female,Marketing,Karachi,42,86122,nida.qureshi@example.com,2015-05-17
E9583,Fatima Khan,Female,Finance,Karachi,40,67220,ahmed.hussain@example.com,2021-02-27
E9584,Bilal Hussain,Male,Finance,Karachi,54,67188,sara.qureshi@example.com,2021-11-18
E9585,Ayesha Khan,Male,Marketing,Lahore,50,80456,hina.raza@example.com,2021-05-20
E9586,Sara Hussain,Female,Operations,Karachi,33,60516,fatima.khan@example.com,2019-04-30
E9587,Nida Raza,Male,HR,Karachi,29,45203,ahmedsheikhexample.com,2021-12-16
E9588,Hina Qureshi,Female,Finance,Islamabad,33,Rs 73724,nida.khan@example.com,2020-05-12
E9589,Hina Sheikh,Male,Finance,,54,51858,ayesha.hussain@example.com,2016-12-05
E9590,Nida Ahmed,Female,HR,Faisalabad,47,67048,hina.qureshi@example.com,2022-01-26
E9591,Fatima Khan,Male,Marketing,Karachi,50,82742,bilal.malik@example.com,2019-02-07
E9592,Ali Malik,Male,Sales,Karachi,37,38147,sara.qureshi@example.com,2022-08-23
E9593,Fatima Ahmed,Female,Operations,Karachi,37,32026,ayesha.raza@example.com,2018-01-21
E9594,Ali Sheikh,Male,HR,Faisalabad,45,73283,sara.malik@example.com,17/09/2017
E9595,Ali Hussain,Female,Finance,Faisalabad,37,51829,ali.khan@example.com,2022-03-13
E9596,Ali Sheikh,Female,IT,Faisalabad,51,85908,ahmed.khan@example.com,2017-06-07
E9597,Ahmed Hussain,Female,Operations,,23,54350,ali.ahmed@example.com,2019-06-22
E9598,Sara Malik,Female,HR,Islamabad,49,34780,omar.iqbal@example.com,2021-11-27
E9599,Hina Hussain,Female,HR,Lahore,35,83472,hina.qureshi@example.com,25/06/2018
E9600,Sara Raza,Male,Marketing,Lahore,31,81720,ayesha.malik@example.com,2020-03-04
E9601,Nida Ahmed,Male,HR,,35,87153,fatima.sheikh@example.com,2018-06-14
E9602,Ahmed Malik,Female,,Lahore,25,77666,nida.ahmed@example.com,2022-05-31
E9603,Fatima Khan,Male,Operations,Karachi,22,60288,ahmed.iqbal@example.com,2018-02-16
E9604,Ayesha Iqbal,Female,,,26,86482,bilal.khan@example.com,2017-09-12
E9605,Hina Hussain,Female,Marketing,Faisalabad,50,31416,ahmed.malik@example.com,2017-05-09
E9606,Omar Iqbal,Female,Marketing,Faisalabad,27,81579,zain.sheikh@example.com,2018-04-22
E9607,Fatima Malik,Male,Finance,Multan,44,47150,omarrazaexample.com,2018-05-31
E9608,Bilal Ahmed,Male,,,44,78273,ahmed.iqbal@example.com,2019-02-18
E9609,Bilal Raza,Male,Sales,Multan,52,40960,fatima.raza@example.com,2015-10-15
E9610,Fatima Ahmed,Female,Sales,Karachi,49,Rs 77464,nida.hussain@example.com,2018-03-26
E9611,Ahmed Hussain,Male,Finance,Faisalabad,34,77968,hina.ahmed@example.com,2020-05-10
E9612,Omar Khan,Female,Finance,,30,74792,hina.ahmed@example.com,2017-11-25
E9613,Ahmed Raza,Male,Sales,Multan,45,67507,omar.sheikh@example.com,2017-05-16
E9614,Ahmed Qureshi,Male,Operations,Faisalabad,29,78113,sara.hussain@example.com,2017-06-06
E9615,Zain Ahmed,Male,Marketing,Karachi,47,30830,fatima.iqbal@example.com,2015-08-16
E9616,Fatima Raza,Female,HR,Multan,48,63494,ahmed.hussain@example.com,2016-05-12
E9617,Ali Iqbal,Male,Finance,Faisalabad,30,30288,ayesha.iqbal@example.com,2016-05-12
E9618,Ayesha Malik,Female,Operations,Multan,26,71127,bilal.ahmed@example.com,2018-02-17
E9619,Sara Raza,Female,Operations,Multan,44,44779,sara.raza@example.com,2020-05-27
E9620,Omar Malik,Male,Marketing,Multan,49,35664,zain.hussain@example.com,2015-10-05
E9621,Ayesha Malik,Female,Finance,Faisalabad,52,83015,ahmed.sheikh@example.com,2019-02-08
E9622,Hina Ahmed,Female,Finance,Karachi,39,60331,hina.malik@example.com,2021-03-10
E9623,Ayesha Iqbal,Male,Operations,Karachi,46,60287,nida.raza@example.com,2016-07-06
E9624,Ahmed Sheikh,Female,Sales,Multan,35,58383,ali.iqbal@example.com,2022-02-21
E9625,Ali Hussain,Male,Marketing,Lahore,53,78636,ali.sheikh@example.com,2021-07-13
E9626,Bilal Qureshi,Male,Sales,,40,79228,fatima.qureshi@example.com,2022-06-01
E9627,Ali Khan,Male,HR,Faisalabad,53,68651,ali.iqbal@example.com,2019-10-05
E9628,Sara Malik,Female,Operations,,25,,ali.ahmed@example.com,2015-03-19
E9629,  Omar Raza  ,Male,Marketing,Islamabad,37,56130,bilal.ahmed@example.com,2019-08-31
E9630,Sara Ahmed,Female,Operations,Karachi,23,82300,nida.hussain@example.com,2022-07-12
E9631,Omar Qureshi,Male,Finance,Karachi,35,61192,ahmed.hussain@example.com,2017-01-10
E9632,  Zain Ahmed  ,Female,IT,Faisalabad,48,50599,ayesha.qureshi@example.com,2015-10-31
E9633,Fatima Sheikh,Female,,Multan,47,66671,ahmed.sheikh@example.com,2019-08-04
E9634,Ayesha Iqbal,Male,IT,Multan,37,80821,zain.raza@example.com,2019-02-04
E9635,Ahmed Sheikh,Female,Operations,Islamabad,55,39436,sara.hussain@example.com,2021-09-07
E9636,Sara Hussain,Male,Marketing,Lahore,49,74947,zain.sheikh@example.com,2015-12-06
E9637,Bilal Khan,Female,HR,Islamabad,25,48396,omar.hussain@example.com,2019-11-25
E9638,Fatima Malik,Female,,Islamabad,30,35941,bilal.malik@example.com,2022-12-24
E9639,Ayesha Khan,Female,Finance,,46,85729,omar.sheikh@example.com,2017-07-12
E9640,Nida Raza,Female,Sales,Islamabad,54,59999,sara.malik@example.com,2020-02-08
E9641,Fatima Khan,Female,Finance,Faisalabad,51,53610,omar.ahmed@example.com,2018-04-04
E9642,Ayesha Sheikh,Male,HR,Multan,29,72091,bilal.ahmed@example.com,2016-01-16
E9643,Sara Malik,Female,Sales,Islamabad,51,45202,sara.malik@example.com,2021-07-28
E9644,Ayesha Qureshi,Female,Operations,Multan,43,Rs 30298,zain.khan@example.com,2017-01-15
E9645,Fatima Qureshi,Female,Operations,Islamabad,54,88636,ahmed.qureshi@example.com,2017-05-10
E9646,Ayesha Malik,Male,HR,Karachi,38,35360,zain.qureshi@example.com,2022-01-25
E9647,Fatima Hussain,Female,Sales,Lahore,23,,ayesha.qureshi@example.com,2018-11-06
E9648,Zain Hussain,Male,Operations,Multan,43,67940,ahmed.raza@example.com,2022-01-04
E9649,Ahmed Raza,Male,Operations,Karachi,36,50492,hina.ahmed@example.com,2016-04-08
E9650,Sara Iqbal,Female,Operations,Lahore,26,41183,bilal.iqbal@example.com,2016-08-02
E9651,Fatima Raza,Male,Finance,Multan,48,62951,ayesha.raza@example.com,2019-02-15
E9652,Ahmed Khan,Female,Sales,Faisalabad,43,64230,nida.raza@example.com,2015-03-20
E9653,Ayesha Qureshi,Female,,Lahore,42,,hina.ahmed@example.com,2015-02-03
E9654,  Ahmed Ahmed  ,Male,,Islamabad,33,39222,nida.qureshi@example.com,2019-05-19
E9655,Ayesha Malik,Female,HR,,33,82286,omar.raza@example.com,2018-12-16
E9656,Hina Sheikh,Male,Marketing,,54,82413,ahmed.hussain@example.com,2022-03-09
E9657,Fatima Malik,Male,Finance,Faisalabad,54,36744,ayesha.qureshi@example.com,2022-09-20
E9658,Sara Sheikh,Male,Operations,,52,73123,ahmed.khan@example.com,2015-11-04
E9659,Omar Sheikh,Male,Finance,Islamabad,46,73390,omar.qureshi@example.com,2016-12-01
E9660,Ahmed Khan,Male,Operations,Faisalabad,29,63170,nida.ahmed@example.com,2017-03-25
E9661,Hina Raza,Male,Marketing,Faisalabad,50,61237,fatima.iqbal@example.com,2021-10-04
E9662,Ayesha Sheikh,Male,IT,,32,68491,ahmed.raza@example.com,2016-03-20
E9663,Bilal Raza,Male,Sales,Lahore,51,75033,nida.malik@example.com,2018-08-18
E9664,Ahmed Ahmed,Female,HR,Faisalabad,39,38488,sara.iqbal@example.com,2015-11-12
E9665,Hina Iqbal,Male,Sales,Faisalabad,48,60904,ayesha.khan@example.com,2021-02-22
E9666,Ahmed Khan,Female,Operations,,25,61722,hina.sheikh@example.com,2017-12-22
E9667,Nida Qureshi,Female,Operations,Multan,22,57844,omar.hussain@example.com,2018-03-02
E9668,Hina Hussain,Female,,Karachi,37,79780,hina.iqbal@example.com,2015-02-07
E9669,Nida Malik,Male,Operations,Lahore,40,77930,zain.qureshi@example.com,2015-05-10
E9670,Sara Khan,Male,Sales,Karachi,27,89796,ahmed.malik@example.com,2022-10-15
E9671,  Fatima Khan  ,Male,IT,Faisalabad,22,68741,ahmed.sheikh@example.com,2017-09-12
E9672,Ayesha Khan,Male,Sales,Faisalabad,45,77798,bilal.malik@example.com,2021-10-24
E9673,Omar Raza,Female,Finance,Lahore,33,38479,nida.qureshi@example.com,2022-11-10
E9674,Bilal Khan,Female,Marketing,Lahore,55,85842,bilal.malik@example.com,2022-03-20
E9675,Zain Ahmed,Male,HR,Karachi,50,54966,ayesha.hussain@example.com,2015-09-13
E9676,Ayesha Ahmed,Female,Operations,Lahore,23,42977,sara.qureshi@example.com,2021-04-22
E9677,  Hina Iqbal  ,Female,,Lahore,37,74789,ahmed.iqbal@example.com,2022-05-24
E9678,  Ali Hussain  ,Female,Finance,Faisalabad,45,51400,ahmed.ahmed@example.com,2018-08-30
E9679,Sara Hussain,Male,,Islamabad,27,,ali.sheikh@example.com,2018-06-28
E9680,Hina Ahmed,Male,Operations,Karachi,52,74907,ahmed.khan@example.com,2019-06-25
E9681,Ahmed Sheikh,Male,Finance,,27,57972,nida.raza@example.com,2020-10-20
E9682,  Omar Malik  ,Female,Sales,Karachi,39,44633,sara.hussain@example.com,2015-10-24
E9683,Sara Sheikh,Male,Sales,Faisalabad,50,80090,ayesha.raza@example.com,2022-01-05
E9684,Ahmed Khan,Female,Operations,Lahore,38,85993,nida.iqbal@example.com,2020-07-11
E9685,Fatima Malik,Male,Marketing,Islamabad,43,54580,hina.malik@example.com,2015-12-16
E9686,Zain Iqbal,Female,Finance,Lahore,22,77942,ayesha.ahmed@example.com,2022-03-31
E9687,Bilal Hussain,Female,Finance,Faisalabad,23,67724,hina.khan@example.com,2022-03-30
E9688,Ali Malik,Male,Sales,,52,68783,nida.iqbal@example.com,2022-12-03
E9689,Bilal Sheikh,Female,HR,Faisalabad,25,Rs 30169,omar.khan@example.com,2017-06-29
E9690,  Sara Sheikh  ,Female,Sales,Lahore,49,76487,bilal.iqbal@example.com,2015-08-12
E9691,Bilal Raza,Female,Operations,Lahore,39,48240,ahmed.malik@example.com,2015-02-01
E9692,Ahmed Iqbal,Female,Sales,,38,75145,ali.qureshi@example.com,2017-03-12
E9693,Omar Raza,Male,,,25,81827,nida.iqbal@example.com,2016-11-02
E9694,Ali Raza,Male,,Multan,52,85667,ahmed.sheikh@example.com,2018-12-15
E9695,Ahmed Qureshi,Male,Finance,Faisalabad,26,41047,nida.iqbal@example.com,2018-11-29
E9696,Omar Khan,Female,HR,Multan,33,42778,nida.sheikh@example.com,2021-05-15
E9697,Bilal Hussain,Female,,Karachi,42,67198,omar.sheikh@example.com,2021-03-08
E9698,Omar Qureshi,Male,Marketing,Karachi,36,Rs 40005,nida.ahmed@example.com,2018-07-29
E9699,Ali Khan,Female,HR,Lahore,40,50428,sara.sheikh@example.com,2019-12-04
E9700,Ahmed Hussain,Female,HR,,48,73859,nida.khan@example.com,2022-01-10
E9701,Ahmed Khan,Male,Finance,Islamabad,28,Rs 34641,bilal.malik@example.com,2016-02-06
E9702,Ali Qureshi,Female,IT,Lahore,28,68837,ahmed.hussain@example.com,2016-10-01
E9703,Sara Hussain,Male,HR,Multan,42,41910,ayesha.sheikh@example.com,2022-03-13
E9704,Ali Ahmed,Male,HR,Islamabad,43,81622,nida.malik@example.com,2022-03-19
E9705,  Sara Qureshi  ,Male,Sales,Faisalabad,43,34033,ahmed.hussain@example.com,2021-12-24
E9706,Fatima Malik,Male,Sales,Islamabad,33,56817,ayesha.hussain@example.com,2016-06-10
E9707,Nida Malik,Male,Operations,Lahore,38,48765,ali.iqbal@example.com,2022-06-22
E9708,Zain Ahmed,Male,IT,Islamabad,23,72987,zain.sheikh@example.com,2015-08-12
E9709,Fatima Iqbal,Male,IT,Islamabad,30,63692,ahmed.qureshi@example.com,2018-09-28
E9710,Ayesha Iqbal,Female,Finance,Karachi,50,45045,zain.iqbal@example.com,2019-02-21
E9711,Omar Malik,Male,Marketing,Karachi,33,32542,omar.sheikh@example.com,2020-08-04
E9712,Hina Iqbal,Female,Sales,Multan,25,75360,zain.ahmed@example.com,2022-06-21
E9713,Sara Qureshi,Female,,Lahore,29,61857,hina.ahmed@example.com,2020-11-02
E9714,Ahmed Iqbal,Male,Operations,Faisalabad,45,57027,bilal.raza@example.com,2021-01-22
E9715,Omar Raza,Female,Finance,Karachi,26,55556,ayesha.sheikh@example.com,2018-05-01
E9716,Omar Malik,Male,Finance,Faisalabad,29,32519,ayesha.khan@example.com,05/09/2016
E9717,Omar Iqbal,Female,Sales,Faisalabad,36,75210,zain.malik@example.com,2021-11-01
E9718,Hina Raza,Female,HR,,23,47894,bilalmalikexample.com,2020-08-01
E9719,Fatima Ahmed,Female,IT,Lahore,54,65636,ayesha.hussain@example.com,2019-06-10
E9720,Hina Malik,Female,Marketing,Karachi,36,33206,zain.raza@example.com,2022-09-15
E9721,Bilal Qureshi,Male,HR,,44,61190,nida.hussain@example.com,2018-09-06
E9722,Ali Sheikh,Female,,Faisalabad,34,56786,nida.sheikh@example.com,2016-06-14
E9723,Sara Hussain,Female,Sales,Islamabad,29,70391,bilal.iqbal@example.com,2019-01-04
E9724,Ahmed Hussain,Female,Marketing,,26,54636,zain.ahmed@example.com,2022-03-30
E9725,Omar Iqbal,Female,IT,Islamabad,49,56591,hina.hussain@example.com,2020-08-13
E9726,Omar Raza,Female,,Lahore,42,73376,nida.khan@example.com,2018-03-24
E9727,Ali Hussain,Female,Operations,Multan,29,66986,zain.malik@example.com,10/05/2019
E9728,Ahmed Malik,Female,Finance,Lahore,44,34378,ayesha.raza@example.com,2018-12-09
E9729,Omar Malik,Female,Finance,,30,Rs 59467,nidakhanexample.com,2015-02-02
E9730,Ayesha Malik,Male,Sales,Multan,31,56008,hina.sheikh@example.com,2021-06-07
E9731,Zain Raza,Female,Sales,Faisalabad,35,37579,hinaqureshiexample.com,2022-11-08
E9732,Omar Iqbal,Male,Sales,Karachi,38,85219,sara.malik@example.com,2019-06-09
E9733,Omar Hussain,Male,Marketing,,42,66064,bilal.malik@example.com,2022-07-31
E9734,Zain Iqbal,Male,Finance,Multan,25,Rs 41235,hina.raza@example.com,2021-07-31
E9735,Bilal Iqbal,Male,IT,Karachi,49,61000,sara.ahmed@example.com,2015-11-29
E9736,Hina Khan,Male,Sales,Islamabad,23,47962,ahmed.khan@example.com,2017-01-31
E9737,  Bilal Raza  ,Female,IT,Lahore,52,73180,zain.hussain@example.com,2022-04-18
E9738,Zain Raza,Male,IT,Faisalabad,26,74251,zain.malik@example.com,2022-02-20
E9739,Nida Raza,Male,HR,,35,89526,omar.ahmed@example.com,2017-05-22
E9740,Sara Malik,Female,IT,Faisalabad,53,,ali.raza@example.com,2016-02-09
E9741,Nida Sheikh,Female,,Islamabad,46,81957,ahmed.sheikh@example.com,2022-09-10
E9742,Ayesha Malik,Female,Finance,Lahore,46,48080,omar.khan@example.com,2017-08-27
E9743,Ayesha Qureshi,Female,IT,,51,60076,zainhussainexample.com,2017-10-24
E9744,Omar Ahmed,Female,Sales,,22,Rs 87229,fatimaiqbalexample.com,2022-08-13
E9745,  Zain Malik  ,Male,Finance,Multan,25,47019,bilal.iqbal@example.com,2022-10-21
E9746,Zain Khan,Female,IT,Karachi,46,86870,ayesha.raza@example.com,2016-03-31
E9747,Ayesha Malik,Male,IT,Karachi,22,30340,bilal.sheikh@example.com,2020-12-08
E9748,Hina Sheikh,Male,,Karachi,49,50923,sara.ahmed@example.com,2022-06-28
E9749,Ayesha Hussain,Female,Marketing,Faisalabad,25,51550,omar.iqbal@example.com,2019-12-28
E9750,  Bilal Raza  ,Male,Sales,Lahore,43,41736,zain.hussain@example.com,2020-09-16
E9751,Bilal Malik,Male,IT,Karachi,25,55963,zain.malik@example.com,2018-03-20
E9752,Nida Iqbal,Male,,Multan,48,87180,ahmed.ahmed@example.com,2015-02-24
E9753,Hina Ahmed,Female,Marketing,Lahore,40,30975,bilal.iqbal@example.com,2017-05-19
E9754,Bilal Hussain,Female,IT,,23,34569,hina.iqbal@example.com,2018-05-07
E9755,Hina Hussain,Female,IT,Islamabad,44,60044,omar.hussain@example.com,2022-10-15
E9756,Hina Khan,Female,HR,Multan,28,48312,omar.qureshi@example.com,2017-08-21
E9757,Ayesha Malik,Female,HR,,27,47412,ayesha.iqbal@example.com,2017-10-20
E9758,Ahmed Hussain,Female,,,36,64242,ayesha.raza@example.com,2019-08-17
E9759,Omar Ahmed,Female,Sales,Islamabad,33,64439,sara.qureshi@example.com,2017-02-18
E9760,Fatima Malik,Male,Operations,Lahore,39,32907,ayeshahussainexample.com,2017-04-26
E9761,Bilal Malik,Male,Sales,Lahore,23,56183,omar.ahmed@example.com,2016-04-03
E9762,Ali Iqbal,Female,Marketing,Karachi,28,86380,fatima.iqbal@example.com,2019-11-05
E9763,Sara Ahmed,Female,Operations,Multan,40,47152,hina.sheikh@example.com,2022-12-21
E9764,Sara Malik,Female,Finance,Multan,39,72787,nida.malik@example.com,2016-06-25
E9765,Sara Malik,Male,,Karachi,24,62338,ayesha.ahmed@example.com,2022-09-23
E9766,Hina Ahmed,Female,,Karachi,51,85787,bilal.khan@example.com,2018-08-13
E9767,Hina Sheikh,Female,,Multan,23,56395,bilal.raza@example.com,10/11/2018
E9768,Omar Malik,Female,Finance,,39,79445,hina.ahmed@example.com,2019-11-11
E9769,Zain Iqbal,Female,IT,Islamabad,34,53803,fatima.khan@example.com,2022-10-23
E9770,Bilal Malik,Male,HR,Faisalabad,55,86021,ayesharazaexample.com,2022-05-09
E9771,Sara Khan,Male,Marketing,Islamabad,34,78331,omar.raza@example.com,2015-02-18
E9772,Ayesha Khan,Male,IT,Lahore,42,68000,ali.hussain@example.com,2017-04-06
E9773,Sara Khan,Female,Operations,,36,36971,zain.hussain@example.com,2021-03-02
E9774,Omar Qureshi,Female,Finance,Islamabad,28,54875,nida.sheikh@example.com,2015-10-29
E9775,Ayesha Malik,Female,Marketing,Karachi,51,85650,ali.khan@example.com,2018-10-19
E9776,Sara Iqbal,Female,Operations,Islamabad,34,60640,zain.raza@example.com,2019-03-11
E9777,Sara Malik,Female,Marketing,Faisalabad,31,71635,hina.raza@example.com,2022-04-24
E9778,Bilal Ahmed,Male,HR,Karachi,40,77205,fatima.raza@example.com,2016-05-02
E9779,Ali Khan,Male,IT,Faisalabad,49,46673,sara.sheikh@example.com,2022-08-25
E9780,Nida Khan,Female,Operations,Islamabad,28,34193,omar.sheikh@example.com,2015-05-17
E9781,Ayesha Ahmed,Male,Sales,Lahore,44,78144,fatima.ahmed@example.com,2020-04-19
E9782,Fatima Ahmed,Male,HR,Multan,44,39650,nida.hussain@example.com,2016-02-11
E9783,Fatima Iqbal,Female,Sales,Karachi,32,Rs 55811,zain.malik@example.com,2022-08-16
E9784,Sara Malik,Male,Sales,Islamabad,31,58411,fatima.sheikh@example.com,2017-09-04
E9785,Zain Raza,Male,Marketing,Multan,40,34752,omar.hussain@example.com,2020-07-03
E9786,Ayesha Sheikh,Male,Sales,Faisalabad,27,,zain.iqbal@example.com,2018-08-26
E9787,Fatima Malik,Female,HR,Lahore,26,81632,ahmed.malik@example.com,2022-07-08
E9788,Zain Malik,Male,HR,Lahore,37,47955,fatima.iqbal@example.com,2019-10-04
E9789,Ayesha Ahmed,Male,Marketing,Multan,38,52651,omar.malik@example.com,2019-03-07
E9790,Ahmed Hussain,Male,,Islamabad,27,40641,sara.hussain@example.com,2019-07-07
E9791,Omar Sheikh,Female,Sales,Islamabad,40,72988,zain.malik@example.com,2017-10-23
E9792,Ahmed Sheikh,Female,HR,,28,Rs 37145,zain.raza@example.com,2017-02-20
E9793,Omar Khan,Male,Sales,Multan,30,79598,hina.sheikh@example.com,2015-08-06
E9794,Bilal Iqbal,Female,Marketing,Multan,48,67585,nida.raza@example.com,2016-09-27
E9795,Nida Hussain,Male,Operations,Faisalabad,30,65975,omar.qureshi@example.com,2019-06-26
E9796,Ahmed Raza,Female,,Islamabad,46,58059,zain.khan@example.com,2022-01-12
E9797,Bilal Hussain,Female,Marketing,Multan,45,47945,hina.malik@example.com,2020-01-23
E9798,Ahmed Ahmed,Male,Sales,Lahore,36,Rs 80864,hina.khan@example.com,2018-11-19
E9799,  Ali Raza  ,Female,,Karachi,42,69298,zain.iqbal@example.com,2021-12-26
E9800,Hina Iqbal,Male,Sales,Karachi,33,85243,sara.qureshi@example.com,2021-07-12
E9801,Fatima Khan,Male,IT,,52,59548,zain.khan@example.com,2016-07-08
E9802,Omar Hussain,Female,IT,Faisalabad,37,37654,ali.sheikh@example.com,2020-09-08
E9803,Nida Qureshi,Male,,Lahore,35,36330,bilal.sheikh@example.com,2018-04-23
E9804,Zain Khan,Female,IT,Lahore,48,83293,hina.qureshi@example.com,2020-11-03
E9805,Nida Sheikh,Male,Operations,Lahore,54,43925,omar.ahmed@example.com,2020-06-11
E9806,Hina Qureshi,Female,Operations,Karachi,42,63789,zain.hussain@example.com,2022-11-29
E9807,Sara Ahmed,Female,HR,Faisalabad,48,82516,nida.raza@example.com,06/09/2015
E9808,Ahmed Iqbal,Male,Operations,,23,34249,hina.khan@example.com,2016-08-20
E9809,Ahmed Malik,Female,Marketing,Lahore,48,65936,sara.ahmed@example.com,2022-10-04
E9810,Sara Qureshi,Male,Sales,Islamabad,39,51042,omar.khan@example.com,2015-09-05
E9811,  Omar Qureshi  ,Female,IT,Faisalabad,42,59212,zain.khan@example.com,2016-12-20
E9812,Ayesha Malik,Female,Marketing,,47,57739,ahmed.ahmed@example.com,2015-01-08
E9813,Sara Hussain,Male,,Islamabad,54,74115,fatima.khan@example.com,2020-07-07
E9814,Ayesha Hussain,Male,IT,,39,47356,ali.qureshi@example.com,2020-04-02
E9815,Ayesha Sheikh,Female,Marketing,Lahore,50,64747,ahmed.ahmed@example.com,2016-06-10
E9816,Zain Malik,Female,,Lahore,25,77000,fatima.malik@example.com,2022-04-13
E9817,Bilal Raza,Female,,Faisalabad,35,47867,nida.qureshi@example.com,2016-01-29
E9818,Ali Iqbal,Female,Operations,Islamabad,27,Rs 85145,zain.qureshi@example.com,2017-04-02
E9819,Sara Sheikh,Male,Operations,Faisalabad,45,34405,hina.sheikh@example.com,2022-03-08
E9820,Omar Ahmed,Female,Operations,Lahore,53,83907,omar.malik@example.com,2015-09-17
E9821,Ali Malik,Female,Finance,Lahore,49,43372,ahmed.raza@example.com,15/09/2022
E9822,Ahmed Hussain,Male,Finance,Lahore,43,56368,ali.malik@example.com,2019-08-25
E9823,Ayesha Hussain,Female,Finance,Lahore,28,54177,hina.ahmed@example.com,2021-07-27
E9824,Bilal Hussain,Male,Finance,Islamabad,33,72185,ayesha.hussain@example.com,2021-06-28
E9825,Ali Sheikh,Male,Sales,Multan,37,63378,fatima.khan@example.com,2015-11-17
E9826,  Sara Ahmed  ,Female,Finance,Lahore,38,Rs 38623,nidaqureshiexample.com,2016-07-24
E9827,Nida Hussain,Female,HR,Karachi,38,39212,ali.ahmed@example.com,2017-03-15
E9828,Fatima Malik,Female,Sales,Karachi,38,78923,ayesha.qureshi@example.com,2020-06-29
E9829,Bilal Iqbal,Male,Finance,,35,35425,zain.iqbal@example.com,2015-05-17
E9830,Fatima Iqbal,Female,HR,Islamabad,22,72668,omar.hussain@example.com,2020-01-02
E9831,Ali Hussain,Female,HR,Karachi,51,59158,ayesha.malik@example.com,16/01/2020
E9832,Hina Ahmed,Female,Marketing,Islamabad,41,56142,sara.raza@example.com,2019-08-23
E9833,Bilal Malik,Male,Finance,,43,83747,ali.ahmed@example.com,2018-09-13
E9834,Hina Khan,Female,Operations,Faisalabad,51,Rs 86758,fatima.hussain@example.com,2019-10-12
E9835,Ayesha Hussain,Female,HR,Multan,54,Rs 38782,ahmed.raza@example.com,2019-12-30
E9836,Ahmed Khan,Female,IT,Faisalabad,38,47796,hina.khan@example.com,2017-06-24
E9837,Ayesha Iqbal,Female,HR,Karachi,38,34061,fatima.raza@example.com,2015-09-26
E9838,Ahmed Khan,Female,,Faisalabad,25,85775,sara.raza@example.com,2021-08-04
E9839,Fatima Iqbal,Female,HR,Faisalabad,32,44243,nida.malik@example.com,2015-06-02
E9840,Zain Sheikh,Female,,Lahore,36,78322,ahmed.khan@example.com,2020-09-17
E9841,  Nida Sheikh  ,Male,Marketing,Lahore,25,52192,zain.khan@example.com,2019-06-30
E9842,Ayesha Raza,Male,,Islamabad,52,70857,ayesha.hussain@example.com,2021-08-21
E9843,Omar Iqbal,Male,IT,Lahore,52,50964,nida.khan@example.com,2019-04-16
E9844,Omar Sheikh,Female,Marketing,Faisalabad,29,55894,omar.sheikh@example.com,26/12/2017
E9845,Nida Ahmed,Female,,Lahore,41,49297,omar.malik@example.com,2016-06-22
E9846,Bilal Iqbal,Female,,Karachi,46,33993,nida.qureshi@example.com,2018-07-08
E9847,Zain Malik,Female,HR,,43,85623,sara.sheikh@example.com,12/04/2018
E9848,Bilal Raza,Male,Operations,Karachi,24,58572,ahmed.qureshi@example.com,2015-05-18
E9849,Ali Raza,Female,,Islamabad,31,68624,ali.iqbal@example.com,05/05/2017
E9850,Zain Sheikh,Male,Finance,Multan,49,33827,fatima.qureshi@example.com,2021-07-25
E9851,  Ayesha Hussain  ,Female,Marketing,Karachi,22,76013,omar.malik@example.com,2021-08-18
E9852,Omar Sheikh,Male,,Lahore,26,67896,hina.raza@example.com,2015-11-28
E9853,Sara Hussain,Female,Finance,Multan,26,,ayesha.sheikh@example.com,2022-07-11
E9854,Sara Hussain,Female,Sales,Multan,54,Rs 80498,ahmed.ahmed@example.com,2022-01-10
E9855,Bilal Raza,Female,IT,Multan,37,78019,bilal.hussain@example.com,2022-05-16
E9856,Zain Raza,Female,HR,Multan,50,43575,ahmed.raza@example.com,2019-09-06
E9857,Ahmed Iqbal,Female,,Lahore,48,68455,ali.sheikh@example.com,2018-05-03
E9858,Nida Hussain,Female,Operations,Karachi,26,32748,sara.sheikh@example.com,2015-10-17
E9859,Bilal Iqbal,Female,,Multan,24,67833,nida.sheikh@example.com,2021-11-27
E9860,Fatima Hussain,Male,,Lahore,54,51199,bilal.malik@example.com,2022-04-24
E9861,Sara Sheikh,Female,HR,Multan,26,45342,ahmed.ahmed@example.com,2019-09-03
E9862,Nida Sheikh,Male,,Faisalabad,28,76716,nida.sheikh@example.com,2015-01-09
E9863,Fatima Khan,Male,Sales,Faisalabad,36,86339,ali.malik@example.com,2019-04-30
E9864,Sara Ahmed,Male,Operations,Karachi,52,34833,fatima.iqbal@example.com,2018-11-05
E9865,Ali Ahmed,Male,Finance,Multan,55,59878,fatima.malik@example.com,2020-01-27
E9866,Bilal Ahmed,Female,,Faisalabad,25,67367,fatima.sheikh@example.com,2015-11-26
E9867,Hina Khan,Female,HR,,29,42777,fatima.qureshi@example.com,2016-04-24
E9868,Omar Iqbal,Female,,Faisalabad,29,86980,saramalikexample.com,2021-01-02
E9869,Sara Ahmed,Female,Finance,Faisalabad,24,60543,nida.ahmed@example.com,2019-01-15
E9870,Hina Iqbal,Female,IT,Islamabad,40,69631,ali.raza@example.com,21/06/2022
E9871,Zain Qureshi,Male,Marketing,Multan,51,78657,zain.khan@example.com,2019-01-04
E9872,  Bilal Raza  ,Male,HR,Faisalabad,22,50221,bilal.khan@example.com,2020-05-18
E9873,Nida Ahmed,Female,Finance,,54,77131,fatima.iqbal@example.com,2021-11-30
E9874,Bilal Qureshi,Female,,Multan,39,69702,sara.iqbal@example.com,2022-12-21
E9875,Zain Hussain,Female,Finance,Lahore,39,69325,omar.malik@example.com,2019-12-25
E9876,Nida Iqbal,Female,Finance,Faisalabad,38,39221,nida.raza@example.com,11/08/2021
E9877,Bilal Iqbal,Male,Finance,Lahore,38,54812,fatima.malik@example.com,2015-01-02
E9878,Nida Hussain,Male,IT,Faisalabad,42,Rs 88751,omarhussainexample.com,2022-12-10
E9879,Omar Malik,Male,Marketing,Karachi,36,32000,zain.malik@example.com,2020-01-29
E9880,Ali Iqbal,Male,Operations,Faisalabad,30,39804,sara.raza@example.com,2018-02-07
E9881,Ahmed Hussain,Male,,Karachi,44,32668,hina.qureshi@example.com,2022-05-07
E9882,  Ahmed Malik  ,Male,,Islamabad,47,32286,hina.hussain@example.com,2019-08-08
E9883,Sara Hussain,Female,HR,Multan,52,30084,ahmed.malik@example.com,2022-12-30
E9884,Hina Malik,Male,Sales,,30,54065,ahmed.khan@example.com,2016-05-01
E9885,Hina Ahmed,Female,HR,Multan,27,66236,ayesha.hussain@example.com,2017-01-21
E9886,Fatima Khan,Female,Operations,,26,79278,zain.raza@example.com,2021-12-25
E9887,Ahmed Iqbal,Female,,Lahore,43,49777,sara.malik@example.com,2020-10-22
E9888,Ahmed Iqbal,Male,Finance,Islamabad,26,65353,bilal.raza@example.com,2021-04-27
E9889,Zain Hussain,Female,Operations,Lahore,27,41568,hina.khan@example.com,2022-08-31
E9890,Ayesha Raza,Male,Sales,Lahore,22,50725,hina.sheikh@example.com,2017-10-23
E9891,Sara Ahmed,Female,Sales,,39,78320,ahmed.khan@example.com,31/03/2021
E9892,  Omar Ahmed  ,Female,Sales,,45,75120,zain.raza@example.com,2015-05-17
E9893,Zain Ahmed,Female,Finance,,30,88681,ali.khan@example.com,2016-02-25
E9894,Ali Ahmed,Female,Finance,Islamabad,47,Rs 88617,omariqbalexample.com,2021-01-07
E9895,Omar Raza,Male,Sales,Multan,44,49784,omar.ahmed@example.com,2015-08-09
E9896,Zain Khan,Female,Operations,Karachi,55,79300,ali.hussain@example.com,2016-11-22
E9897,Zain Sheikh,Male,IT,Lahore,30,44929,sara.iqbal@example.com,2018-03-01
E9898,Omar Malik,Male,Finance,,26,53136,fatima.khan@example.com,2020-06-26
E9899,Bilal Sheikh,Female,Finance,Faisalabad,48,77967,ali.sheikh@example.com,2020-12-12
E9900,Hina Malik,Female,Sales,Lahore,43,81732,ali.malik@example.com,2019-01-24
E9901,Ali Sheikh,Male,Finance,Karachi,44,45910,ahmed.ahmed@example.com,2016-01-14
E9902,Sara Ahmed,Female,HR,Faisalabad,27,42136,ahmed.hussain@example.com,2019-12-26
E9903,Hina Iqbal,Female,Finance,Karachi,41,41220,hina.iqbal@example.com,2019-07-25
E9904,Omar Hussain,Male,Finance,Lahore,49,49684,ali.iqbal@example.com,2018-01-06
E9905,Ahmed Iqbal,Female,Operations,Karachi,33,83887,bilal.ahmed@example.com,2021-10-09
E9906,Sara Hussain,Male,Finance,Lahore,22,84774,ayesha.ahmed@example.com,2020-09-07
E9907,Omar Khan,Male,,,22,86929,hina.iqbal@example.com,2016-07-09
E9908,Sara Ahmed,Male,Operations,Lahore,22,52923,hina.sheikh@example.com,2020-08-14
E9909,Sara Khan,Male,HR,,54,70838,ali.iqbal@example.com,2018-01-08
E9910,Ahmed Khan,Male,HR,Islamabad,55,62333,fatima.hussain@example.com,2016-02-26
E9911,Ayesha Qureshi,Male,HR,Faisalabad,52,80446,ayesha.hussain@example.com,2022-05-23
E9912,Omar Ahmed,Female,HR,Karachi,48,33303,zainahmedexample.com,2017-12-08
E9913,  Nida Raza  ,Female,Finance,Islamabad,41,89199,ahmed.khan@example.com,2017-11-18
E9914,Zain Ahmed,Male,Finance,,28,79743,nida.raza@example.com,2021-12-21
E9915,Hina Qureshi,Male,Marketing,Lahore,41,Rs 78067,ayesha.raza@example.com,2022-02-28
E9916,  Omar Qureshi  ,Female,IT,,37,30307,sara.ahmed@example.com,2020-06-03
E9917,Sara Iqbal,Male,IT,Islamabad,51,40756,ahmed.qureshi@example.com,2017-09-27
E9918,Ayesha Khan,Female,Finance,,50,82431,hina.raza@example.com,2019-11-24
E9919,Omar Raza,Female,IT,Karachi,32,66609,fatima.khan@example.com,2015-12-14
E9920,Zain Raza,Female,Operations,Lahore,32,52999,bilal.malik@example.com,2019-05-01
E9921,Zain Iqbal,Male,Operations,Islamabad,33,56316,sara.ahmed@example.com,2021-08-26
E9922,Nida Iqbal,Female,Finance,Islamabad,54,66487,fatima.qureshi@example.com,2021-03-11
E9923,Sara Raza,Male,Sales,Islamabad,45,77645,ali.hussain@example.com,2016-09-29
E9924,Ahmed Sheikh,Male,Operations,Multan,42,61160,hina.ahmed@example.com,2018-12-31
E9925,Fatima Qureshi,Male,Finance,Faisalabad,49,42277,ayesha.sheikh@example.com,2015-03-18
E9926,Ahmed Qureshi,Female,Sales,Multan,34,80401,fatima.ahmed@example.com,2015-06-14
E9927,Ali Qureshi,Male,HR,Faisalabad,27,40418,ayesha.khan@example.com,23/03/2022
E9928,Ahmed Qureshi,Female,Operations,,39,67143,nida.iqbal@example.com,2020-11-19
E9929,Fatima Qureshi,Female,IT,Faisalabad,36,42101,ali.malik@example.com,2015-11-30
E9930,Omar Sheikh,Female,,Islamabad,44,75003,bilal.malik@example.com,2019-10-03
E9931,Ayesha Iqbal,Female,Marketing,Karachi,40,Rs 64894,ali.ahmed@example.com,2016-07-20
E9932,Omar Qureshi,Male,IT,Islamabad,26,85626,zain.ahmed@example.com,2018-05-12
E9933,Ali Qureshi,Female,HR,Faisalabad,24,38883,omar.ahmed@example.com,2016-04-06
E9934,Zain Qureshi,Male,Operations,Multan,53,68728,bilal.iqbal@example.com,2021-03-29
E9935,Fatima Hussain,Female,Finance,Karachi,34,67406,nida.qureshi@example.com,2017-11-01
E9936,Sara Hussain,Female,Sales,Islamabad,31,59293,nida.ahmed@example.com,2017-06-26
E9937,Fatima Sheikh,Male,Finance,Faisalabad,51,35556,sara.hussain@example.com,2017-10-13
E9938,Sara Qureshi,Male,,Lahore,48,41844,ayesha.khan@example.com,2022-11-29
E9939,Zain Khan,Female,Finance,Lahore,26,50857,bilal.sheikh@example.com,2015-02-08
E9940,Sara Qureshi,Female,IT,Lahore,24,56245,ali.hussain@example.com,2022-03-17
E9941,Omar Qureshi,Male,Sales,Faisalabad,37,89704,zain.raza@example.com,2016-04-02
E9942,  Zain Sheikh  ,Male,Marketing,Multan,50,58246,ali.sheikh@example.com,2019-03-25
E9943,Hina Iqbal,Female,HR,Multan,52,71221,bilal.khan@example.com,2021-03-03
E9944,Ahmed Hussain,Female,Operations,Faisalabad,50,36218,zain.malik@example.com,2021-03-06
E9945,Fatima Raza,Female,Marketing,,37,50030,sara.iqbal@example.com,2019-10-07
E9946,Ahmed Ahmed,Male,Marketing,,27,69824,sara.qureshi@example.com,2020-08-26
E9947,Sara Raza,Female,Finance,Faisalabad,28,74745,hina.raza@example.com,2020-05-06
E9948,Nida Khan,Female,IT,Karachi,22,84113,zainrazaexample.com,2015-02-21
E9949,Ali Hussain,Female,Sales,Karachi,32,38220,ali.khan@example.com,2017-01-03
E9950,Omar Ahmed,Female,Operations,Islamabad,42,65674,ali.hussain@example.com,09/08/2017
E9951,Bilal Sheikh,Male,Operations,Islamabad,34,,ayesha.hussain@example.com,2017-04-29
E9952,Zain Hussain,Male,IT,Lahore,51,31395,bilal.khan@example.com,2017-03-21
E9953,Bilal Ahmed,Female,Sales,Lahore,42,58875,bilal.ahmed@example.com,30/04/2017
E9954,Omar Ahmed,Female,Marketing,Islamabad,36,70844,bilal.raza@example.com,2021-04-16
E9955,Ayesha Raza,Female,Operations,Lahore,35,87893,nida.qureshi@example.com,2022-05-06
E9956,Ayesha Iqbal,Male,Marketing,Faisalabad,43,44318,ayesha.sheikh@example.com,2015-10-22
E9957,Ali Khan,Female,,Islamabad,42,72949,hina.ahmed@example.com,2016-06-07
E9958,Ali Hussain,Male,Marketing,Lahore,29,46490,omar.ahmed@example.com,2021-04-22
E9959,Nida Malik,Female,Sales,,44,58556,ayesha.sheikh@example.com,2018-05-19
E9960,Sara Hussain,Male,HR,Lahore,26,67992,ali.iqbal@example.com,2020-03-11
E9961,Fatima Iqbal,Male,,Karachi,40,56253,ayesha.khan@example.com,2022-09-28
E9962,Nida Iqbal,Male,IT,,39,46822,sara.raza@example.com,2018-04-27
E9963,Ahmed Malik,Male,,Lahore,24,81762,omar.sheikh@example.com,2019-02-07
E9964,Fatima Raza,Female,,Karachi,23,34844,zainhussainexample.com,2017-12-05
E9965,Hina Hussain,Male,IT,Lahore,53,36993,nida.raza@example.com,2015-01-11
E9966,Ahmed Hussain,Male,,Multan,38,68733,ali.khan@example.com,2021-05-21
E9967,Hina Qureshi,Male,Marketing,Multan,49,87180,hina.iqbal@example.com,2015-08-21
E9968,Ahmed Iqbal,Female,Marketing,Multan,52,37548,ayesha.khan@example.com,2019-07-04
E9969,Ali Hussain,Female,IT,Lahore,30,35810,ahmed.hussain@example.com,2017-09-14
E9970,Nida Iqbal,Male,Sales,Multan,36,83207,fatima.ahmed@example.com,2017-10-14
E9971,Omar Sheikh,Female,Finance,Lahore,51,31061,ahmed.sheikh@example.com,2018-04-24
E9972,Ali Ahmed,Male,Marketing,Multan,55,,omar.qureshi@example.com,2020-12-08
E9973,Fatima Iqbal,Female,HR,,27,Rs 45380,omar.raza@example.com,2015-12-18
E9974,  Nida Ahmed  ,Female,Sales,Lahore,28,64225,ayesha.ahmed@example.com,2021-03-20
E9975,Nida Malik,Female,HR,Multan,55,33651,sara.sheikh@example.com,2017-11-02
E9976,Ayesha Raza,Male,IT,,54,82799,hina.sheikh@example.com,26/12/2018
E9977,Ali Sheikh,Male,Finance,,31,59439,hina.malik@example.com,2020-06-16
E9978,Ayesha Qureshi,Female,HR,Multan,28,85848,nida.hussain@example.com,2015-08-30
E9979,Zain Khan,Female,Operations,Faisalabad,25,39519,omar.qureshi@example.com,2018-06-19
E9980,Hina Raza,Male,Marketing,,50,81094,sara.sheikh@example.com,2021-11-06
E9981,Omar Sheikh,Female,HR,Islamabad,46,35258,ali.sheikh@example.com,2021-06-18
E9982,Ahmed Hussain,Female,IT,Multan,24,54900,ayesha.iqbal@example.com,2018-03-11
E9983,Ahmed Raza,Female,HR,Islamabad,42,47989,hina.iqbal@example.com,2021-02-23
E9984,Bilal Iqbal,Male,Marketing,,45,70869,nida.iqbal@example.com,2017-12-14
E9985,Zain Qureshi,Male,Finance,Faisalabad,42,89448,fatima.malik@example.com,2015-02-21
E9986,Sara Raza,Female,Finance,,51,32085,zain.sheikh@example.com,07/04/2018
E9987,Ahmed Hussain,Female,Marketing,Karachi,24,60720,zain.malik@example.com,2021-12-28
E9988,Bilal Ahmed,Female,HR,,38,74179,bilal.iqbal@example.com,2015-04-02
E9989,Hina Hussain,Male,Finance,Lahore,31,42800,zain.hussain@example.com,2021-12-13
E9990,Ayesha Khan,Female,Marketing,Faisalabad,45,83279,hina.raza@example.com,2016-10-27
E9991,Nida Hussain,Male,Finance,Faisalabad,36,Rs 39840,ayesha.hussain@example.com,2018-02-16
E9992,Ali Sheikh,Female,HR,Multan,50,83518,ahmed.hussain@example.com,2015-10-11
E9993,Sara Qureshi,Female,Operations,Karachi,51,57049,sara.khan@example.com,2017-09-21
E9994,Fatima Malik,Male,Sales,Faisalabad,48,46503,sara.qureshi@example.com,2020-04-05
E9995,Omar Iqbal,Female,Marketing,Islamabad,48,78747,sara.iqbal@example.com,2022-05-17
E9996,Hina Qureshi,Male,Marketing,Faisalabad,52,31518,hina.iqbal@example.com,2020-04-01
E9997,Sara Malik,Female,,Lahore,37,62829,sara.khan@example.com,2019-03-15
E9998,Fatima Malik,Male,Operations,Faisalabad,30,43557,zain.hussain@example.com,2017-03-01
E9999,Sara Khan,Female,Finance,Lahore,45,57637,ayesha.raza@example.com,2017-04-08
E10000,Bilal Ahmed,Female,Marketing,Faisalabad,39,Rs 82635,sara.iqbal@example.com,2021-03-12
E10001,Omar Ahmed,Female,HR,Multan,47,37362,ahmed.khan@example.com,2016-01-14
E10002,Ahmed Ahmed,Male,Marketing,Faisalabad,46,58411,hina.khan@example.com,2016-02-19
E10003,Nida Ahmed,Male,Operations,Multan,23,33626,fatima.khan@example.com,2016-07-19
E10004,Ahmed Qureshi,Female,,Faisalabad,53,87694,ali.iqbal@example.com,2021-06-19
E10005,Fatima Ahmed,Male,Finance,Karachi,22,52025,ahmed.sheikh@example.com,2017-11-13
E10006,Nida Khan,Female,Marketing,Karachi,33,82661,nida.ahmed@example.com,2017-01-03
E10007,Bilal Hussain,Female,Finance,Islamabad,52,70369,omar.qureshi@example.com,2015-04-17
E10008,Ahmed Sheikh,Female,IT,Islamabad,35,Rs 40051,ahmed.iqbal@example.com,14/10/2022
E10009,Bilal Iqbal,Male,Finance,Islamabad,53,56032,zain.qureshi@example.com,2020-10-19
E10010,Bilal Malik,Female,Sales,Lahore,30,88532,bilal.malik@example.com,2015-04-16
E10011,Fatima Sheikh,Male,Sales,Islamabad,35,86522,ayesha.sheikh@example.com,2020-06-20
E10012,Sara Malik,Female,,Islamabad,23,62088,sara.malik@example.com,2018-03-09
E10013,Zain Malik,Male,IT,Multan,45,53253,omar.qureshi@example.com,2015-12-26
E10014,Ali Khan,Female,Operations,Karachi,51,45063,sara.sheikh@example.com,2015-10-17
E10015,Bilal Malik,Male,IT,Islamabad,29,Rs 39557,ayesha.raza@example.com,2020-02-12
E10016,Omar Raza,Female,IT,Multan,31,78099,bilal.hussain@example.com,27/05/2017
E10017,Nida Sheikh,Male,Marketing,Multan,29,84900,omar.hussain@example.com,2021-02-15
E10018,Ayesha Malik,Male,Operations,Karachi,47,40200,fatima.sheikh@example.com,2017-04-18
E10019,Fatima Qureshi,Male,Marketing,Lahore,49,56312,omar.hussain@example.com,2021-09-29
E10020,Sara Khan,Female,,Karachi,33,41244,ahmed.khan@example.com,2020-03-27
E10021,Ahmed Sheikh,Female,Marketing,Faisalabad,46,75569,hina.malik@example.com,2019-01-05
E10022,Fatima Sheikh,Female,Finance,Multan,46,53231,ahmed.qureshi@example.com,2020-08-07
E10023,Sara Hussain,Male,IT,Karachi,55,57368,bilal.malik@example.com,2015-10-10
E10024,Ahmed Hussain,Male,Operations,,33,Rs 63062,ayesha.khan@example.com,2016-10-22
E10025,Ahmed Raza,Male,Operations,Multan,52,37558,nida.hussain@example.com,2022-11-13
E10026,Fatima Ahmed,Male,Finance,Karachi,36,69716,bilal.malik@example.com,2020-12-03
E10027,Ali Malik,Female,Operations,Lahore,38,Rs 69590,hina.iqbal@example.com,2021-01-24
E10028,Ali Raza,Female,Sales,,32,63774,bilal.khan@example.com,2021-05-07
E10029,  Zain Hussain  ,Male,Finance,Faisalabad,55,67536,sara.khan@example.com,2017-01-11
E10030,Hina Malik,Female,IT,Lahore,25,80248,ayesha.ahmed@example.com,2022-07-12
E10031,Ahmed Khan,Male,Finance,Multan,38,47684,sara.raza@example.com,2017-08-10
E10032,Omar Ahmed,Male,HR,Lahore,32,82669,fatima.iqbal@example.com,2018-04-26
E10033,Zain Ahmed,Female,Sales,,47,83981,ayesha.malik@example.com,2015-05-03
E10034,Omar Iqbal,Female,Marketing,Islamabad,42,36088,ahmed.malik@example.com,2017-10-24
E10035,Zain Ahmed,Male,Finance,Faisalabad,40,62067,hina.hussain@example.com,2022-11-18
E10036,Zain Malik,Female,IT,,40,89706,nida.iqbal@example.com,2018-07-27
E10037,Ayesha Malik,Male,Finance,Islamabad,47,63518,hina.iqbal@example.com,2018-10-11
E10038,Nida Hussain,Male,Finance,Lahore,22,42500,ayesha.hussain@example.com,2015-06-14
E10039,Ali Iqbal,Female,Finance,Multan,47,58633,ayesha.sheikh@example.com,2022-04-29
E10040,  Ahmed Malik  ,Male,Finance,,54,,nida.khan@example.com,2017-01-03
E10041,Ahmed Iqbal,Female,IT,,55,89374,fatima.qureshi@example.com,2016-12-09
E10042,  Omar Malik  ,Male,,Karachi,43,31090,zainrazaexample.com,2022-01-29
E10043,Bilal Sheikh,Male,Finance,Karachi,54,36217,nida.malik@example.com,2019-10-30
E10044,Zain Sheikh,Female,Finance,Lahore,37,72465,omar.khan@example.com,2017-12-26
E10045,Ahmed Iqbal,Male,IT,Faisalabad,31,54209,ayesha.ahmed@example.com,2017-03-08
E10046,Omar Sheikh,Female,Operations,Lahore,26,44249,fatima.khan@example.com,2018-04-13
E10047,Ahmed Qureshi,Male,,Lahore,26,37581,ahmed.khan@example.com,2016-04-06
E10048,Omar Sheikh,Male,HR,Multan,36,75291,fatima.sheikh@example.com,2022-10-10
E10049,Omar Iqbal,Female,Finance,Lahore,34,80650,zain.sheikh@example.com,2015-03-30
E10050,Ali Raza,Male,IT,,24,36265,bilal.hussain@example.com,2021-01-06
E10051,Hina Malik,Male,Sales,Multan,39,77562,nida.sheikh@example.com,2018-11-06
E10052,Ali Ahmed,Female,Finance,Multan,41,85914,fatima.ahmed@example.com,2015-11-11
E10053,Ayesha Ahmed,Male,Operations,Faisalabad,30,Rs 60470,zain.ahmed@example.com,2018-08-25
E10054,  Ayesha Qureshi  ,Male,Finance,Multan,28,41165,zain.qureshi@example.com,2022-01-23
E10055,Sara Sheikh,Female,Finance,Karachi,52,40426,nida.sheikh@example.com,2019-08-26
E10056,Ali Qureshi,Female,Sales,Multan,42,83142,nida.ahmed@example.com,2021-07-19
E10057,Zain Ahmed,Male,IT,Karachi,35,31151,ayesha.khan@example.com,2022-12-05
E10058,Ayesha Hussain,Female,HR,Lahore,41,84486,nida.hussain@example.com,2018-01-31
E10059,Bilal Qureshi,Male,Marketing,,44,85853,fatima.qureshi@example.com,2018-11-02
E10060,Ayesha Ahmed,Female,Finance,Faisalabad,48,66419,sara.sheikh@example.com,2019-05-10
E10061,Fatima Sheikh,Female,Marketing,Islamabad,38,,fatima.khan@example.com,2020-05-24
E10062,Ali Ahmed,Male,Operations,Faisalabad,44,41854,hina.ahmed@example.com,2020-09-13
E10063,Bilal Khan,Male,HR,Faisalabad,22,54167,zain.sheikh@example.com,2016-12-16
E10064,  Ayesha Iqbal  ,Female,,Karachi,40,51625,nida.hussain@example.com,2016-01-30
E10065,Omar Khan,Female,IT,Islamabad,41,74273,ayesha.khan@example.com,2017-04-06
E10066,Ali Sheikh,Female,,Faisalabad,48,33903,omar.sheikh@example.com,2017-02-25
E10067,  Ayesha Hussain  ,Female,Operations,Islamabad,32,54887,hina.raza@example.com,2021-12-30
E10068,Fatima Hussain,Male,Sales,,38,54895,ayesha.hussain@example.com,2017-11-10
E10069,Zain Qureshi,Female,,,23,32570,sara.malik@example.com,2019-09-08
E10070,  Omar Ahmed  ,Female,,,41,Rs 72066,fatima.iqbal@example.com,2019-03-28
E10071,Nida Khan,Female,HR,Lahore,40,69235,hina.hussain@example.com,2018-12-22
E10072,Ahmed Ahmed,Female,Operations,Islamabad,28,85623,ahmed.iqbal@example.com,2016-05-03
E10073,  Zain Raza  ,Female,Operations,Multan,47,50264,sara.qureshi@example.com,2018-12-12
E10074,Omar Ahmed,Female,HR,Lahore,35,88233,sara.sheikh@example.com,2022-06-30
E10075,Fatima Iqbal,Female,Sales,Islamabad,27,58410,bilal.iqbal@example.com,2020-12-27
E10076,Sara Qureshi,Male,Sales,,49,73384,bilal.hussain@example.com,2020-01-28
E10077,Bilal Qureshi,Female,HR,Multan,46,43207,ali.sheikh@example.com,2017-11-21
E10078,Omar Ahmed,Female,Finance,Lahore,40,78775,ayesha.hussain@example.com,2018-11-10
E10079,Nida Raza,Male,Sales,Karachi,28,76625,ayesha.sheikh@example.com,2021-03-07
E10080,Omar Khan,Male,Sales,Multan,53,70476,nida.malik@example.com,2019-01-23
E10081,Ayesha Sheikh,Female,Finance,Islamabad,25,58970,hina.sheikh@example.com,2016-05-22
E10082,Ali Malik,Female,Finance,Multan,25,42247,zain.khan@example.com,2015-04-23
E10083,  Sara Iqbal  ,Female,IT,Islamabad,25,72852,zain.qureshi@example.com,2018-10-19
E10084,Zain Qureshi,Male,Finance,Multan,36,41429,ayesha.sheikh@example.com,2017-05-06
E10085,Zain Qureshi,Female,Sales,,36,57342,zain.raza@example.com,2020-05-29
E10086,Ahmed Khan,Male,,Islamabad,50,57595,zain.ahmed@example.com,2022-04-03
E10087,Ali Raza,Female,Sales,Lahore,23,69324,bilal.malik@example.com,2017-09-21
E10088,Zain Ahmed,Male,Marketing,,38,37424,ahmed.ahmed@example.com,2020-06-18
E10089,Bilal Sheikh,Male,Marketing,Multan,50,64689,zain.qureshi@example.com,2018-02-27
E10090,Nida Hussain,Female,Operations,Islamabad,39,37028,ahmed.raza@example.com,2022-04-09
E10091,Nida Malik,Male,HR,Multan,30,63621,ahmed.ahmed@example.com,2019-03-08
E10092,Nida Khan,Male,IT,Multan,29,45629,ayesha.hussain@example.com,2018-10-10
E10093,Sara Hussain,Female,Operations,Multan,30,30875,hina.sheikh@example.com,2021-10-18
E10094,Bilal Raza,Female,,Multan,24,36949,bilal.ahmed@example.com,2018-11-05
E10095,Ahmed Iqbal,Female,Operations,Lahore,49,39966,nida.hussain@example.com,2020-03-17
E10096,Ali Ahmed,Male,IT,Islamabad,47,44294,ali.malik@example.com,2020-11-05
E10097,Ayesha Iqbal,Male,Finance,Multan,23,41846,ahmed.ahmed@example.com,2022-12-11
E10098,Bilal Hussain,Female,IT,Lahore,45,71250,ahmed.khan@example.com,2015-03-08
E10099,Bilal Iqbal,Female,Operations,Lahore,54,45209,omar.ahmed@example.com,2016-11-30
E10100,Bilal Iqbal,Female,Finance,Lahore,23,36922,bilal.malik@example.com,2017-02-14
E10101,Fatima Iqbal,Female,,Karachi,42,84742,fatima.sheikh@example.com,2015-04-18
E10102,Ayesha Sheikh,Female,Operations,Lahore,48,53669,nida.qureshi@example.com,2015-06-09
E10103,Bilal Sheikh,Male,Operations,Multan,22,66071,bilal.hussain@example.com,2020-09-04
E10104,Ayesha Sheikh,Male,Sales,Lahore,30,66446,ali.khan@example.com,2018-11-29
E10105,Ali Malik,Male,HR,Lahore,28,42775,zain.qureshi@example.com,2019-08-15
E10106,Ayesha Raza,Male,Sales,Faisalabad,53,57187,zain.qureshi@example.com,2021-06-14
E10107,Ali Iqbal,Female,Marketing,,25,56175,ali.raza@example.com,2016-02-04
E10108,Bilal Ahmed,Male,Finance,,54,42309,ahmed.hussain@example.com,2015-07-24
E10109,Zain Iqbal,Male,Operations,Lahore,54,84451,zain.qureshi@example.com,2016-07-21
E10110,Omar Qureshi,Female,IT,,54,42455,nida.raza@example.com,2016-03-22
E10111,Nida Iqbal,Male,Operations,Islamabad,22,68280,fatima.iqbal@example.com,2018-09-01
E10112,Bilal Raza,Female,Finance,,50,78563,omar.qureshi@example.com,2020-01-14
E10113,Zain Hussain,Male,Finance,Faisalabad,31,Rs 30353,fatima.ahmed@example.com,2020-10-31
E10114,Nida Qureshi,Female,Operations,Faisalabad,39,80806,zain.ahmed@example.com,2022-09-29
E10115,Ahmed Raza,Female,Marketing,Karachi,31,53988,sara.khan@example.com,2021-11-06
E10116,Sara Malik,Male,Sales,Islamabad,25,67599,ahmed.hussain@example.com,2022-10-25
E10117,Fatima Ahmed,Male,HR,Faisalabad,52,72664,ahmed.qureshi@example.com,2021-11-25
E10118,Fatima Sheikh,Female,Sales,Multan,43,47434,fatimaqureshiexample.com,2016-04-03
E10119,Nida Qureshi,Female,Finance,Multan,37,34374,ayesha.iqbal@example.com,2022-06-15
E10120,Hina Hussain,Male,,,23,43960,ayesha.hussain@example.com,2019-11-11
E10121,Ahmed Hussain,Male,Sales,Faisalabad,50,63003,sara.hussain@example.com,2020-03-19
E10122,Omar Sheikh,Female,IT,Karachi,51,32982,omar.qureshi@example.com,2020-10-17
E10123,Fatima Malik,Male,,Multan,31,77363,hina.malik@example.com,2019-03-30
E10124,Ahmed Qureshi,Male,,Karachi,31,30491,nida.ahmed@example.com,2016-12-15
E10125,Fatima Raza,Female,Operations,Islamabad,46,55186,omar.iqbal@example.com,2017-03-03
E10126,Omar Ahmed,Female,,,49,35335,hina.qureshi@example.com,2017-03-09
E10127,Ahmed Ahmed,Female,Finance,Islamabad,47,77622,ali.qureshi@example.com,2016-06-18
E10128,Omar Hussain,Female,Finance,Karachi,50,74175,zain.sheikh@example.com,2022-10-21
E10129,Nida Iqbal,Male,Operations,Islamabad,36,34691,fatima.iqbal@example.com,2020-11-16
E10130,Nida Iqbal,Male,IT,Multan,39,58857,nida.ahmed@example.com,2020-05-01
E10131,Ali Khan,Female,Marketing,Multan,42,37850,omar.khan@example.com,2015-07-30
E10132,Sara Ahmed,Male,IT,Lahore,55,35638,sara.khan@example.com,2020-09-04
E10133,Ayesha Khan,Female,Operations,Islamabad,49,65174,hina.hussain@example.com,2017-04-21
E10134,Omar Raza,Female,IT,Lahore,25,45820,ayesha.sheikh@example.com,2017-01-14
E10135,Ahmed Ahmed,Female,Sales,,27,77607,ali.iqbal@example.com,2017-08-17
E10136,Ayesha Sheikh,Male,,,42,44040,ayesha.hussain@example.com,2022-09-12
E10137,Ayesha Sheikh,Male,IT,Karachi,24,48733,zain.iqbal@example.com,2020-07-06
E10138,Bilal Raza,Male,HR,Karachi,24,39098,ahmed.sheikh@example.com,2021-02-23
E10139,Nida Sheikh,Female,Operations,Islamabad,55,59640,ayesha.sheikh@example.com,2021-07-13
E10140,Omar Khan,Female,,Faisalabad,45,44228,fatima.qureshi@example.com,2017-09-07
E10141,Bilal Hussain,Female,IT,,42,63611,omar.khan@example.com,16/06/2017
E10142,Ali Malik,Male,HR,Faisalabad,39,72171,nida.ahmed@example.com,14/06/2016
E10143,Bilal Khan,Male,Sales,,26,50891,ayesha.ahmed@example.com,2016-02-12
E10144,Sara Raza,Male,Finance,Islamabad,40,61451,hina.khan@example.com,2015-01-15
E10145,Bilal Khan,Female,,Faisalabad,46,86114,zain.khan@example.com,2020-10-02
E10146,Fatima Raza,Male,HR,Lahore,44,83474,sara.sheikh@example.com,2020-09-08
E10147,Sara Ahmed,Female,IT,Faisalabad,26,32830,hina.ahmed@example.com,2018-03-16
E10148,Bilal Iqbal,Male,Operations,Multan,49,32617,sara.malik@example.com,2021-12-15
E10149,Hina Malik,Female,Operations,Lahore,53,51920,sara.malik@example.com,2017-03-10
E10150,Fatima Hussain,Female,Sales,Faisalabad,32,41229,ayesha.malik@example.com,2021-03-17
E10151,Ali Ahmed,Female,Sales,Multan,29,62188,omar.hussain@example.com,2022-01-31
E10152,  Ayesha Iqbal  ,Male,IT,,31,38529,omar.ahmed@example.com,2022-02-24
E10153,Omar Qureshi,Female,Marketing,,50,39504,hina.malik@example.com,2018-06-25
E10154,Omar Sheikh,Female,Sales,,26,37367,nida.qureshi@example.com,2022-11-26
E10155,Ali Ahmed,Female,IT,,42,65291,bilal.khan@example.com,2020-04-30
E10156,Omar Hussain,Male,Sales,Faisalabad,31,84790,sara.khan@example.com,2021-04-05
E10157,Ahmed Malik,Male,HR,,47,75785,sara.khan@example.com,2020-05-25
E10158,Ayesha Ahmed,Female,IT,Karachi,27,66572,zain.malik@example.com,2022-04-25
E10159,Ayesha Ahmed,Male,Operations,Lahore,52,74864,nida.ahmed@example.com,2019-12-09
E10160,Ayesha Malik,Male,Finance,Islamabad,29,35126,fatima.khan@example.com,2020-12-27
E10161,Fatima Ahmed,Female,Sales,Karachi,54,66498,ayesha.iqbal@example.com,2021-03-15
E10162,Sara Raza,Female,,Islamabad,48,35810,nida.qureshi@example.com,2021-10-01
E10163,Hina Qureshi,Female,Marketing,Karachi,52,66470,ali.raza@example.com,2019-04-25
E10164,Fatima Sheikh,Male,Finance,Karachi,25,34617,zain.malik@example.com,2019-04-29
E10165,Ayesha Iqbal,Male,Finance,Faisalabad,49,79163,omar.iqbal@example.com,2021-10-21
E10166,Zain Raza,Female,Finance,Faisalabad,54,53604,ayesha.khan@example.com,2015-03-19
E10167,Fatima Iqbal,Female,Operations,,37,31275,ali.qureshi@example.com,2022-09-18
E10168,Bilal Hussain,Female,Operations,Multan,52,70281,omar.khan@example.com,2021-10-13
E10169,Omar Khan,Male,Operations,Faisalabad,30,34546,hina.sheikh@example.com,2022-11-25
E10170,Nida Khan,Female,Finance,Islamabad,23,54015,ahmed.khan@example.com,2017-07-24
E10171,Fatima Malik,Male,HR,Karachi,26,37066,bilal.ahmed@example.com,2018-08-22
E10172,Nida Malik,Male,HR,Karachi,49,83443,ali.qureshi@example.com,2015-08-07
E10173,Ahmed Qureshi,Male,Marketing,Lahore,38,52487,zain.iqbal@example.com,2017-08-08
E10174,Fatima Malik,Female,HR,,42,36691,fatima.khan@example.com,2015-08-13
E10175,Zain Hussain,Male,IT,,38,84877,nida.hussain@example.com,2019-05-06
E10176,Zain Sheikh,Female,Marketing,Lahore,51,57530,omar.iqbal@example.com,2018-03-27
E10177,Ahmed Iqbal,Male,,Lahore,27,33404,ayesha.khan@example.com,2021-09-02
E10178,Nida Sheikh,Female,HR,,37,40956,nida.raza@example.com,2020-12-11
E10179,Sara Ahmed,Female,IT,Karachi,36,81426,alisheikhexample.com,2016-12-16
E10180,Hina Hussain,Female,Marketing,Karachi,30,76558,omar.malik@example.com,2018-07-28
E10181,Omar Ahmed,Female,IT,Faisalabad,42,88690,omar.malik@example.com,2015-06-10
E10182,Fatima Khan,Male,,Faisalabad,27,40274,hina.iqbal@example.com,2020-10-30
E10183,Fatima Ahmed,Male,Sales,Faisalabad,48,61840,omar.raza@example.com,2018-11-03
E10184,Nida Hussain,Male,IT,Karachi,35,60751,zain.hussain@example.com,2018-07-05
E10185,Sara Hussain,Male,,Lahore,38,71828,sara.hussain@example.com,2017-10-12
E10186,Omar Qureshi,Female,Sales,Faisalabad,27,33450,ali.malik@example.com,2022-09-12
E10187,Ahmed Ahmed,Female,Marketing,Lahore,36,59769,fatima.hussain@example.com,2015-04-28
E10188,Nida Sheikh,Male,Operations,Islamabad,23,31577,ali.malik@example.com,2018-02-06
E10189,Ali Hussain,Male,Marketing,Lahore,24,75639,fatima.qureshi@example.com,2021-10-24
E10190,Ali Qureshi,Female,Sales,Lahore,41,89426,ali.raza@example.com,2019-09-19
E10191,Sara Hussain,Female,Marketing,Karachi,37,55269,ayesha.khan@example.com,2022-06-26
E10192,Fatima Raza,Female,Operations,Multan,46,62156,zain.iqbal@example.com,2021-07-21
E10193,Hina Qureshi,Male,Operations,Multan,31,69480,bilal.iqbal@example.com,2020-05-24
E10194,Ali Khan,Female,,Islamabad,45,32143,ali.hussain@example.com,2017-05-03
E10195,Fatima Hussain,Male,Sales,Faisalabad,47,37872,ayesha.sheikh@example.com,29/03/2022
E10196,Sara Hussain,Female,Finance,Islamabad,29,72346,ayesha.hussain@example.com,2018-03-16
E10197,Zain Raza,Male,Operations,,43,46725,ayesha.iqbal@example.com,2019-12-13
E10198,Zain Qureshi,Female,IT,,37,73454,fatima.sheikh@example.com,2018-08-13
E10199,Fatima Ahmed,Male,HR,Faisalabad,37,80692,fatima.raza@example.com,2018-10-26
E10200,Bilal Ahmed,Female,Sales,,22,43272,zain.khan@example.com,2017-03-08
E10201,Ahmed Raza,Male,IT,Lahore,43,61837,bilaliqbalexample.com,2015-04-21
E10202,Hina Hussain,Female,Finance,Lahore,27,83349,sara.qureshi@example.com,2019-09-19
E10203,Bilal Ahmed,Male,Operations,Islamabad,53,66371,ayesha.qureshi@example.com,26/12/2020
E10204,Fatima Qureshi,Male,Sales,Lahore,46,76523,ahmed.qureshi@example.com,2017-08-03
E10205,Fatima Sheikh,Female,Operations,Islamabad,32,Rs 45125,ali.qureshi@example.com,2018-09-14
E10206,Ayesha Ahmed,Male,Marketing,Multan,40,66234,omar.malik@example.com,2020-12-22
E10207,Fatima Khan,Male,,Islamabad,22,38560,ali.hussain@example.com,2019-02-20
E10208,Nida Ahmed,Female,Sales,,39,68258,sara.iqbal@example.com,2017-08-14
E10209,Nida Hussain,Female,HR,Lahore,49,51441,fatimaahmedexample.com,2018-03-26
E10210,Fatima Malik,Male,IT,Karachi,46,49021,sara.sheikh@example.com,2022-09-24
E10211,Omar Khan,Male,Operations,Islamabad,27,47731,bilal.malik@example.com,2022-06-07
E10212,Bilal Hussain,Male,,Multan,23,Rs 31607,zain.malik@example.com,2019-12-08
E10213,Ahmed Raza,Male,Marketing,Faisalabad,26,64113,ahmed.sheikh@example.com,2015-10-25
E10214,Sara Raza,Female,IT,Multan,24,Rs 50012,sara.malik@example.com,2019-10-06
E10215,  Zain Qureshi  ,Female,Finance,Lahore,49,37329,ali.khan@example.com,2017-05-26
E10216,Ali Qureshi,Male,Operations,,26,57704,alihussainexample.com,2022-12-12
E10217,Omar Qureshi,Male,,,44,71277,hina.raza@example.com,2021-04-02
E10218,Ahmed Hussain,Male,Finance,Faisalabad,54,66231,ahmed.malik@example.com,2020-10-01
E10219,Hina Qureshi,Female,Marketing,Lahore,26,79667,bilal.hussain@example.com,2017-10-07
E10220,Sara Hussain,Male,,Faisalabad,46,71124,zain.iqbal@example.com,2015-04-24
E10221,Fatima Ahmed,Male,,Islamabad,27,87587,nida.khan@example.com,2022-11-02
E10222,Ali Raza,Female,Operations,Faisalabad,55,77703,ali.raza@example.com,2017-07-31
E10223,Zain Ahmed,Female,HR,Lahore,34,53286,sara.ahmed@example.com,2019-08-14
E10224,Omar Khan,Female,Operations,Karachi,31,68213,sara.hussain@example.com,2021-03-31
E10225,Ali Raza,Female,Finance,,49,67347,ali.qureshi@example.com,2021-11-09
E10226,  Omar Malik  ,Female,Sales,Multan,42,68246,ahmed.raza@example.com,2021-04-18
E10227,Hina Ahmed,Female,,,34,30501,ayesha.hussain@example.com,2019-07-23
E10228,Ali Khan,Male,Finance,Faisalabad,49,32025,bilal.iqbal@example.com,2021-11-02
E10229,Hina Khan,Female,Operations,Faisalabad,46,77097,ali.khan@example.com,2015-01-27
E10230,Hina Hussain,Female,Operations,Lahore,29,72835,fatima.sheikh@example.com,2019-06-19
E10231,Hina Iqbal,Male,Sales,Islamabad,41,63125,nidasheikhexample.com,2020-06-01
E10232,Ayesha Ahmed,Male,,Multan,44,67702,omar.sheikh@example.com,2015-01-17
E10233,Ahmed Iqbal,Male,,Karachi,23,52236,hina.ahmed@example.com,2018-02-21
E10234,Ayesha Malik,Female,Operations,Multan,26,46542,bilal.malik@example.com,2018-11-04
E10235,Fatima Raza,Male,Operations,Faisalabad,26,Rs 79651,zain.khan@example.com,16/09/2022
E10236,Nida Iqbal,Female,Operations,Lahore,52,72577,fatima.hussain@example.com,2015-03-06
E10237,Sara Ahmed,Male,Sales,Faisalabad,45,56523,fatima.khan@example.com,2020-03-28
E10238,Omar Qureshi,Male,Operations,Faisalabad,25,43928,fatima.qureshi@example.com,2016-10-10
E10239,Fatima Ahmed,Female,HR,Lahore,36,88830,omar.khan@example.com,2016-01-30
E10240,  Nida Iqbal  ,Female,,Faisalabad,51,60790,zain.iqbal@example.com,2021-01-04
E10241,Ali Qureshi,Female,HR,Karachi,41,82149,zain.hussain@example.com,2017-09-07
E10242,Bilal Raza,Female,Operations,Faisalabad,34,34494,nida.iqbal@example.com,2018-04-23
E10243,Ahmed Raza,Male,Operations,Multan,46,,ahmed.ahmed@example.com,2017-06-29
E10244,Fatima Malik,Male,HR,Islamabad,26,84619,nida.malik@example.com,2015-09-22
E10245,Nida Khan,Female,,Faisalabad,33,46032,ali.hussain@example.com,2019-06-09
E10246,Sara Khan,Female,,Faisalabad,43,66360,ayesha.iqbal@example.com,2016-08-10
E10247,Zain Sheikh,Female,Sales,Karachi,26,46998,nida.ahmed@example.com,2016-12-21
E10248,Zain Raza,Female,Sales,Multan,40,59138,ali.iqbal@example.com,2020-01-15
E10249,Sara Ahmed,Female,Operations,Karachi,32,49170,zain.ahmed@example.com,2015-01-09
E10250,Nida Iqbal,Female,Marketing,Multan,46,30469,sara.malik@example.com,2018-02-18
E10251,Ahmed Hussain,Male,Finance,Faisalabad,28,40281,bilal.raza@example.com,15/05/2016
E10252,Ali Raza,Male,Operations,Multan,55,39499,nida.iqbal@example.com,2021-01-28
E10253,Ali Khan,Female,Sales,Lahore,27,59475,ayesha.qureshi@example.com,2020-12-22
E10254,Sara Ahmed,Male,HR,Multan,30,45293,ahmed.sheikh@example.com,2020-04-21
E10255,Omar Ahmed,Female,Finance,,41,49476,omar.khan@example.com,2017-02-02
E10256,Ayesha Iqbal,Male,Marketing,Karachi,26,80633,zain.ahmed@example.com,2021-10-24
E10257,Bilal Sheikh,Male,Operations,Multan,42,76676,ayesha.khan@example.com,2017-04-29
E10258,Fatima Sheikh,Male,Marketing,Multan,32,Rs 32616,ahmed.hussain@example.com,2018-09-16
E10259,Omar Raza,Female,Marketing,,26,54906,hina.hussain@example.com,2018-05-01
E10260,Hina Hussain,Female,Marketing,Multan,31,55316,bilal.ahmed@example.com,2017-11-17
E10261,Ahmed Sheikh,Male,Operations,Lahore,27,54804,zainmalikexample.com,2018-05-25
E10262,Bilal Iqbal,Female,IT,Multan,37,43408,omar.iqbal@example.com,2022-06-16
E10263,Nida Malik,Male,HR,,35,33106,bilal.iqbal@example.com,2018-10-24
E10264,Ayesha Sheikh,Female,,Multan,51,41980,omar.iqbal@example.com,2015-04-26
E10265,Ayesha Malik,Male,Operations,Islamabad,35,45441,omar.raza@example.com,2022-03-18
E10266,Ayesha Ahmed,Female,IT,Karachi,23,67040,ali.iqbal@example.com,2019-02-14
E10267,Omar Malik,Male,,Faisalabad,24,33329,nida.ahmed@example.com,24/08/2016
E10268,Nida Qureshi,Female,Sales,Multan,46,53739,omar.khan@example.com,2020-07-26
E10269,Bilal Sheikh,Female,HR,,24,54349,ayesha.qureshi@example.com,2020-09-28
E10270,Nida Hussain,Female,Operations,,37,47169,sara.raza@example.com,2020-04-14
E10271,Fatima Qureshi,Male,Sales,Faisalabad,32,32723,sara.ahmed@example.com,2020-06-01
E10272,Zain Iqbal,Female,IT,,54,51481,nida.khan@example.com,2019-09-21
E10273,Sara Sheikh,Female,Marketing,Islamabad,50,Rs 69766,omar.iqbal@example.com,2019-12-21
E10274,Fatima Hussain,Male,Sales,,44,88254,nida.raza@example.com,2021-01-09
E10275,Ahmed Malik,Female,Marketing,Karachi,51,58195,ahmedkhanexample.com,2022-10-26
E10276,Bilal Ahmed,Female,HR,,36,37302,ahmed.qureshi@example.com,02/08/2019
E10277,Omar Qureshi,Male,Finance,Multan,51,62571,fatima.khan@example.com,2016-05-23
E10278,Ali Ahmed,Female,Finance,Faisalabad,51,43339,ali.qureshi@example.com,2021-05-15
E10279,Sara Malik,Male,Marketing,Lahore,45,74754,hina.ahmed@example.com,2017-09-25
E10280,Sara Qureshi,Female,,Islamabad,49,47856,hina.ahmed@example.com,2018-09-12
E10281,Omar Hussain,Female,Sales,Islamabad,40,61630,bilal.raza@example.com,2021-11-05
E10282,Bilal Hussain,Female,Finance,,28,62964,ali.hussain@example.com,2016-12-03
E10283,Ahmed Hussain,Female,,Faisalabad,23,36779,sara.iqbal@example.com,2018-11-14
E10284,  Ayesha Sheikh  ,Male,Sales,,41,87581,zain.malik@example.com,2017-02-22
E10285,Ahmed Hussain,Female,,Faisalabad,45,44497,ahmed.hussain@example.com,2021-05-12
E10286,Sara Raza,Female,,Multan,30,56785,omar.sheikh@example.com,2018-05-22
E10287,Zain Khan,Female,Sales,Faisalabad,24,34953,ali.raza@example.com,2017-05-10
E10288,Ahmed Sheikh,Female,,Faisalabad,52,86870,ayesha.iqbal@example.com,2017-12-17
E10289,Bilal Raza,Male,Finance,,30,65656,hina.hussain@example.com,2015-06-20
E10290,  Ali Raza  ,Male,Operations,Lahore,43,60541,zain.sheikh@example.com,2016-06-08
E10291,Hina Iqbal,Male,Finance,,39,40836,ayesha.qureshi@example.com,2020-03-07
E10292,  Hina Qureshi  ,Female,HR,,22,53029,ahmed.raza@example.com,2020-12-12
E10293,Nida Khan,Male,Marketing,Islamabad,34,70835,hinaahmedexample.com,2021-05-16
E10294,Hina Iqbal,Female,Sales,Lahore,53,30483,nida.khan@example.com,2021-12-20
E10295,Bilal Raza,Female,Sales,,46,37451,bilalkhanexample.com,2017-08-03
E10296,Omar Sheikh,Female,,Karachi,38,51931,omarkhanexample.com,2015-12-21
E10297,Fatima Khan,Male,Operations,Islamabad,41,65474,ali.khan@example.com,2019-09-30
E10298,Hina Malik,Male,Operations,Islamabad,27,68476,omar.hussain@example.com,2019-04-12
E10299,Ayesha Malik,Male,Finance,Karachi,34,65050,ahmed.raza@example.com,11/05/2016
E10300,Ali Hussain,Male,Finance,Multan,37,,fatima.ahmed@example.com,2015-01-06
E10301,Bilal Iqbal,Female,Marketing,Multan,23,63160,omar.ahmed@example.com,2022-02-15
E10302,Zain Malik,Male,Operations,Lahore,54,62366,nida.hussain@example.com,2022-03-21
E10303,  Nida Raza  ,Female,HR,Islamabad,38,32806,ali.hussain@example.com,2018-09-23
E10304,Ayesha Iqbal,Female,Sales,Lahore,42,52054,nida.ahmed@example.com,2018-11-28
E10305,Fatima Iqbal,Male,Finance,Faisalabad,45,71399,nida.sheikh@example.com,2020-03-20
E10306,Omar Qureshi,Female,Sales,Multan,31,40965,omar.hussain@example.com,2016-12-12
E10307,Nida Malik,Male,,Islamabad,30,33984,bilal.raza@example.com,2021-07-03
E10308,Fatima Raza,Female,HR,Islamabad,45,Rs 43772,sara.khan@example.com,2021-07-07
E10309,Ali Iqbal,Female,Operations,Lahore,42,45076,omar.malik@example.com,2021-11-25
E10310,Zain Khan,Male,Operations,Islamabad,40,36832,nida.sheikh@example.com,11/02/2015
E10311,Hina Khan,Female,,Multan,38,39604,nida.malik@example.com,2022-02-06
E10312,Ayesha Ahmed,Female,,Karachi,30,40100,omar.hussain@example.com,2022-08-25
E10313,Ahmed Qureshi,Male,,Islamabad,32,66275,ahmed.iqbal@example.com,2022-06-08
E10314,Ahmed Malik,Female,Finance,Islamabad,54,75612,zain.sheikh@example.com,2017-09-05
E10315,Fatima Malik,Female,Marketing,Faisalabad,43,85149,bilal.sheikh@example.com,2018-05-27
E10316,Bilal Sheikh,Female,HR,Lahore,26,31708,sara.khan@example.com,2021-07-14
E10317,Hina Khan,Female,Sales,Faisalabad,38,73540,bilal.raza@example.com,2016-08-24
E10318,Ayesha Malik,Male,Finance,,27,53208,sara.sheikh@example.com,2019-12-02
E10319,Sara Malik,Male,,,37,35331,zain.raza@example.com,2022-07-17
E10320,Omar Sheikh,Female,Operations,,47,44121,sara.raza@example.com,2018-05-04
E10321,Fatima Sheikh,Male,Sales,Faisalabad,34,44738,ayesha.ahmed@example.com,2020-05-02
E10322,Ali Sheikh,Male,Finance,Faisalabad,31,48746,bilal.qureshi@example.com,2021-01-26
E10323,Omar Khan,Female,,,44,86997,ali.malik@example.com,2019-08-03
E10324,Bilal Qureshi,Male,HR,Multan,42,83293,hina.raza@example.com,2017-05-03
E10325,Zain Khan,Female,HR,Multan,55,Rs 75652,hina.khan@example.com,2019-10-15
E10326,Nida Raza,Male,IT,Faisalabad,49,83077,hina.malik@example.com,2018-10-02
E10327,Fatima Raza,Female,HR,Faisalabad,28,48451,ahmed.qureshi@example.com,2017-03-31
E10328,Zain Raza,Female,Sales,,37,45651,hina.malik@example.com,2020-09-30
E10329,  Nida Malik  ,Female,Operations,Islamabad,35,88026,omariqbalexample.com,2022-10-21
E10330,Fatima Qureshi,Female,,Lahore,34,88457,hina.malik@example.com,2015-03-15
E10331,Fatima Malik,Male,Marketing,Lahore,35,Rs 57936,zain.iqbal@example.com,2020-08-27
E10332,Fatima Hussain,Male,IT,Karachi,22,63919,sara.sheikh@example.com,2021-06-07
E10333,Sara Ahmed,Male,Finance,Faisalabad,44,Rs 87270,omar.qureshi@example.com,2022-07-07
E10334,Ayesha Malik,Female,Operations,Lahore,49,68013,omar.iqbal@example.com,2019-08-01
E10335,Ahmed Sheikh,Male,HR,Faisalabad,28,52383,zain.malik@example.com,2016-10-17
E10336,Sara Raza,Male,IT,Karachi,36,71560,ayesha.iqbal@example.com,2019-06-27
E10337,Fatima Ahmed,Male,Operations,Faisalabad,28,49339,zain.hussain@example.com,2021-09-07
E10338,Nida Qureshi,Female,Sales,Multan,26,80710,ayesha.ahmed@example.com,2018-05-12
E10339,Ali Raza,Male,Finance,Lahore,29,,zain.hussain@example.com,2021-03-25
E10340,Nida Qureshi,Female,Operations,Multan,37,62457,ali.sheikh@example.com,2017-10-30
E10341,Hina Malik,Female,HR,Islamabad,53,57108,hina.ahmed@example.com,2018-12-29
E10342,  Ali Raza  ,Male,Operations,,30,62575,bilal.khan@example.com,2018-03-05
E10343,Omar Qureshi,Male,Finance,Lahore,35,37901,zain.hussain@example.com,2022-11-06
E10344,Nida Hussain,Female,Finance,Islamabad,48,38224,hina.iqbal@example.com,2020-12-29
E10345,  Zain Iqbal  ,Female,Sales,Karachi,52,85635,ayesha.raza@example.com,2018-03-18
E10346,Ahmed Iqbal,Male,Finance,Lahore,25,67251,nida.raza@example.com,2020-05-22
E10347,Sara Ahmed,Female,Operations,Lahore,54,42603,omarahmedexample.com,02/10/2022
E10348,Hina Iqbal,Male,,Karachi,33,60952,bilal.hussain@example.com,2021-07-14
E10349,Ahmed Qureshi,Female,,Islamabad,29,56218,ali.malik@example.com,2015-05-28
E10350,Omar Qureshi,Female,Marketing,Faisalabad,35,76787,fatima.hussain@example.com,2022-11-19
E10351,  Omar Khan  ,Male,Sales,,45,79602,nida.khan@example.com,2016-12-06
E10352,Zain Raza,Female,IT,Faisalabad,33,71607,sara.ahmed@example.com,2022-04-08
E10353,Nida Qureshi,Female,Marketing,Islamabad,31,66489,ayesha.sheikh@example.com,2020-12-01
E10354,Sara Malik,Male,Sales,Karachi,26,70522,zain.khan@example.com,2016-03-23
E10355,  Hina Raza  ,Female,Marketing,Faisalabad,29,34864,bilal.sheikh@example.com,2018-01-07
E10356,Sara Sheikh,Male,IT,,26,54857,sara.qureshi@example.com,2015-07-04
E10357,Omar Qureshi,Male,Marketing,Karachi,28,40310,fatima.sheikh@example.com,2015-01-21
E10358,Hina Hussain,Female,HR,Faisalabad,55,56483,zain.raza@example.com,2020-12-01
E10359,Fatima Malik,Male,Marketing,,23,39033,zain.qureshi@example.com,2016-06-24
E10360,Zain Hussain,Female,Marketing,Lahore,35,38869,ayesha.ahmed@example.com,2015-05-03
E10361,Ali Hussain,Male,Operations,Islamabad,25,89125,ali.raza@example.com,2015-01-10
E10362,Hina Raza,Male,Operations,Lahore,54,70554,ayesha.khan@example.com,2020-07-09
E10363,Bilal Malik,Female,Operations,Islamabad,52,79564,fatima.iqbal@example.com,2020-06-28
E10364,Omar Khan,Male,Marketing,Multan,35,75602,ayesha.ahmed@example.com,2016-08-19
E10365,Zain Sheikh,Male,Sales,Karachi,36,36726,hina.malik@example.com,2019-11-14
E10366,Hina Ahmed,Female,Sales,Islamabad,35,67276,zain.hussain@example.com,2016-12-31
E10367,Zain Qureshi,Male,Finance,Multan,24,30219,ahmed.sheikh@example.com,2022-06-26
E10368,Ahmed Malik,Male,IT,Faisalabad,26,36034,bilalahmedexample.com,2017-09-12
E10369,Hina Qureshi,Male,Marketing,Multan,34,66747,ali.iqbal@example.com,2016-07-25
E10370,Hina Ahmed,Female,Operations,,55,58347,bilal.khan@example.com,2021-05-29
E10371,Fatima Iqbal,Male,,,27,65023,ahmed.qureshi@example.com,2015-11-22
E10372,Ayesha Qureshi,Male,Finance,Karachi,49,59642,omar.malik@example.com,2021-05-20
E10373,Omar Raza,Male,HR,Islamabad,23,56339,sara.hussain@example.com,08/12/2020
E10374,Fatima Hussain,Female,Marketing,Multan,32,67505,fatimahussainexample.com,2016-05-04
E10375,Ali Raza,Female,Operations,Karachi,23,53761,omar.khan@example.com,2017-12-06
E10376,Nida Hussain,Male,Operations,Karachi,54,66758,hina.sheikh@example.com,2020-03-28
E10377,Omar Ahmed,Female,HR,Multan,31,31273,ayesha.malik@example.com,2019-12-13
E10378,Ali Iqbal,Male,Marketing,,48,69321,hina.malik@example.com,2020-03-05
E10379,Nida Sheikh,Male,IT,Karachi,54,51378,ayesha.malik@example.com,2015-10-20
E10380,Omar Malik,Male,HR,Multan,29,78792,ali.ahmed@example.com,19/05/2016
E10381,Ayesha Iqbal,Female,Operations,Karachi,29,44106,ali.iqbal@example.com,2016-11-07
E10382,Hina Khan,Male,HR,Karachi,39,72631,fatima.sheikh@example.com,2017-02-20
E10383,Hina Qureshi,Female,Operations,Lahore,37,80519,omar.iqbal@example.com,2017-01-21
E10384,Hina Ahmed,Female,HR,Faisalabad,35,64905,sara.hussain@example.com,2021-09-30
E10385,Sara Iqbal,Female,Operations,,42,52279,ali.khan@example.com,2022-11-13
E10386,Sara Qureshi,Female,HR,Faisalabad,55,49597,zain.qureshi@example.com,2017-03-20
E10387,Ayesha Qureshi,Female,HR,Lahore,48,59816,zain.malik@example.com,2021-05-28
E10388,Ahmed Khan,Female,Finance,Karachi,33,40412,nida.iqbal@example.com,2017-01-19
E10389,Sara Ahmed,Female,Sales,Islamabad,37,32269,hina.iqbal@example.com,2020-07-30
E10390,Bilal Iqbal,Male,,Islamabad,45,85074,ahmed.qureshi@example.com,21/12/2016
E10391,Ali Iqbal,Female,Sales,Islamabad,54,55180,zain.qureshi@example.com,30/10/2021
E10392,Ayesha Hussain,Female,IT,Islamabad,22,68753,hina.qureshi@example.com,2020-03-04
E10393,Sara Raza,Female,,Multan,45,82355,bilal.malik@example.com,2022-05-19
E10394,Sara Khan,Female,HR,,55,55561,sara.iqbal@example.com,2020-11-21
E10395,Sara Raza,Female,Sales,Faisalabad,50,79504,hina.raza@example.com,2019-06-16
E10396,Omar Khan,Male,Marketing,Islamabad,53,36068,sara.raza@example.com,2017-11-02
E10397,Ali Iqbal,Female,IT,Karachi,49,84149,zain.malik@example.com,2020-12-14
E10398,Zain Raza,Female,Operations,Karachi,54,57919,nidasheikhexample.com,2018-12-31
E10399,Ali Iqbal,Male,Sales,Lahore,24,Rs 73967,ahmed.hussain@example.com,2019-04-29
E10400,Ayesha Raza,Male,Finance,,51,85236,bilal.iqbal@example.com,2022-03-18
E10401,Bilal Iqbal,Male,HR,Lahore,48,Rs 52043,bilal.qureshi@example.com,2017-06-24
E10402,Ayesha Hussain,Female,HR,Faisalabad,53,39143,bilal.hussain@example.com,2016-04-05
E10403,Bilal Ahmed,Female,Operations,Islamabad,25,72393,ali.sheikh@example.com,2021-05-04
E10404,Ali Khan,Female,IT,Islamabad,33,79145,fatima.hussain@example.com,2020-07-21
E10405,Zain Hussain,Female,Marketing,Faisalabad,39,44069,bilal.qureshi@example.com,2019-04-02
E10406,Bilal Ahmed,Male,Sales,Multan,40,68851,bilal.ahmed@example.com,2020-02-10
E10407,Hina Ahmed,Female,Operations,Faisalabad,48,51336,bilal.hussain@example.com,2017-06-17
E10408,Ahmed Khan,Female,IT,Multan,38,53754,omar.ahmed@example.com,2021-09-08
E10409,Fatima Ahmed,Female,Operations,Lahore,39,52650,bilal.iqbal@example.com,2020-04-14
E10410,Ayesha Khan,Male,HR,Multan,32,48445,fatima.hussain@example.com,2016-05-12
E10411,Hina Iqbal,Female,HR,Multan,34,84947,nida.ahmed@example.com,2020-06-22
E10412,Zain Sheikh,Male,Sales,,44,81586,fatima.malik@example.com,2016-11-01
E10413,Ali Qureshi,Female,Sales,,55,81494,ayesha.khan@example.com,2020-01-14
E10414,Omar Qureshi,Female,IT,Karachi,46,38225,sara.ahmed@example.com,2015-02-25
E10415,  Ali Sheikh  ,Female,HR,Lahore,39,61275,ali.khan@example.com,2018-02-01
E10416,Nida Sheikh,Male,,Multan,54,79103,ahmed.raza@example.com,2019-10-30
E10417,Sara Malik,Male,HR,Faisalabad,39,58431,ali.hussain@example.com,2021-07-17
E10418,Ali Malik,Male,Operations,Lahore,23,Rs 60690,ayesha.iqbal@example.com,2021-04-25
E10419,Fatima Iqbal,Male,,Faisalabad,33,75319,omarsheikhexample.com,2015-09-15
E10420,Sara Sheikh,Male,Operations,Faisalabad,52,81720,ayesha.khan@example.com,2022-09-03
E10421,Hina Qureshi,Female,HR,Lahore,23,59225,ayeshaahmedexample.com,2015-02-09
E10422,Bilal Qureshi,Male,Marketing,,31,65641,fatima.khan@example.com,2022-04-17
E10423,Ahmed Hussain,Male,Finance,,24,45892,nida.iqbal@example.com,2019-05-19
E10424,Zain Ahmed,Male,Operations,Faisalabad,53,81611,sara.qureshi@example.com,2015-04-08
E10425,Ayesha Malik,Female,Finance,Faisalabad,45,39872,ayesha.khan@example.com,2015-08-24
E10426,Nida Iqbal,Female,Operations,,38,31740,sara.ahmed@example.com,2021-11-27
E10427,  Ahmed Iqbal  ,Male,HR,,31,Rs 55907,hina.iqbal@example.com,22/07/2021
E10428,Sara Sheikh,Female,Operations,,31,64030,ayesha.iqbal@example.com,2021-08-13
E10429,Bilal Khan,Male,,Faisalabad,38,49609,ahmed.iqbal@example.com,2016-09-09
E10430,Ali Ahmed,Female,,Islamabad,24,32443,zain.khan@example.com,2020-04-10
E10431,Ali Sheikh,Male,Sales,Multan,27,67089,omar.hussain@example.com,2019-08-09
E10432,Zain Ahmed,Male,IT,Multan,41,87016,ayesha.iqbal@example.com,2015-07-23
E10433,Ayesha Khan,Male,Finance,Multan,51,66678,bilal.raza@example.com,2017-07-06
E10434,Ayesha Khan,Male,HR,Lahore,46,87997,fatima.ahmed@example.com,2020-09-04
E10435,Hina Ahmed,Male,Sales,Multan,35,62240,sara.ahmed@example.com,2015-10-23
E10436,Zain Malik,Male,IT,Lahore,47,79682,nida.iqbal@example.com,2016-06-10
E10437,Bilal Qureshi,Female,IT,Faisalabad,34,38692,nida.qureshi@example.com,2017-04-11
E10438,Ahmed Khan,Male,Finance,Faisalabad,28,43446,sara.sheikh@example.com,2021-02-17
E10439,Zain Iqbal,Male,HR,Islamabad,43,76928,omar.hussain@example.com,2020-12-05
E10440,Hina Ahmed,Male,Operations,Lahore,47,89200,ahmed.raza@example.com,2021-07-17
E10441,Ali Malik,Female,Marketing,Lahore,44,41973,zain.qureshi@example.com,2018-10-07
E10442,Omar Qureshi,Female,Sales,Lahore,54,71336,ali.khan@example.com,03/12/2017
E10443,Ayesha Khan,Female,HR,Karachi,46,78231,fatima.raza@example.com,2015-03-19
E10444,Omar Khan,Male,Sales,,48,88295,omar.ahmed@example.com,2019-06-07
E10445,Fatima Hussain,Male,HR,Islamabad,55,61724,omar.khan@example.com,2016-03-24
E10446,  Sara Raza  ,Male,Finance,Multan,28,81475,bilal.ahmed@example.com,2019-05-02
E10447,Fatima Qureshi,Female,HR,,39,51746,bilal.qureshi@example.com,2018-11-24
E1615,Sara Raza,Male,HR,Karachi,25,72613,ayesha.sheikh@example.com,2015-02-14
E10449,  Ali Iqbal  ,Male,Marketing,Islamabad,37,,bilalhussainexample.com,2016-01-25
E10450,Ahmed Hussain,Male,HR,Multan,39,61300,ali.khan@example.com,2018-08-30
E10451,Nida Sheikh,Male,Operations,,38,58913,zain.qureshi@example.com,2018-11-14
E10452,Omar Qureshi,Female,,Multan,43,40212,ahmed.ahmed@example.com,2022-07-26
E10453,Bilal Ahmed,Male,Sales,Karachi,39,63146,hina.sheikh@example.com,2019-06-05
E10454,  Ahmed Qureshi  ,Male,Operations,Lahore,42,34964,nida.qureshi@example.com,2020-06-02
E10455,Fatima Khan,Male,Finance,Lahore,37,52812,ali.hussain@example.com,2020-08-03
E10456,Nida Iqbal,Female,HR,,48,49521,nida.iqbal@example.com,2022-09-13
E10457,  Hina Sheikh  ,Female,HR,,51,56260,zain.qureshi@example.com,2020-08-19
E10458,Ayesha Ahmed,Male,,Faisalabad,34,84944,ahmed.malik@example.com,2018-03-25
E10459,Ayesha Khan,Female,Sales,Lahore,33,59163,sara.khan@example.com,2020-01-21
E10460,Bilal Sheikh,Male,Sales,Karachi,48,39920,ahmed.hussain@example.com,2017-11-06
E10461,Fatima Sheikh,Female,,Faisalabad,34,48418,fatima.malik@example.com,2015-03-19
E10462,Ayesha Qureshi,Female,HR,Lahore,35,67533,sara.khan@example.com,2022-04-20
E10463,Zain Raza,Male,Finance,Islamabad,38,85358,nida.malik@example.com,2016-04-16
E10464,Nida Ahmed,Female,HR,Multan,44,86875,bilal.iqbal@example.com,2018-04-02
E10465,Nida Malik,Male,Sales,Faisalabad,50,62357,bilal.qureshi@example.com,2017-08-25
E10466,Fatima Ahmed,Female,Operations,,25,77241,ahmed.hussain@example.com,2015-08-02
E10467,Ahmed Iqbal,Male,IT,Islamabad,54,41886,fatima.khan@example.com,2020-01-24
E10468,Nida Qureshi,Male,IT,Islamabad,26,50755,fatima.khan@example.com,2019-09-14
E10469,Nida Sheikh,Female,Marketing,Lahore,26,50747,zain.iqbal@example.com,17/09/2021
E10470,Hina Ahmed,Female,IT,Lahore,52,76888,bilal.sheikh@example.com,2021-12-11
E10471,Hina Hussain,Male,Sales,Lahore,44,87156,nidaiqbalexample.com,2019-05-25
E10472,Ahmed Hussain,Female,HR,Islamabad,46,69301,omar.qureshi@example.com,2015-09-28
E10473,Zain Qureshi,Male,Marketing,Islamabad,48,36326,omar.iqbal@example.com,2019-05-10
E10474,Nida Iqbal,Male,Marketing,Islamabad,27,33941,sara.qureshi@example.com,2015-10-03
E10475,Ayesha Ahmed,Female,HR,Lahore,40,47318,bilal.hussain@example.com,2019-02-08
E10476,Bilal Raza,Female,,Islamabad,41,83470,sara.sheikh@example.com,2016-08-17
E10477,Ayesha Hussain,Male,Marketing,Multan,49,58377,omarqureshiexample.com,2015-12-04
E10478,Hina Qureshi,Female,Marketing,Multan,46,33817,ahmed.ahmed@example.com,2019-12-18
E10479,Omar Qureshi,Female,,,45,45501,bilal.khan@example.com,2015-10-31
E10480,Zain Hussain,Male,Sales,Karachi,55,60258,ahmed.raza@example.com,2019-09-22
E10481,Zain Raza,Male,Operations,Lahore,39,Rs 36734,fatima.hussain@example.com,2018-02-19
E10482,Fatima Hussain,Female,HR,Islamabad,25,68844,bilal.raza@example.com,2022-02-08
E10483,Hina Qureshi,Male,Sales,,55,,fatima.malik@example.com,2016-12-30
E10484,Omar Ahmed,Male,HR,Multan,44,43299,nida.iqbal@example.com,2021-09-02
E10485,Fatima Iqbal,Female,Sales,Karachi,52,35952,bilal.ahmed@example.com,2020-04-18
E10486,Zain Raza,Female,IT,Multan,29,33419,bilal.qureshi@example.com,2016-05-30
E10487,Ali Sheikh,Male,Finance,Islamabad,25,69423,sara.ahmed@example.com,2016-11-06
E10488,Nida Khan,Male,Sales,Multan,52,33597,ali.ahmed@example.com,04/12/2015
E10489,Sara Hussain,Female,HR,Karachi,24,85253,ayesha.khan@example.com,2015-03-28
E10490,Ali Hussain,Male,Sales,Karachi,46,39678,sarakhanexample.com,2016-05-04
E10491,Hina Iqbal,Male,Marketing,Lahore,29,42546,fatima.hussain@example.com,2016-02-24
E10492,Ali Khan,Female,HR,Karachi,28,51710,sara.khan@example.com,2019-07-12
E10493,Ali Malik,Male,IT,Lahore,38,84987,ali.ahmed@example.com,2016-08-09
E10494,Fatima Qureshi,Male,Sales,Multan,22,31881,sara.sheikh@example.com,2017-09-06
E10495,Omar Sheikh,Female,HR,Islamabad,33,63601,fatima.iqbal@example.com,2021-02-04
E10496,Ayesha Iqbal,Male,Sales,Faisalabad,32,82941,zain.raza@example.com,2022-08-04
E10497,Ayesha Sheikh,Female,Operations,Faisalabad,35,79210,omar.qureshi@example.com,2016-04-16
E10498,Nida Sheikh,Male,Finance,Karachi,43,86495,ahmed.ahmed@example.com,2017-12-15
E10499,Sara Iqbal,Male,Marketing,Faisalabad,48,62802,zain.malik@example.com,2022-02-07
E10500,Sara Khan,Male,Marketing,Karachi,22,41795,zain.malik@example.com,2021-06-26
E10501,Ahmed Hussain,Female,HR,Faisalabad,46,78863,zain.raza@example.com,2019-03-13
E10502,Ali Malik,Male,Operations,,44,84108,ahmed.sheikh@example.com,2019-11-03
E10503,Ayesha Qureshi,Male,Finance,Lahore,55,60053,fatima.qureshi@example.com,17/11/2016
E10504,Ahmed Qureshi,Female,HR,Islamabad,43,45814,hina.raza@example.com,2015-02-26
E10505,Ayesha Iqbal,Female,Sales,Karachi,44,42293,hina.khan@example.com,2018-03-24
E10506,Ahmed Hussain,Female,,Multan,33,54642,omar.iqbal@example.com,2019-03-24
E10507,Fatima Iqbal,Male,Finance,Lahore,33,33907,nida.qureshi@example.com,2021-02-03
E10508,Ali Khan,Female,IT,Lahore,45,63669,bilal.qureshi@example.com,2016-12-26
E10509,Bilal Hussain,Male,Marketing,,23,52620,nida.hussain@example.com,2016-07-26
E10510,Nida Raza,Male,HR,Karachi,41,70724,bilal.ahmed@example.com,2015-10-26
E10511,Fatima Hussain,Male,HR,,40,85213,fatima.ahmed@example.com,2017-11-28
E10512,Zain Sheikh,Female,Sales,Multan,35,56443,hina.iqbal@example.com,2021-09-12
E10513,Bilal Raza,Female,HR,,49,39108,ahmed.hussain@example.com,2017-07-09
E10514,Fatima Iqbal,Male,HR,Multan,23,52403,omar.khan@example.com,2021-11-28
E10515,Hina Qureshi,Female,HR,,39,70104,ali.hussain@example.com,2022-11-13
E10516,Ahmed Ahmed,Female,Operations,,54,66777,hina.hussain@example.com,2021-05-21
E10517,Nida Khan,Female,Marketing,Lahore,40,33073,hina.malik@example.com,2016-03-05
E10518,Ayesha Iqbal,Female,Finance,,47,52247,ahmed.raza@example.com,2020-03-12
E10519,Ayesha Hussain,Male,,Multan,26,68893,sara.malik@example.com,2018-06-26
E10520,Sara Iqbal,Male,Operations,Karachi,28,78409,sara.hussain@example.com,2019-07-04
E10521,Ali Raza,Female,Marketing,Lahore,53,67449,bilal.hussain@example.com,2020-10-16
E10522,Nida Khan,Male,,,40,35853,omar.iqbal@example.com,2016-08-26
E10523,Ali Iqbal,Female,HR,Karachi,42,67631,bilal.malik@example.com,2018-11-02
E10524,Hina Iqbal,Male,Sales,Karachi,50,82567,sara.qureshi@example.com,2017-08-04
E10525,Zain Hussain,Male,Finance,,42,38515,fatima.ahmed@example.com,2017-03-22
E10526,Bilal Qureshi,Female,,Islamabad,50,47765,bilal.hussain@example.com,2022-10-10
E10527,Fatima Ahmed,Male,Sales,Faisalabad,47,54163,zain.raza@example.com,2016-12-21
E10528,Ali Hussain,Female,IT,Faisalabad,55,82621,fatima.iqbal@example.com,2018-02-06
E10529,Sara Malik,Male,Finance,Karachi,30,47167,omar.sheikh@example.com,2018-12-27
E10530,Hina Sheikh,Female,Sales,Karachi,49,43624,ayesha.sheikh@example.com,2015-12-25
E10531,Ali Iqbal,Male,HR,Karachi,35,69187,zain.malik@example.com,2021-12-21
E10532,Fatima Hussain,Male,HR,,49,50364,hina.iqbal@example.com,2015-05-13
E10533,Sara Raza,Female,Marketing,Multan,22,84479,ali.malik@example.com,2016-05-25
E10534,Sara Iqbal,Male,HR,Multan,24,61556,ayesha.khan@example.com,2022-06-19
E10535,Zain Ahmed,Female,Operations,Islamabad,54,Rs 40993,hina.ahmed@example.com,2019-06-28
E10536,Nida Sheikh,Male,,Multan,52,64218,ayesha.sheikh@example.com,2015-10-01
E10537,Fatima Sheikh,Male,Marketing,Multan,36,38174,ayeshaahmedexample.com,01/02/2022
E10538,Bilal Raza,Male,Sales,Multan,25,76776,sara.hussain@example.com,09/08/2017
E10539,Sara Raza,Male,HR,Faisalabad,36,65016,hina.iqbal@example.com,2016-03-25
E10540,Bilal Malik,Male,Operations,Islamabad,49,69452,sara.sheikh@example.com,2020-05-08
E10541,Sara Khan,Male,Sales,Multan,44,81205,omar.ahmed@example.com,2021-02-13
E10542,Sara Hussain,Male,Operations,Multan,24,58719,zain.malik@example.com,2020-02-16
E10543,Sara Khan,Female,,Faisalabad,51,55337,bilal.qureshi@example.com,2016-10-12
E10544,Sara Iqbal,Female,Marketing,Islamabad,51,31170,hina.ahmed@example.com,2016-06-01
E10545,Ayesha Sheikh,Male,Finance,Karachi,39,73269,ali.ahmed@example.com,2017-12-09
E10546,  Hina Hussain  ,Female,Sales,Karachi,49,55788,ahmed.khan@example.com,2022-09-23
E10547,Nida Ahmed,Male,Sales,Islamabad,50,64662,nida.hussain@example.com,2021-08-17
E10548,Hina Sheikh,Female,Finance,Lahore,38,Rs 89493,nida.qureshi@example.com,2020-09-28
E10549,  Sara Ahmed  ,Male,HR,Islamabad,35,Rs 45604,fatima.hussain@example.com,2017-07-20
E10550,  Ahmed Iqbal  ,Male,,Faisalabad,34,31662,ayesha.sheikh@example.com,2019-03-02
E10551,Sara Sheikh,Female,Operations,Islamabad,41,89229,bilal.sheikh@example.com,2022-05-28
E10552,Ali Qureshi,Female,HR,Karachi,22,79077,sarasheikhexample.com,2018-07-20
E10553,Fatima Ahmed,Female,Marketing,Multan,51,Rs 83597,ahmed.hussain@example.com,2017-07-11
E10554,Hina Khan,Female,Finance,,25,34829,nidamalikexample.com,2017-01-21
E10555,Zain Khan,Female,Marketing,Faisalabad,42,73756,hina.hussain@example.com,2020-09-08
E10556,Ayesha Hussain,Male,HR,Faisalabad,43,82569,nida.qureshi@example.com,2020-04-26
E10557,Omar Hussain,Male,Finance,Faisalabad,43,82933,zain.raza@example.com,2016-07-20
E10558,Nida Sheikh,Male,Finance,Faisalabad,23,59593,ahmed.iqbal@example.com,2015-08-06
E10559,Fatima Malik,Male,HR,,29,40583,omar.sheikh@example.com,2019-02-07
E10560,Sara Khan,Female,Marketing,Lahore,34,81329,ali.iqbal@example.com,2020-12-19
E10561,Bilal Malik,Male,Finance,Multan,35,62663,bilal.raza@example.com,2020-04-21
E10562,Sara Ahmed,Male,Sales,Multan,34,55531,ali.qureshi@example.com,2020-10-06
E10563,Fatima Raza,Female,Operations,Islamabad,40,56233,omar.sheikh@example.com,2017-11-06
E10564,Zain Hussain,Male,HR,Multan,36,77094,nida.sheikh@example.com,2019-03-05
E10565,Ahmed Qureshi,Male,IT,,27,81236,ayesha.malik@example.com,2020-08-25
E10566,Hina Ahmed,Male,Operations,Islamabad,52,32294,ahmed.qureshi@example.com,2017-03-14
E10567,Ahmed Iqbal,Male,Sales,Multan,30,53993,hina.raza@example.com,2015-10-24
E10568,Sara Sheikh,Male,Sales,Islamabad,53,41047,zain.raza@example.com,2016-10-20
E10569,Ayesha Hussain,Female,,Faisalabad,40,68927,ayesha.malik@example.com,2021-06-07
E10570,Ali Iqbal,Male,Operations,Islamabad,49,30574,ali.iqbal@example.com,2020-01-09
E10571,Omar Sheikh,Female,Operations,,36,57943,ayesha.ahmed@example.com,2016-09-24
E10572,Ahmed Ahmed,Female,Finance,,28,62885,fatima.sheikh@example.com,2021-03-12
E10573,Omar Raza,Male,Sales,Multan,54,48093,ali.malik@example.com,2017-08-26
E10574,Ali Khan,Male,HR,Faisalabad,54,87753,bilal.sheikh@example.com,2021-11-13
E10575,  Ahmed Ahmed  ,Female,IT,Islamabad,44,54280,ahmed.khan@example.com,2016-07-11
E10576,Ayesha Khan,Male,IT,Multan,37,41093,ali.ahmed@example.com,2016-11-16
E10577,Bilal Iqbal,Female,Marketing,Islamabad,38,79758,zain.hussain@example.com,2021-05-25
E10578,Fatima Iqbal,Female,Operations,Islamabad,23,71290,nida.malik@example.com,2017-01-10
E10579,Hina Malik,Female,,Lahore,31,62599,sara.qureshi@example.com,2018-03-16
E10580,  Sara Iqbal  ,Female,HR,,47,50440,sara.qureshi@example.com,2020-06-25
E10581,Bilal Khan,Male,Operations,Faisalabad,29,35144,hina.malik@example.com,2022-11-16
E10582,Nida Khan,Male,IT,Karachi,25,30453,sara.ahmed@example.com,2019-10-20
E10583,Ahmed Hussain,Female,Marketing,Islamabad,29,36343,ali.raza@example.com,2017-01-10
E10584,Omar Malik,Female,Operations,Karachi,43,47629,nida.iqbal@example.com,2021-06-29
E10585,Sara Sheikh,Female,IT,Multan,55,83332,ali.qureshi@example.com,2018-02-26
E10586,Bilal Malik,Female,Finance,Faisalabad,42,44572,omar.sheikh@example.com,2016-06-22
E10587,Sara Khan,Female,Sales,Karachi,31,55763,fatima.iqbal@example.com,2015-01-08
E10588,Omar Malik,Male,,Islamabad,46,75832,bilal.khan@example.com,2018-02-27
E10589,Sara Malik,Male,Finance,Multan,35,53938,fatima.raza@example.com,2016-09-28
E10590,Bilal Qureshi,Female,,Faisalabad,32,84472,ali.hussain@example.com,2017-02-16
E10591,Fatima Malik,Male,Finance,,35,87269,nida.sheikh@example.com,2018-10-16
E10592,Fatima Iqbal,Female,Marketing,Karachi,27,84748,bilal.raza@example.com,2017-03-19
E10593,Ali Ahmed,Female,HR,,24,84249,bilal.raza@example.com,2016-03-05
E10594,Nida Iqbal,Male,HR,Faisalabad,50,82617,omar.khan@example.com,2015-09-23
E10595,Omar Sheikh,Female,Operations,,55,65567,zain.hussain@example.com,2020-06-30
E10596,  Ayesha Khan  ,Female,HR,Faisalabad,43,57299,zain.malik@example.com,2019-01-10
E10597,Ayesha Qureshi,Male,IT,Islamabad,52,32759,ahmed.iqbal@example.com,2020-01-13
E10598,Ali Malik,Female,Operations,Lahore,52,75369,nida.iqbal@example.com,2018-06-24
E10599,Zain Qureshi,Female,Operations,Multan,54,72560,zain.raza@example.com,2018-02-25
E10600,Sara Qureshi,Female,IT,Islamabad,40,84027,omar.ahmed@example.com,2018-11-22
E10601,  Omar Hussain  ,Female,IT,Karachi,48,Rs 31135,sara.hussain@example.com,2019-04-12
E10602,Bilal Raza,Male,Finance,Karachi,31,69655,omar.qureshi@example.com,2020-03-09
E10603,  Ali Raza  ,Female,,,24,60500,ahmed.raza@example.com,2021-10-01
E10604,Omar Qureshi,Female,HR,Faisalabad,45,49547,bilal.qureshi@example.com,2018-07-15
E10605,Bilal Ahmed,Male,,Multan,40,71261,ayesha.malik@example.com,2016-08-07
E10606,Zain Ahmed,Female,,Karachi,30,61006,ayesha.iqbal@example.com,2019-12-03
E10607,Nida Raza,Female,IT,Islamabad,23,86259,ayesha.raza@example.com,2021-12-28
E10608,Ahmed Hussain,Male,HR,Lahore,27,60574,hina.iqbal@example.com,2015-04-12
E10609,Zain Khan,Male,,Lahore,27,81879,nida.khan@example.com,2015-06-07
E10610,Omar Iqbal,Female,Operations,Faisalabad,55,53987,hina.hussain@example.com,2017-01-07
E10611,Ahmed Ahmed,Female,,Multan,48,Rs 56927,sara.sheikh@example.com,2016-08-24
E10612,Ahmed Malik,Male,Sales,Multan,47,74849,fatima.sheikh@example.com,2018-07-05
E10613,  Fatima Iqbal  ,Male,,Faisalabad,54,38766,sara.hussain@example.com,2021-09-14
E10614,Nida Ahmed,Male,HR,Multan,33,80088,bilal.iqbal@example.com,2018-03-26
E10615,Sara Hussain,Male,HR,Karachi,52,52452,nida.qureshi@example.com,2015-02-28
E10616,Ahmed Khan,Female,,Islamabad,32,76207,sara.hussain@example.com,2019-10-19
E10617,Hina Raza,Male,IT,,47,74453,zain.sheikh@example.com,2019-04-13
E10618,Ayesha Khan,Male,IT,Lahore,36,48756,fatima.khan@example.com,2021-06-13
E10619,Ayesha Ahmed,Male,Operations,Islamabad,41,81470,omar.khan@example.com,2020-07-22
E10620,Fatima Iqbal,Male,IT,Islamabad,24,48981,bilal.raza@example.com,2019-12-20
E10621,Sara Raza,Female,HR,Faisalabad,27,64870,ali.ahmed@example.com,2020-08-18
E10622,Hina Qureshi,Male,Finance,Multan,54,45267,ayesha.sheikh@example.com,2015-11-05
E10623,Ali Raza,Female,,,27,35902,hina.qureshi@example.com,2015-10-19
E10624,Hina Qureshi,Male,Operations,Multan,40,61355,omar.khan@example.com,2018-02-28
E10625,Ayesha Iqbal,Male,,Multan,50,62384,nida.iqbal@example.com,2020-04-18
E10626,Zain Qureshi,Male,IT,Islamabad,50,37160,bilal.qureshi@example.com,2019-07-19
E10627,Ali Malik,Male,Marketing,Multan,38,56137,sara.raza@example.com,2018-05-08
E10628,Ali Sheikh,Female,Operations,Multan,28,60408,ayesha.malik@example.com,2020-10-28
E10629,Zain Ahmed,Female,HR,Karachi,26,78403,bilal.hussain@example.com,2018-03-25
E10630,Ali Ahmed,Female,,Faisalabad,54,70924,nida.hussain@example.com,2018-02-14
E10631,Ali Khan,Female,IT,Multan,30,58626,bilalqureshiexample.com,2016-12-20
E10632,Nida Raza,Male,Finance,,51,61950,omar.iqbal@example.com,2016-02-13
E10633,Hina Iqbal,Male,Operations,,27,39862,fatima.ahmed@example.com,2016-01-16
E10634,Sara Qureshi,Male,Operations,Lahore,44,40961,nida.malik@example.com,2016-08-24
E10635,Omar Malik,Male,,Lahore,28,80640,ahmed.iqbal@example.com,2022-10-09
E10636,Ali Raza,Female,,Karachi,34,60776,ali.hussain@example.com,2021-08-11
E10637,Zain Raza,Female,Operations,Lahore,29,79813,sara.qureshi@example.com,2020-04-02
E10638,  Ali Khan  ,Male,Finance,Faisalabad,39,55870,hina.ahmed@example.com,2017-04-12
E10639,Ahmed Hussain,Male,IT,Faisalabad,55,70228,bilal.sheikh@example.com,2019-08-11
E10640,Ayesha Hussain,Male,IT,Multan,32,Rs 84218,omar.malik@example.com,2022-03-14
E10641,Sara Khan,Male,Marketing,Karachi,30,73596,ayesha.ahmed@example.com,2021-01-18
E10642,Zain Malik,Female,,Multan,51,77238,ayesha.hussain@example.com,2021-01-28
E10643,Nida Iqbal,Male,Sales,Multan,48,89097,zain.raza@example.com,2022-12-19
E10644,Zain Iqbal,Male,Operations,Faisalabad,36,86932,fatima.hussain@example.com,2019-09-10
E10645,Ayesha Qureshi,Female,HR,Multan,39,32884,omar.hussain@example.com,2021-03-14
E10646,Fatima Malik,Male,Sales,Lahore,35,37234,hina.malik@example.com,2018-03-12
E10647,Omar Sheikh,Male,Operations,Multan,38,51532,ayesha.iqbal@example.com,2019-05-31
E10648,Ayesha Qureshi,Female,IT,,49,84881,hina.qureshi@example.com,2022-12-05
E10649,  Omar Khan  ,Male,,Faisalabad,36,45570,omar.qureshi@example.com,2019-02-21
E10650,  Ayesha Raza  ,Male,Sales,Faisalabad,45,72231,hina.khan@example.com,2016-05-16
E10651,  Sara Hussain  ,Male,IT,Faisalabad,50,59633,nida.raza@example.com,2021-02-06
E10652,Omar Qureshi,Female,Finance,,28,70146,omar.sheikh@example.com,2021-05-07
E10653,Ahmed Sheikh,Female,,Multan,55,35499,hina.hussain@example.com,2017-05-21
E10654,Fatima Khan,Male,Sales,Multan,47,45759,hina.iqbal@example.com,2021-05-18
E10655,Ahmed Sheikh,Female,Sales,,34,80583,hina.hussain@example.com,2017-11-14
E10656,Bilal Khan,Female,Operations,,42,58747,ahmed.malik@example.com,2017-11-20
E10657,Omar Iqbal,Male,Finance,Islamabad,39,87432,ali.sheikh@example.com,2019-04-12
E10658,Bilal Malik,Male,Sales,,52,71022,bilal.iqbal@example.com,2019-07-08
E10659,Sara Sheikh,Male,Operations,Karachi,36,77233,bilal.raza@example.com,2016-10-19
E10660,Bilal Hussain,Female,Sales,Lahore,51,80235,nida.ahmed@example.com,2018-11-03
E10661,Hina Khan,Male,,Islamabad,40,69773,bilal.sheikh@example.com,2017-11-10
E10662,Omar Raza,Female,HR,,43,46053,sara.khan@example.com,2016-06-19
E10663,Fatima Sheikh,Male,Finance,,51,38786,sara.qureshi@example.com,2015-01-19
E10664,Nida Ahmed,Male,Marketing,Lahore,29,67460,fatima.qureshi@example.com,2022-08-21
E10665,Zain Hussain,Male,Marketing,,41,46732,zain.khan@example.com,2020-08-10
E10666,Ali Sheikh,Male,Sales,Islamabad,50,83722,ayesha.iqbal@example.com,2021-06-12
E10667,Zain Sheikh,Male,Operations,Multan,33,51094,bilalkhanexample.com,2019-05-04
E10668,Bilal Iqbal,Male,Finance,Faisalabad,50,,ahmed.raza@example.com,2020-12-31
E10669,Ahmed Raza,Female,Marketing,Islamabad,38,81944,bilal.khan@example.com,2016-11-05
E10670,Sara Qureshi,Male,Finance,Multan,51,87189,nida.malik@example.com,2021-02-25
E10671,Fatima Khan,Female,IT,Karachi,34,70595,ali.khan@example.com,25/11/2021
E10672,Ahmed Malik,Male,Operations,Karachi,29,41001,ayesha.hussain@example.com,2021-01-23
E10673,Ali Sheikh,Female,Marketing,Lahore,23,35747,sara.malik@example.com,2022-12-17
E10674,Omar Malik,Female,Operations,Multan,50,67528,zain.khan@example.com,2019-03-23
E10675,Ahmed Raza,Female,IT,Karachi,26,89776,ahmed.qureshi@example.com,2018-06-06
E10676,Omar Khan,Female,,Islamabad,30,83444,nida.malik@example.com,2021-08-02
E10677,Ali Hussain,Male,Marketing,Multan,37,54222,hina.hussain@example.com,2018-12-23
E10678,Ahmed Malik,Female,,Islamabad,34,55260,bilal.sheikh@example.com,2022-11-10
E10679,Nida Sheikh,Male,Marketing,Lahore,49,50365,ahmed.hussain@example.com,2015-06-21
E10680,Omar Sheikh,Female,Sales,Faisalabad,50,68260,zain.hussain@example.com,2019-07-02
E10681,Hina Iqbal,Male,IT,,54,30618,sara.khan@example.com,2018-03-17
E10682,Sara Hussain,Male,HR,Multan,28,55112,ayesha.qureshi@example.com,2017-05-15
E10683,Ali Raza,Male,HR,Islamabad,31,88309,aliahmedexample.com,2022-11-28
E10684,Zain Malik,Male,HR,Lahore,28,85043,nida.malik@example.com,2021-05-23
E10685,Ahmed Malik,Female,Sales,Islamabad,43,47142,ayesha.sheikh@example.com,2020-07-22
E10686,Bilal Malik,Female,HR,Karachi,44,71534,ahmed.iqbal@example.com,2022-03-13
E10687,Fatima Malik,Female,,Lahore,39,86589,sara.iqbal@example.com,2019-01-24
E10688,Sara Sheikh,Male,Finance,Karachi,32,36892,sara.ahmed@example.com,2020-12-01
E10689,Ahmed Qureshi,Female,IT,Lahore,36,65806,sara.iqbal@example.com,2020-11-21
E10690,Ali Hussain,Male,Operations,Islamabad,50,84062,nida.sheikh@example.com,2021-09-07
E10691,Ali Ahmed,Female,Operations,Lahore,37,61524,ahmed.ahmed@example.com,2015-10-02
E10692,Nida Hussain,Male,Finance,,50,55886,ayesha.khan@example.com,2015-08-02
E10693,Omar Qureshi,Female,Operations,Karachi,50,Rs 56018,bilal.sheikh@example.com,2015-09-03
E10694,Bilal Qureshi,Female,Marketing,,23,47652,zain.malik@example.com,2018-04-29
E10695,Ahmed Khan,Male,Finance,Faisalabad,39,87720,zain.hussain@example.com,2018-05-13
E10696,Zain Ahmed,Female,,Karachi,28,80531,ali.hussain@example.com,2020-05-26
E10697,Omar Hussain,Female,Sales,,38,Rs 56872,zain.ahmed@example.com,2022-04-13
E10698,Ayesha Sheikh,Male,Finance,Faisalabad,43,49297,nida.hussain@example.com,2022-02-14
E10699,Hina Hussain,Female,HR,Faisalabad,48,86162,fatima.hussain@example.com,2017-12-29
E10700,  Hina Hussain  ,Male,Operations,,27,69835,hina.ahmed@example.com,2018-06-13
E10701,Sara Qureshi,Female,Marketing,Multan,35,40530,zain.malik@example.com,2020-03-13
E10702,  Nida Qureshi  ,Male,Marketing,Faisalabad,47,32430,ahmed.ahmed@example.com,2015-09-08
E10703,Sara Raza,Male,Marketing,Lahore,39,76391,nida.raza@example.com,2016-03-12
E10704,Sara Iqbal,Male,Marketing,Faisalabad,34,Rs 30377,bilal.iqbal@example.com,2017-06-17
E10705,Nida Hussain,Male,IT,,31,33916,omar.iqbal@example.com,2016-12-26
E10706,Omar Hussain,Male,IT,,37,47658,omar.sheikh@example.com,06/01/2021
E10707,Omar Khan,Female,Finance,Multan,45,60779,bilal.ahmed@example.com,2018-01-10
E10708,Omar Qureshi,Female,Operations,,24,52639,zain.khan@example.com,2017-07-23
E10709,Ahmed Khan,Male,Marketing,Faisalabad,47,43156,ahmed.qureshi@example.com,2019-12-04
E10710,Omar Raza,Male,Marketing,Multan,37,74033,sara.qureshi@example.com,2022-01-17
E10711,  Ali Malik  ,Female,Marketing,Islamabad,30,61508,fatima.khan@example.com,2019-03-21
E10712,Bilal Iqbal,Female,IT,Lahore,54,70570,sara.qureshi@example.com,2021-01-04
E10713,Zain Iqbal,Female,HR,,51,89946,bilal.sheikh@example.com,2016-06-02
E10714,Ayesha Ahmed,Female,HR,Islamabad,50,35916,zain.ahmed@example.com,2019-01-11
E10715,Ali Iqbal,Male,Marketing,Multan,42,58983,ahmed.hussain@example.com,2019-06-01
E10716,Ali Khan,Male,HR,Multan,43,58240,ayesha.malik@example.com,2017-02-09
E10717,Zain Iqbal,Female,IT,Lahore,38,54182,ali.malik@example.com,2016-11-07
E10718,Zain Iqbal,Male,Operations,Lahore,54,62212,sara.sheikh@example.com,2018-05-15
E10719,Nida Hussain,Male,Finance,Multan,40,83413,nida.iqbal@example.com,2022-11-20
E10720,Bilal Malik,Female,Sales,Lahore,24,84655,bilal.hussain@example.com,2020-07-11
E10721,Sara Iqbal,Female,HR,,22,54613,ali.khan@example.com,2015-07-28
E10722,Ali Khan,Female,IT,Islamabad,40,64532,ali.malik@example.com,2018-11-20
E10723,  Hina Qureshi  ,Female,IT,Faisalabad,31,50059,sara.raza@example.com,2018-04-21
E10724,Ahmed Qureshi,Female,,Karachi,26,30339,fatima.qureshi@example.com,2019-07-21
E10725,Sara Qureshi,Male,Finance,Faisalabad,22,35766,ali.malik@example.com,2019-02-05
E10726,Zain Raza,Female,Operations,Multan,53,81125,nida.raza@example.com,2016-07-27
E10727,Ali Qureshi,Male,Sales,Multan,55,60129,nida.raza@example.com,2017-10-03
E10728,Ahmed Malik,Female,HR,Lahore,55,84411,ayesha.iqbal@example.com,2019-07-23
E10729,Nida Iqbal,Female,Operations,Lahore,43,49437,fatima.sheikh@example.com,2018-04-14
E10730,Ali Hussain,Male,Operations,,51,69705,sarakhanexample.com,2021-04-01
E10731,Ayesha Malik,Female,,Islamabad,48,78836,hina.raza@example.com,2020-02-07
E10732,Zain Malik,Female,Finance,Islamabad,22,77747,ayesha.khan@example.com,2020-05-08
E10733,Fatima Ahmed,Male,Finance,,26,55048,hina.malik@example.com,2018-07-17
E10734,Omar Qureshi,Male,Operations,Karachi,47,75705,omar.raza@example.com,2021-03-12
E10735,Sara Raza,Male,,Karachi,48,Rs 43648,ayesha.qureshi@example.com,2019-01-05
E10736,Bilal Hussain,Female,HR,Multan,46,37012,hina.malik@example.com,2019-01-10
E10737,Omar Ahmed,Female,Sales,Islamabad,50,64694,zain.hussain@example.com,2015-03-19
E10738,Ayesha Raza,Female,Marketing,Lahore,35,70515,fatimaahmedexample.com,2022-07-25
E10739,Ahmed Qureshi,Male,IT,,33,70470,fatima.iqbal@example.com,2018-09-19
E10740,Ali Raza,Female,Finance,Karachi,53,79278,hina.khan@example.com,2020-07-12
E10741,Fatima Raza,Male,HR,Islamabad,34,64737,omar.hussain@example.com,2017-12-14
E10742,Ali Hussain,Female,IT,Multan,46,66573,omar.sheikh@example.com,2021-04-24
E10743,Nida Sheikh,Female,Finance,Islamabad,24,68388,omarqureshiexample.com,2020-06-24
E10744,Omar Ahmed,Male,Operations,Islamabad,53,41296,omar.sheikh@example.com,2020-05-01
E10745,Omar Malik,Female,Finance,Karachi,55,36746,sara.ahmed@example.com,2016-11-07
E10746,Nida Qureshi,Male,,,24,88511,ahmedrazaexample.com,2022-01-02
E10747,Hina Raza,Male,Marketing,,53,47735,omar.hussain@example.com,2017-05-10
E10748,Hina Raza,Female,Marketing,,33,47106,hina.qureshi@example.com,2017-11-18
E10749,Zain Iqbal,Male,HR,Faisalabad,23,85308,ayesha.hussain@example.com,2021-10-20
E10750,Ayesha Hussain,Female,,Islamabad,53,35818,ayesha.ahmed@example.com,2018-03-04
E10751,Ayesha Raza,Male,Operations,,54,78172,zain.iqbal@example.com,2020-11-30
E10752,Bilal Ahmed,Male,Marketing,Multan,37,68441,nida.qureshi@example.com,2020-01-11
E10753,Omar Ahmed,Male,Operations,Faisalabad,37,82500,ahmed.qureshi@example.com,2019-08-24
E10754,Sara Sheikh,Female,Finance,Multan,55,76243,bilal.malik@example.com,2016-01-10
E10755,Omar Qureshi,Male,HR,Karachi,26,43867,hina.qureshi@example.com,2021-09-11
E10756,Zain Malik,Female,HR,Islamabad,22,45724,nida.ahmed@example.com,2016-10-19
E10757,Sara Hussain,Male,Marketing,Lahore,28,Rs 68149,sara.raza@example.com,2015-12-19
E10758,Ahmed Qureshi,Male,,Multan,34,44207,fatima.raza@example.com,2019-08-07
E10759,Omar Qureshi,Female,Finance,Faisalabad,47,61926,fatima.raza@example.com,2019-03-07
E10760,Omar Khan,Female,IT,Karachi,30,61078,ayesha.malik@example.com,2015-04-16
E10761,Bilal Malik,Female,,Karachi,39,81217,ahmed.malik@example.com,2021-08-26
E10762,Sara Ahmed,Female,Sales,Lahore,22,55316,bilal.ahmed@example.com,2015-10-14
E10763,Ayesha Malik,Female,Operations,Karachi,54,88175,fatima.malik@example.com,2016-02-12
E10764,Ahmed Iqbal,Female,HR,Karachi,34,80613,omar.khan@example.com,2021-12-25
E10765,Ali Iqbal,Male,Operations,Multan,27,50388,omar.hussain@example.com,2015-03-10
E10766,Nida Raza,Male,Finance,,43,37081,hina.raza@example.com,2022-05-10
E10767,Fatima Hussain,Male,Marketing,Lahore,31,Rs 82557,sara.iqbal@example.com,2015-01-18
E10768,Omar Raza,Female,Operations,Lahore,46,31279,fatima.malik@example.com,2018-02-08
E10769,  Bilal Qureshi  ,Male,,Karachi,38,34440,ahmed.iqbal@example.com,2021-03-11
E10770,Zain Ahmed,Female,,,47,56667,nidasheikhexample.com,05/11/2018
E10771,Ali Raza,Female,Marketing,Lahore,52,55281,ali.hussain@example.com,2016-06-07
E10772,Sara Hussain,Male,HR,Faisalabad,40,85459,ahmed.sheikh@example.com,2016-10-23
E10773,Hina Malik,Male,Operations,Lahore,38,36024,zain.hussain@example.com,2020-10-09
E10774,Omar Iqbal,Female,IT,Lahore,42,37427,bilal.raza@example.com,2020-07-31
E10775,Nida Sheikh,Female,,Karachi,48,72305,bilal.khan@example.com,2015-04-28
E10776,Ayesha Khan,Female,Marketing,Lahore,34,68362,fatima.khan@example.com,2015-11-27
E10777,Nida Sheikh,Female,IT,,33,44510,sara.raza@example.com,2015-11-17
E10778,  Ali Khan  ,Female,Marketing,Islamabad,31,77762,zain.sheikh@example.com,2022-04-08
E10779,Ahmed Malik,Male,,Faisalabad,43,Rs 33356,aliahmedexample.com,2019-03-14
E10780,Ali Malik,Female,HR,Faisalabad,23,Rs 30395,ali.qureshi@example.com,2019-09-02
E10781,Omar Malik,Female,HR,Lahore,45,68292,ahmed.raza@example.com,2015-10-12
E10782,Nida Qureshi,Male,,Lahore,41,55488,omar.sheikh@example.com,20/12/2018
E10783,Zain Hussain,Male,HR,,46,51470,zain.sheikh@example.com,2020-02-18
E10784,Nida Malik,Female,IT,Faisalabad,51,54046,sara.malik@example.com,2018-01-19
E10785,  Ahmed Raza  ,Male,Sales,Islamabad,55,81533,omar.raza@example.com,2015-08-27
E10786,Bilal Sheikh,Male,HR,Multan,55,72323,zain.khan@example.com,2020-11-25
E10787,Sara Hussain,Male,Operations,,40,85350,omar.ahmed@example.com,2020-12-17
E10788,Omar Khan,Female,Finance,Islamabad,54,65449,ayesha.raza@example.com,13/07/2020
E10789,Bilal Iqbal,Female,IT,Islamabad,22,Rs 61355,hina.khan@example.com,2017-10-09
E10790,Sara Raza,Male,HR,Islamabad,45,33506,ali.sheikh@example.com,2020-06-08
E10791,Zain Hussain,Female,Operations,Multan,43,57360,zain.khan@example.com,2022-10-17
E10792,Hina Qureshi,Male,IT,,38,69242,hina.malik@example.com,25/10/2016
E10793,Sara Iqbal,Female,Finance,Multan,52,51355,fatima.hussain@example.com,2015-10-12
E10794,Fatima Ahmed,Male,Operations,Karachi,40,66127,ahmed.malik@example.com,28/07/2020
E10795,Ahmed Sheikh,Male,Operations,Islamabad,33,71311,fatima.khan@example.com,2022-05-19
E10796,Ahmed Sheikh,Male,Operations,,22,30878,ayesha.khan@example.com,2020-03-25
E10797,Ali Iqbal,Male,Marketing,,23,Rs 86338,ahmed.hussain@example.com,2016-04-27
E10798,Ahmed Iqbal,Male,Marketing,Karachi,30,38119,bilal.iqbal@example.com,2021-10-03
E10799,Ahmed Qureshi,Male,Marketing,Karachi,31,65860,sara.iqbal@example.com,04/09/2017
E10800,Sara Khan,Female,Finance,Faisalabad,36,51621,omarrazaexample.com,2017-06-12
E10801,Omar Hussain,Male,,Karachi,41,54244,zain.qureshi@example.com,2019-02-24
E10802,Omar Raza,Male,Marketing,Karachi,36,55465,sara.ahmed@example.com,2016-12-04
E10803,Sara Ahmed,Male,HR,Faisalabad,50,46827,zain.khan@example.com,2020-09-17
E10804,Nida Malik,Male,,Lahore,28,39833,omar.iqbal@example.com,2022-01-19
E10805,Hina Iqbal,Female,IT,Karachi,40,36360,sara.malik@example.com,2021-07-01
E10806,Sara Sheikh,Male,Marketing,Karachi,33,50190,hina.hussain@example.com,2022-03-17
E10807,Nida Malik,Male,Finance,,40,71049,omar.khan@example.com,2017-06-02
E10808,Sara Sheikh,Male,,,34,31503,zain.sheikh@example.com,2022-07-31
E10809,Ayesha Sheikh,Female,Finance,Lahore,54,63292,bilal.iqbal@example.com,2019-04-18
E10810,Omar Qureshi,Female,Finance,Faisalabad,54,71949,nida.sheikh@example.com,25/03/2015
E10811,Ayesha Iqbal,Female,,,25,79537,hina.ahmed@example.com,2016-02-11
E10812,Sara Qureshi,Female,IT,Karachi,29,52521,bilal.iqbal@example.com,2018-08-22
E10813,Nida Ahmed,Female,IT,Multan,37,87807,ahmed.ahmed@example.com,2021-04-06
E10814,Ayesha Sheikh,Female,Operations,Multan,51,41073,ali.sheikh@example.com,2017-01-13
E10815,Nida Iqbal,Male,Sales,Faisalabad,33,32305,bilalqureshiexample.com,2017-10-26
E10816,Zain Hussain,Male,HR,,39,85448,sara.qureshi@example.com,03/11/2020
E10817,Zain Raza,Male,Marketing,Islamabad,32,85112,sara.iqbal@example.com,2016-07-23
E10818,Omar Iqbal,Male,Marketing,Faisalabad,40,69517,fatima.hussain@example.com,2015-04-25
E10819,Ahmed Malik,Female,Operations,Faisalabad,24,54157,nidaiqbalexample.com,2016-12-24
E10820,  Sara Raza  ,Female,Marketing,Karachi,47,65888,sara.malik@example.com,2015-11-19
E10821,Zain Khan,Male,Operations,Islamabad,48,56836,ali.hussain@example.com,2015-01-29
E10822,Bilal Khan,Female,Marketing,Faisalabad,42,,ali.raza@example.com,2018-02-14
E10823,Hina Qureshi,Male,Marketing,Faisalabad,53,47315,bilal.hussain@example.com,2020-01-08
E10824,Fatima Ahmed,Female,HR,,36,44010,ayesha.raza@example.com,2017-09-16
E10825,Nida Khan,Male,,Lahore,55,62781,bilal.ahmed@example.com,2016-03-21
E10826,Omar Sheikh,Female,Operations,Faisalabad,43,38264,sara.khan@example.com,2019-01-21
E10827,Bilal Qureshi,Male,Sales,Islamabad,36,74731,hina.ahmed@example.com,05/07/2015
E10828,Ali Sheikh,Male,Sales,Multan,51,66829,ayeshaahmedexample.com,2020-12-23
E10829,Nida Malik,Female,HR,Faisalabad,42,39678,sara.qureshi@example.com,2021-08-22
E10830,Ali Hussain,Female,IT,Faisalabad,28,73387,omar.ahmed@example.com,2015-04-03
E10831,Sara Qureshi,Male,Operations,Multan,33,35923,ali.raza@example.com,2020-06-14
E10832,Omar Sheikh,Female,HR,Karachi,31,81561,omar.iqbal@example.com,2021-12-17
E10833,Omar Iqbal,Male,Operations,Karachi,22,72763,bilal.hussain@example.com,2017-02-14
E10834,Sara Sheikh,Female,HR,Faisalabad,53,66315,omar.sheikh@example.com,2022-09-07
E10835,Bilal Hussain,Male,Sales,Multan,30,64126,fatima.hussain@example.com,2016-05-23
E10836,Ali Sheikh,Male,,Islamabad,27,74507,bilal.ahmed@example.com,2022-02-03
E10837,Fatima Qureshi,Female,HR,Faisalabad,42,61643,zain.malik@example.com,2022-07-22
E10838,Sara Qureshi,Female,Operations,Islamabad,25,48652,bilal.qureshi@example.com,2019-07-21
E10839,Nida Raza,Female,IT,Islamabad,43,56765,hina.khan@example.com,2015-12-03
E10840,Fatima Qureshi,Female,HR,Multan,46,55547,sara.sheikh@example.com,2020-06-25
E10841,Fatima Ahmed,Female,IT,Karachi,22,38396,fatima.raza@example.com,2017-02-14
E10842,Ayesha Hussain,Female,Finance,Multan,33,38290,alirazaexample.com,2020-12-24
E10843,Zain Malik,Male,HR,Lahore,33,60085,zain.sheikh@example.com,2017-07-03
E10844,Hina Raza,Female,Marketing,,31,40006,ayesha.sheikh@example.com,2021-01-12
E10845,Hina Khan,Male,Operations,Karachi,39,38728,bilal.khan@example.com,2018-03-02
E10846,Bilal Iqbal,Male,IT,Multan,53,61735,omar.khan@example.com,2016-05-20
E10847,Fatima Iqbal,Male,Finance,Lahore,24,89289,fatima.raza@example.com,2020-02-17
E10848,Hina Iqbal,Male,Sales,,36,79801,sara.sheikh@example.com,2016-03-10
E10849,Ayesha Ahmed,Female,HR,Karachi,32,36459,ayeshaahmedexample.com,2017-04-09
E10850,Zain Sheikh,Female,Operations,Islamabad,27,76597,sara.iqbal@example.com,2016-12-14
E10851,Ali Khan,Male,Operations,Islamabad,37,77310,ayesha.qureshi@example.com,2022-03-25
E10852,Fatima Iqbal,Male,IT,Multan,34,Rs 42422,nida.raza@example.com,2021-05-19
E10853,Ali Sheikh,Male,,Faisalabad,51,30522,bilal.khan@example.com,2015-03-25
E10854,Ayesha Hussain,Female,IT,Faisalabad,23,37282,nida.ahmed@example.com,2017-12-16
E10855,Bilal Sheikh,Female,,Islamabad,25,76811,ali.ahmed@example.com,2019-01-19
E10856,Sara Sheikh,Female,HR,Islamabad,46,68261,omar.hussain@example.com,2016-05-02
E10857,Ali Qureshi,Male,Sales,Faisalabad,41,53256,hina.malik@example.com,2015-09-03
E10858,Bilal Raza,Male,Sales,Faisalabad,22,40456,ayesha.qureshi@example.com,2022-04-16
E10859,Hina Raza,Female,Marketing,Faisalabad,48,32936,ayesha.sheikh@example.com,2021-06-19
E10860,Fatima Hussain,Male,Sales,,39,43762,ali.hussain@example.com,2018-05-24
E10861,  Ayesha Sheikh  ,Female,Sales,Lahore,31,44785,ahmed.khan@example.com,2017-06-17
E10862,Ayesha Khan,Male,,Faisalabad,36,53822,bilal.ahmed@example.com,26/05/2016
E10863,Hina Khan,Male,HR,Lahore,45,44926,bilal.ahmed@example.com,2020-04-09
E10864,Ayesha Qureshi,Female,IT,Multan,42,63878,fatima.raza@example.com,2018-10-07
E10865,Ahmed Iqbal,Female,IT,Multan,45,63230,zain.qureshi@example.com,2022-10-20
E10866,Ayesha Qureshi,Female,Operations,Lahore,24,,bilal.malik@example.com,2022-11-13
E10867,Omar Raza,Female,Sales,Faisalabad,50,80180,zain.qureshi@example.com,2016-06-23
E10868,Fatima Malik,Male,,Islamabad,34,Rs 48416,zain.raza@example.com,2018-01-30
E10869,Fatima Ahmed,Male,HR,Multan,33,86060,omar.raza@example.com,18/11/2018
E10870,Ali Khan,Female,,Faisalabad,22,36950,hina.iqbal@example.com,2015-09-19
E10871,Ahmed Khan,Female,Finance,Karachi,24,Rs 56594,omar.ahmed@example.com,10/08/2021
E10872,Nida Hussain,Female,Sales,Lahore,55,33834,ali.qureshi@example.com,2015-06-21
E10873,Zain Sheikh,Female,Finance,Multan,30,Rs 50414,nida.raza@example.com,2017-08-13
E10874,Ayesha Raza,Female,Marketing,Karachi,30,70283,hina.sheikh@example.com,2018-09-03
E10875,Ali Raza,Male,HR,Multan,41,89761,sara.khan@example.com,2018-04-09
E10876,Hina Sheikh,Male,Marketing,Islamabad,39,55377,hina.khan@example.com,2021-09-08
E10877,Fatima Khan,Male,HR,Multan,29,42690,nida.hussain@example.com,2017-09-17
E10878,  Bilal Raza  ,Female,Sales,,36,57472,fatima.hussain@example.com,2022-08-29
E10879,Sara Hussain,Female,HR,Islamabad,24,47332,fatima.hussain@example.com,2018-09-28
E10880,Zain Raza,Female,Operations,Faisalabad,46,38307,zain.malik@example.com,2018-09-03
E10881,Fatima Raza,Male,Finance,Faisalabad,28,40119,bilal.qureshi@example.com,2022-10-03
E10882,Omar Sheikh,Female,IT,Faisalabad,22,63947,bilalrazaexample.com,2020-04-28
E10883,Bilal Khan,Male,Operations,Faisalabad,54,85617,ali.hussain@example.com,2016-08-18
E10884,Ahmed Iqbal,Female,,Faisalabad,45,38249,fatima.ahmed@example.com,2022-10-18
E10885,Sara Malik,Female,IT,Multan,42,85697,sara.malik@example.com,2021-01-14
E10886,Omar Iqbal,Male,IT,Karachi,53,38285,ayesha.sheikh@example.com,2021-10-19
E10887,  Hina Hussain  ,Male,HR,Islamabad,25,65248,sara.khan@example.com,2018-01-04
E10888,Sara Khan,Male,Marketing,Islamabad,39,35908,nida.hussain@example.com,2015-09-10
E10889,Zain Hussain,Female,Marketing,Islamabad,29,83520,bilal.hussain@example.com,2021-11-19
E10890,Ali Iqbal,Male,HR,Multan,34,54637,ali.hussain@example.com,2020-06-03
E10891,Omar Hussain,Male,IT,Karachi,48,83060,ahmed.iqbal@example.com,2016-06-28
E10892,Ali Khan,Female,HR,Lahore,38,53558,sara.malik@example.com,2017-05-02
E10893,Zain Hussain,Female,,Karachi,22,47453,sarakhanexample.com,2018-09-06
E10894,Fatima Khan,Male,Operations,,46,47532,bilal.malik@example.com,2017-02-01
E10895,Ahmed Qureshi,Male,IT,Faisalabad,39,67417,nida.qureshi@example.com,2022-07-31
E10896,Ayesha Iqbal,Male,HR,,28,49672,omarahmedexample.com,2019-07-15
E10897,Ayesha Khan,Female,Operations,Islamabad,45,80341,ahmed.qureshi@example.com,2016-12-12
E10898,Zain Malik,Male,Sales,Karachi,28,73159,omar.sheikh@example.com,2018-07-05
E10899,Ali Ahmed,Female,IT,,29,51490,nida.hussain@example.com,2017-04-09
E10900,Nida Iqbal,Female,IT,Lahore,54,87688,nida.sheikh@example.com,2021-08-18
E10901,Omar Malik,Female,Finance,Faisalabad,30,59177,hina.ahmed@example.com,2020-05-24
E10902,Sara Malik,Female,Marketing,Karachi,33,Rs 89629,ali.raza@example.com,2016-02-26
E10903,Ayesha Ahmed,Female,Marketing,Multan,32,65589,ali.malik@example.com,2022-08-02
E10904,Sara Sheikh,Male,IT,Islamabad,40,49322,bilal.hussain@example.com,2015-10-23
E10905,Bilal Khan,Male,Sales,Faisalabad,29,58338,ahmed.sheikh@example.com,2015-06-27
E10906,Bilal Raza,Male,IT,Karachi,36,65979,zain.ahmed@example.com,24/10/2016
E10907,Hina Hussain,Male,HR,,32,88935,sara.qureshi@example.com,2020-05-31
E10908,Zain Khan,Female,Finance,Faisalabad,45,58138,ayesha.iqbal@example.com,2019-05-22
E10909,Zain Qureshi,Male,Finance,Lahore,25,56739,hina.raza@example.com,2018-03-26
E10910,Ayesha Ahmed,Female,,Faisalabad,26,82420,ali.raza@example.com,2021-03-05
E10911,  Sara Ahmed  ,Female,HR,Faisalabad,23,35186,zain.hussain@example.com,2016-06-18
E10912,Ahmed Malik,Female,Marketing,Lahore,30,,zain.raza@example.com,2022-06-18
E10913,Fatima Sheikh,Female,Marketing,,37,70949,fatima.ahmed@example.com,2020-06-30
E10914,Fatima Iqbal,Female,Sales,Lahore,33,88436,saraqureshiexample.com,2022-09-02
E10915,Hina Qureshi,Female,IT,Karachi,34,Rs 54064,nida.ahmed@example.com,2019-02-15
E10916,Bilal Sheikh,Male,,Karachi,32,67966,zain.ahmed@example.com,2017-06-01
E10917,Sara Malik,Male,Operations,Lahore,29,68539,fatima.iqbal@example.com,2020-02-15
E10918,Zain Khan,Female,HR,Karachi,35,46681,ahmed.hussain@example.com,2015-05-20
E10919,Ali Hussain,Male,HR,Lahore,30,40868,zainahmedexample.com,2015-10-17
E10920,Fatima Khan,Female,,Islamabad,42,52669,omar.khan@example.com,2022-09-30
E10921,Nida Qureshi,Female,Marketing,,54,71046,ali.sheikh@example.com,2016-09-22
E10922,Bilal Iqbal,Male,Marketing,Lahore,29,89760,bilal.ahmed@example.com,2018-09-01
E10923,Zain Sheikh,Female,Marketing,Karachi,40,66372,omar.hussain@example.com,2019-07-29
E10924,Sara Ahmed,Female,Sales,,33,58293,ali.raza@example.com,2015-04-14
E10925,Fatima Hussain,Male,Sales,,53,84186,hinaqureshiexample.com,2017-04-15
E10926,  Fatima Sheikh  ,Male,HR,Faisalabad,36,60423,omar.hussain@example.com,2021-04-15
E10927,Fatima Iqbal,Female,Operations,Islamabad,42,52337,ayesha.iqbal@example.com,2017-06-10
E10928,Hina Qureshi,Female,Operations,Lahore,24,78205,bilal.sheikh@example.com,2015-10-06
E10929,Ahmed Malik,Male,,Karachi,33,38035,bilal.hussain@example.com,2018-10-30
E10930,  Hina Raza  ,Female,HR,Multan,30,77115,zain.malik@example.com,2019-01-22
E10931,Zain Ahmed,Male,Sales,Faisalabad,28,37950,fatima.sheikh@example.com,2022-08-05
E10932,Ayesha Qureshi,Male,Finance,Islamabad,39,71021,ali.qureshi@example.com,2017-08-17
E10933,Fatima Malik,Female,,Lahore,27,53979,zain.ahmed@example.com,2022-08-10
E10934,Omar Khan,Female,Marketing,Islamabad,47,,ahmedrazaexample.com,2019-02-09
E10935,Fatima Qureshi,Male,Sales,Islamabad,27,60771,fatima.iqbal@example.com,2022-04-12
E10936,Ali Malik,Female,Operations,Lahore,25,66466,ali.raza@example.com,2017-12-01
E10937,Ayesha Sheikh,Male,,,27,64287,nida.raza@example.com,2016-02-29
E10938,Sara Raza,Male,Finance,Multan,43,37971,nida.hussain@example.com,2020-01-30
E10939,Bilal Iqbal,Female,Operations,,36,Rs 58616,zain.khan@example.com,25/06/2015
E10940,Bilal Raza,Male,,Islamabad,31,47928,ayesha.qureshi@example.com,2022-01-19
E10941,Omar Malik,Male,HR,Karachi,27,73215,omar.hussain@example.com,2016-11-21
E10942,  Bilal Raza  ,Male,Sales,Karachi,22,32901,sara.raza@example.com,2016-05-04
E10943,Hina Hussain,Female,,Multan,43,33821,aliahmedexample.com,2021-11-26
E10944,Ahmed Malik,Female,Marketing,Lahore,52,34136,bilal.sheikh@example.com,2019-12-26
E10945,Nida Qureshi,Female,Sales,Lahore,54,88527,ahmed.iqbal@example.com,2021-03-24
E10946,Nida Sheikh,Female,Operations,Faisalabad,41,56059,nida.raza@example.com,2015-01-16
E10947,Fatima Iqbal,Male,Operations,Multan,33,34080,ayesha.qureshi@example.com,2016-07-21
E10948,Sara Raza,Female,,Multan,27,69935,hina.qureshi@example.com,2021-08-03
E10949,Hina Ahmed,Male,Finance,Multan,40,71153,omar.raza@example.com,2016-11-23
E10950,Ayesha Ahmed,Male,Finance,Islamabad,37,,ali.malik@example.com,2016-02-04
E10951,Bilal Iqbal,Female,IT,Lahore,42,51730,ayesha.malik@example.com,2018-10-31
E10952,Ahmed Hussain,Female,Sales,Faisalabad,29,Rs 80363,omar.malik@example.com,2020-05-08
E10953,Nida Qureshi,Male,HR,Lahore,41,76560,fatima.qureshi@example.com,2017-01-11
E10954,Sara Khan,Female,Operations,Lahore,29,Rs 85965,nida.iqbal@example.com,2017-06-16
E10955,Nida Khan,Female,IT,Karachi,51,30669,ali.iqbal@example.com,2015-12-24
E10956,Hina Raza,Male,Finance,Karachi,27,62805,sara.ahmed@example.com,2020-06-29
E10957,Zain Hussain,Male,,Karachi,53,47949,bilalahmedexample.com,2020-08-31
E10958,Fatima Qureshi,Female,IT,,48,86972,sara.hussain@example.com,2019-06-06
E10959,Zain Hussain,Female,Marketing,Multan,37,63933,nida.malik@example.com,2019-08-20
E10960,Ali Qureshi,Male,HR,Lahore,23,60888,ahmed.khan@example.com,2019-12-30
E10961,Ayesha Iqbal,Female,Finance,Multan,28,79821,zain.ahmed@example.com,2021-02-21
E10962,Fatima Hussain,Female,IT,Karachi,28,51526,fatima.sheikh@example.com,15/12/2021
E10963,Zain Qureshi,Male,HR,Islamabad,28,70085,hina.malik@example.com,2018-09-14
E10964,Nida Malik,Female,Finance,Multan,44,71159,ahmed.iqbal@example.com,2016-10-14
E10965,Ali Hussain,Male,Marketing,Faisalabad,39,80137,nida.ahmed@example.com,2022-08-05
E10966,Nida Raza,Male,Marketing,,35,62019,hina.malik@example.com,2020-11-05
E10967,Bilal Ahmed,Female,Sales,Islamabad,29,33897,zain.malik@example.com,2020-05-20
E10968,Nida Khan,Male,IT,Karachi,49,32151,hina.hussain@example.com,2022-03-21
E10969,Nida Iqbal,Female,Marketing,Karachi,50,70957,zain.raza@example.com,2018-09-10
E10970,Fatima Qureshi,Male,Marketing,Multan,25,33501,ayesharazaexample.com,2015-04-11
E10971,Sara Qureshi,Male,,Multan,27,83483,ayesha.sheikh@example.com,2017-10-15
E10972,Bilal Malik,Female,Sales,Islamabad,40,63959,ahmed.qureshi@example.com,2016-04-09
E10973,Bilal Hussain,Female,Marketing,Faisalabad,29,55865,ahmed.raza@example.com,2015-09-20
E10974,Sara Hussain,Male,Marketing,Islamabad,22,Rs 33577,ayesha.hussain@example.com,2019-11-01
E10975,Hina Raza,Female,Sales,Multan,41,31264,bilal.malik@example.com,2022-10-04
E10976,Hina Malik,Male,,Islamabad,55,Rs 79505,ali.ahmed@example.com,2022-02-18
E10977,Hina Qureshi,Female,Finance,,30,71620,ali.ahmed@example.com,2021-08-07
E10978,Ahmed Raza,Male,,Karachi,23,45806,ahmed.qureshi@example.com,2015-03-18
E10979,Ali Khan,Male,,Lahore,48,70594,zain.sheikh@example.com,2021-05-17
E10980,Bilal Raza,Female,Sales,Lahore,38,67356,nida.hussain@example.com,2019-12-18
E10981,Ayesha Sheikh,Male,HR,Karachi,44,87605,nida.iqbal@example.com,2019-07-12
E10982,Bilal Ahmed,Male,Sales,Karachi,46,59571,fatima.ahmed@example.com,2016-05-29
E10983,Sara Raza,Male,Finance,Karachi,31,53492,zain.qureshi@example.com,2015-03-08
E10984,Nida Ahmed,Male,Sales,Karachi,23,Rs 50707,sara.iqbal@example.com,2018-02-26
E10985,Bilal Ahmed,Male,Operations,Faisalabad,23,75375,nida.malik@example.com,2018-04-07
E10986,Ali Sheikh,Female,Operations,,34,44649,fatima.ahmed@example.com,2019-05-29
E10987,Ayesha Iqbal,Female,Marketing,Islamabad,33,64071,omarrazaexample.com,2016-05-01
E10988,Ayesha Qureshi,Male,Sales,Islamabad,53,76188,fatimaqureshiexample.com,2022-01-21
E10989,Fatima Malik,Male,Finance,Karachi,34,37248,ayesha.iqbal@example.com,2015-04-06
E10990,Hina Sheikh,Male,IT,Multan,49,57141,nida.khan@example.com,2021-05-15
E10991,Ali Raza,Male,Finance,,45,31684,sara.iqbal@example.com,2021-12-10
E10992,Ayesha Raza,Male,Marketing,Multan,31,66428,nida.raza@example.com,2020-04-17
E10993,Hina Malik,Male,HR,Multan,35,51089,nida.sheikh@example.com,2017-08-04
E10994,Nida Ahmed,Male,IT,Karachi,51,71172,ali.qureshi@example.com,2022-02-24
E10995,Nida Raza,Female,HR,Lahore,30,85251,ayesha.sheikh@example.com,2021-12-10
E10996,Fatima Ahmed,Female,Finance,,45,57826,ahmed.sheikh@example.com,2022-06-25
E10997,Hina Khan,Female,HR,Islamabad,30,57753,zain.hussain@example.com,2016-11-18
E10998,  Ayesha Khan  ,Female,Marketing,Faisalabad,25,50562,fatima.raza@example.com,2016-12-22
E10999,Ahmed Qureshi,Male,IT,Islamabad,42,Rs 61233,sara.iqbal@example.com,2018-12-18
